[2026-02-28 03:32:32] ======================================================================
[2026-02-28 03:32:32] RAG Token Training: P10_rag_token_oracle07_noctx0_8b
[2026-02-28 03:32:32] no_context=0.00, oracle=0.70, real_rag=0.30, max_rag=4
[2026-02-28 03:32:32] ======================================================================
[2026-02-28 03:32:32] 🤖 Loading base model: llava-llama
[2026-02-28 03:32:32] 📂 Model path: results/base_model/E29_merged
[2026-02-28 03:32:32] ⚡ Flash attention: False
[2026-02-28 03:32:32] 💾 Quantization: 8bit=False, 4bit=False
[2026-02-28 03:34:46] ✅ Base model loaded successfully
[2026-02-28 03:34:46] 📊 Model config: hidden_size=4096, vocab_size=128268
[2026-02-28 03:34:46] 🔤 Tokenizer vocab size: 128268
[2026-02-28 03:34:46] 🔧 Per-organ input dims: {'whole_ct': 512, 'lung': 256, 'heart': 256, 'esophagus': 256, 'aorta': 256}
[2026-02-28 03:34:46] 🔧 Projector: independent (5 MLPs), 2-layer, per-organ dims={'whole_ct': 512, 'lung': 256, 'heart': 256, 'esophagus': 256, 'aorta': 256}, tokens_per_embedding=1
[2026-02-28 03:34:46] 🔧 Projector initialized: 256 -> 4096
[2026-02-28 03:34:47] 📦 Loaded projector.pt from merged dir: 20 keys
[2026-02-28 03:34:47] 🎯 Added 4 task tokens + 5 organ tokens + 1 provided token
[2026-02-28 03:34:47] 🔤 Final tokenizer vocab size: 128268
[2026-02-28 03:34:47] 📋 Using config-specified target modules: ['down_proj', 'gate_proj', 'k_proj', 'o_proj', 'q_proj', 'up_proj', 'v_proj']
[2026-02-28 03:34:52] 🎯 Training mode: LoRA fine-tuning
[2026-02-28 03:34:52] 🔧 LoRA config: r=32, alpha=64, dropout=0.05
[2026-02-28 03:34:52] 🎯 Target modules (7): ['down_proj', 'gate_proj', 'k_proj', 'o_proj', 'q_proj', 'up_proj', 'v_proj']
[2026-02-28 03:34:52] 🔒 Projector FROZEN (freeze_projector=True)
[2026-02-28 03:34:53] 📈 Training summary:
[2026-02-28 03:34:53]    🎯 Total parameters: 8204.46M
[2026-02-28 03:34:53]    🔥 Trainable parameters: 1134.66M (13.8%)
[2026-02-28 03:34:53]    📱 Device: cuda, dtype: torch.bfloat16
[2026-02-28 03:34:53] Added 3 RAG tokens: ['<|ret_start|>', '<|ret_end|>', '[RAG]']
[2026-02-28 03:34:53] Final vocab size: 128271
[2026-02-28 03:34:53] ret_start_id=128268, ret_end_id=128269, rag_token_id=128270
[2026-02-28 03:34:53] RagTokenDataset: no_context=0.00, oracle=0.70, real_rag=0.30, max_rag_per_sample=4
[2026-02-28 03:34:53] Loading CSV reports: /orange/xujie/liang.renjie/DATA/dataset/CT-RATE/dataset/radiology_text_reports/train_reports.csv
[2026-02-28 03:34:53]   47149 reports loaded from CSV
[2026-02-28 03:34:53]   Loading precomputed context: results/P2_rag/oracle/oracle_context_top3.jsonl
[2026-02-28 03:35:12]     Index: 861951 (sample_id, sentence) pairs from 46407 samples
[2026-02-28 03:35:13]   Loading precomputed context: results/P2_rag/real_retrieval/retrieval_context_top3.jsonl
[2026-02-28 03:35:32]     Index: 861951 (sample_id, sentence) pairs from 46407 samples
[2026-02-28 03:35:35]   Skipped 742 samples without embeddings
[2026-02-28 03:35:35]   Final: 46407 samples
[2026-02-28 03:35:35] Dataset: 46407 items | Steps: 10000 | Output: results/rag_oracle_20260228_033232/P10_rag_token_oracle07_noctx0_8b
[2026-02-28 03:35:46] Saved: results/rag_oracle_20260228_033232/P10_rag_token_oracle07_noctx0_8b/checkpoints/step_1
[2026-02-28 03:35:55] Step 10/10000 | loss=0.9952 | lr=2.50e-07 | grad_norm=6.719 | mask=69.58% (active=2436, masked=5572) | no_ctx=0.00 oracle=0.62 real_rag=0.38 | gc=0.00 | rag_trigger=4.00 | rag_emb_grad=7.38e-01
[2026-02-28 03:36:06] Step 20/10000 | loss=1.0093 | lr=5.00e-07 | grad_norm=6.125 | mask=66.23% (active=3007, masked=5897) | no_ctx=0.00 oracle=0.62 real_rag=0.38 | gc=0.00 | rag_trigger=4.00 | rag_emb_grad=8.55e-01
[2026-02-28 03:36:16] Step 30/10000 | loss=0.9382 | lr=7.50e-07 | grad_norm=6.031 | mask=61.51% (active=2765, masked=4419) | no_ctx=0.00 oracle=0.88 real_rag=0.12 | gc=0.00 | rag_trigger=4.00 | rag_emb_grad=6.29e-01
[2026-02-28 03:36:26] Step 40/10000 | loss=0.9577 | lr=1.00e-06 | grad_norm=6.062 | mask=63.73% (active=2922, masked=5134) | no_ctx=0.00 oracle=0.50 real_rag=0.50 | gc=0.00 | rag_trigger=4.00 | rag_emb_grad=7.19e-01
[2026-02-28 03:36:36] Step 50/10000 | loss=0.9549 | lr=1.25e-06 | grad_norm=5.719 | mask=67.82% (active=2675, masked=5637) | no_ctx=0.00 oracle=0.62 real_rag=0.38 | gc=0.00 | rag_trigger=4.00 | rag_emb_grad=6.09e-01
[2026-02-28 03:36:46] Step 60/10000 | loss=0.9685 | lr=1.50e-06 | grad_norm=5.344 | mask=62.89% (active=2963, masked=5021) | no_ctx=0.00 oracle=0.50 real_rag=0.50 | gc=0.00 | rag_trigger=4.00 | rag_emb_grad=7.15e-01
[2026-02-28 03:36:57] Step 70/10000 | loss=0.9252 | lr=1.75e-06 | grad_norm=5.062 | mask=53.94% (active=3331, masked=3901) | no_ctx=0.00 oracle=1.00 real_rag=0.00 | gc=0.00 | rag_trigger=4.00 | rag_emb_grad=5.55e-01
[2026-02-28 03:37:07] Step 80/10000 | loss=0.9122 | lr=2.00e-06 | grad_norm=5.812 | mask=62.37% (active=3646, masked=6042) | no_ctx=0.00 oracle=0.62 real_rag=0.38 | gc=0.00 | rag_trigger=4.00 | rag_emb_grad=5.12e-01
[2026-02-28 03:37:17] Step 90/10000 | loss=0.8214 | lr=2.25e-06 | grad_norm=4.469 | mask=60.24% (active=2465, masked=3735) | no_ctx=0.00 oracle=0.62 real_rag=0.38 | gc=0.00 | rag_trigger=4.00 | rag_emb_grad=5.00e-01
[2026-02-28 03:37:27] Step 100/10000 | loss=0.8448 | lr=2.50e-06 | grad_norm=4.562 | mask=63.38% (active=2886, masked=4994) | no_ctx=0.00 oracle=0.62 real_rag=0.38 | gc=0.00 | rag_trigger=4.00 | rag_emb_grad=5.31e-01
[2026-02-28 03:37:37] Step 110/10000 | loss=0.7689 | lr=2.75e-06 | grad_norm=3.766 | mask=61.53% (active=3010, masked=4814) | no_ctx=0.00 oracle=0.50 real_rag=0.50 | gc=0.00 | rag_trigger=4.00 | rag_emb_grad=3.63e-01
[2026-02-28 03:37:47] Step 120/10000 | loss=0.7232 | lr=3.00e-06 | grad_norm=5.219 | mask=68.26% (active=2181, masked=4691) | no_ctx=0.00 oracle=0.75 real_rag=0.25 | gc=0.00 | rag_trigger=4.00 | rag_emb_grad=6.33e-01
[2026-02-28 03:37:58] Step 130/10000 | loss=0.7125 | lr=3.25e-06 | grad_norm=4.125 | mask=55.60% (active=3598, masked=4506) | no_ctx=0.00 oracle=0.75 real_rag=0.25 | gc=0.00 | rag_trigger=4.00 | rag_emb_grad=3.63e-01
[2026-02-28 03:38:07] Step 140/10000 | loss=0.6123 | lr=3.50e-06 | grad_norm=3.016 | mask=63.04% (active=3004, masked=5124) | no_ctx=0.00 oracle=0.62 real_rag=0.38 | gc=0.00 | rag_trigger=4.00 | rag_emb_grad=2.58e-01
[2026-02-28 03:38:16] Step 150/10000 | loss=0.6038 | lr=3.75e-06 | grad_norm=3.547 | mask=62.20% (active=2247, masked=3697) | no_ctx=0.00 oracle=0.75 real_rag=0.25 | gc=0.00 | rag_trigger=4.00 | rag_emb_grad=3.11e-01
[2026-02-28 03:38:27] Step 160/10000 | loss=0.6325 | lr=4.00e-06 | grad_norm=2.797 | mask=61.20% (active=3082, masked=4862) | no_ctx=0.00 oracle=0.75 real_rag=0.25 | gc=0.00 | rag_trigger=4.00 | rag_emb_grad=3.20e-01
[2026-02-28 03:38:38] Step 170/10000 | loss=0.5681 | lr=4.25e-06 | grad_norm=2.125 | mask=65.43% (active=2777, masked=5255) | no_ctx=0.00 oracle=0.62 real_rag=0.38 | gc=0.00 | rag_trigger=4.00 | rag_emb_grad=2.21e-01
[2026-02-28 03:38:48] Step 180/10000 | loss=0.5586 | lr=4.50e-06 | grad_norm=2.344 | mask=59.92% (active=3117, masked=4659) | no_ctx=0.00 oracle=0.62 real_rag=0.38 | gc=0.00 | rag_trigger=4.00 | rag_emb_grad=2.30e-01
[2026-02-28 03:38:59] Step 190/10000 | loss=0.5486 | lr=4.75e-06 | grad_norm=2.219 | mask=55.89% (active=3102, masked=3930) | no_ctx=0.00 oracle=1.00 real_rag=0.00 | gc=0.00 | rag_trigger=4.00 | rag_emb_grad=2.16e-01
[2026-02-28 03:39:09] Step 200/10000 | loss=0.5469 | lr=5.00e-06 | grad_norm=2.281 | mask=63.70% (active=3006, masked=5274) | no_ctx=0.00 oracle=0.25 real_rag=0.75 | gc=0.00 | rag_trigger=4.00 | rag_emb_grad=1.80e-01
[2026-02-28 03:39:19] Step 210/10000 | loss=0.5640 | lr=5.25e-06 | grad_norm=2.359 | mask=71.45% (active=2971, masked=7437) | no_ctx=0.00 oracle=1.00 real_rag=0.00 | gc=0.00 | rag_trigger=4.00 | rag_emb_grad=2.11e-01
[2026-02-28 03:39:30] Step 220/10000 | loss=0.5322 | lr=5.50e-06 | grad_norm=2.328 | mask=63.03% (active=3123, masked=5325) | no_ctx=0.00 oracle=0.50 real_rag=0.50 | gc=0.00 | rag_trigger=4.00 | rag_emb_grad=1.47e-01
[2026-02-28 03:39:40] Step 230/10000 | loss=0.5242 | lr=5.75e-06 | grad_norm=2.281 | mask=58.53% (active=3318, masked=4682) | no_ctx=0.00 oracle=0.75 real_rag=0.25 | gc=0.00 | rag_trigger=4.00 | rag_emb_grad=1.78e-01
[2026-02-28 03:39:50] Step 240/10000 | loss=0.5098 | lr=6.00e-06 | grad_norm=2.141 | mask=55.77% (active=2452, masked=3092) | no_ctx=0.00 oracle=0.50 real_rag=0.50 | gc=0.00 | rag_trigger=4.00 | rag_emb_grad=1.61e-01
[2026-02-28 03:40:00] Step 250/10000 | loss=0.5291 | lr=6.25e-06 | grad_norm=2.344 | mask=62.58% (active=2643, masked=4421) | no_ctx=0.00 oracle=0.62 real_rag=0.38 | gc=0.00 | rag_trigger=4.00 | rag_emb_grad=1.63e-01
[2026-02-28 03:40:10] Step 260/10000 | loss=0.5508 | lr=6.50e-06 | grad_norm=2.156 | mask=61.99% (active=2296, masked=3744) | no_ctx=0.00 oracle=0.75 real_rag=0.25 | gc=0.00 | rag_trigger=3.88 | rag_emb_grad=1.69e-01
[2026-02-28 03:40:21] Step 270/10000 | loss=0.4851 | lr=6.75e-06 | grad_norm=2.156 | mask=61.94% (active=3191, masked=5193) | no_ctx=0.00 oracle=0.75 real_rag=0.25 | gc=0.00 | rag_trigger=4.00 | rag_emb_grad=1.30e-01
[2026-02-28 03:40:31] Step 280/10000 | loss=0.5018 | lr=7.00e-06 | grad_norm=2.094 | mask=59.04% (active=2674, masked=3854) | no_ctx=0.00 oracle=0.88 real_rag=0.12 | gc=0.00 | rag_trigger=4.00 | rag_emb_grad=1.38e-01
[2026-02-28 03:40:41] Step 290/10000 | loss=0.4654 | lr=7.25e-06 | grad_norm=2.250 | mask=68.12% (active=2341, masked=5003) | no_ctx=0.00 oracle=0.50 real_rag=0.50 | gc=0.00 | rag_trigger=4.00 | rag_emb_grad=1.45e-01
[2026-02-28 03:40:51] Step 300/10000 | loss=0.4440 | lr=7.50e-06 | grad_norm=1.875 | mask=63.42% (active=3099, masked=5373) | no_ctx=0.00 oracle=0.75 real_rag=0.25 | gc=0.00 | rag_trigger=4.00 | rag_emb_grad=1.18e-01
[2026-02-28 03:41:02] Step 310/10000 | loss=0.5124 | lr=7.75e-06 | grad_norm=1.906 | mask=63.11% (active=2984, masked=5104) | no_ctx=0.00 oracle=0.62 real_rag=0.38 | gc=0.00 | rag_trigger=4.00 | rag_emb_grad=1.34e-01
[2026-02-28 03:41:12] Step 320/10000 | loss=0.4705 | lr=8.00e-06 | grad_norm=1.992 | mask=55.97% (active=2980, masked=3788) | no_ctx=0.00 oracle=0.75 real_rag=0.25 | gc=0.00 | rag_trigger=4.00 | rag_emb_grad=1.69e-01
[2026-02-28 03:41:22] Step 330/10000 | loss=0.4805 | lr=8.25e-06 | grad_norm=1.898 | mask=67.70% (active=2791, masked=5849) | no_ctx=0.00 oracle=0.88 real_rag=0.12 | gc=0.00 | rag_trigger=4.00 | rag_emb_grad=1.23e-01
[2026-02-28 03:41:33] Step 340/10000 | loss=0.5068 | lr=8.50e-06 | grad_norm=1.891 | mask=62.73% (active=2800, masked=4712) | no_ctx=0.00 oracle=0.50 real_rag=0.50 | gc=0.00 | rag_trigger=4.00 | rag_emb_grad=1.20e-01
[2026-02-28 03:41:43] Step 350/10000 | loss=0.4422 | lr=8.75e-06 | grad_norm=1.828 | mask=66.32% (active=2681, masked=5279) | no_ctx=0.00 oracle=0.62 real_rag=0.38 | gc=0.00 | rag_trigger=4.00 | rag_emb_grad=1.60e-01
[2026-02-28 03:41:53] Step 360/10000 | loss=0.4645 | lr=9.00e-06 | grad_norm=1.820 | mask=56.60% (active=2736, masked=3568) | no_ctx=0.00 oracle=0.75 real_rag=0.25 | gc=0.00 | rag_trigger=4.00 | rag_emb_grad=1.49e-01
[2026-02-28 03:42:03] Step 370/10000 | loss=0.4149 | lr=9.25e-06 | grad_norm=1.734 | mask=56.44% (active=2840, masked=3680) | no_ctx=0.00 oracle=0.88 real_rag=0.12 | gc=0.00 | rag_trigger=4.00 | rag_emb_grad=1.30e-01
[2026-02-28 03:42:13] Step 380/10000 | loss=0.4525 | lr=9.50e-06 | grad_norm=1.984 | mask=62.69% (active=3101, masked=5211) | no_ctx=0.00 oracle=0.50 real_rag=0.50 | gc=0.00 | rag_trigger=4.00 | rag_emb_grad=1.86e-01
[2026-02-28 03:42:22] Step 390/10000 | loss=0.4337 | lr=9.75e-06 | grad_norm=1.875 | mask=63.92% (active=2609, masked=4623) | no_ctx=0.00 oracle=0.75 real_rag=0.25 | gc=0.00 | rag_trigger=4.00 | rag_emb_grad=1.36e-01
[2026-02-28 03:42:32] Step 400/10000 | loss=0.4228 | lr=1.00e-05 | grad_norm=1.789 | mask=61.05% (active=2499, masked=3917) | no_ctx=0.00 oracle=0.62 real_rag=0.38 | gc=0.00 | rag_trigger=4.00 | rag_emb_grad=1.27e-01
[2026-02-28 03:42:42] Step 410/10000 | loss=0.4875 | lr=1.00e-05 | grad_norm=2.094 | mask=61.97% (active=2425, masked=3951) | no_ctx=0.00 oracle=0.75 real_rag=0.25 | gc=0.00 | rag_trigger=4.00 | rag_emb_grad=1.46e-01
[2026-02-28 03:42:52] Step 420/10000 | loss=0.4444 | lr=1.00e-05 | grad_norm=1.719 | mask=63.18% (active=2050, masked=3518) | no_ctx=0.00 oracle=0.75 real_rag=0.25 | gc=0.00 | rag_trigger=4.00 | rag_emb_grad=1.41e-01
[2026-02-28 03:43:02] Step 430/10000 | loss=0.4818 | lr=1.00e-05 | grad_norm=3.141 | mask=56.40% (active=2532, masked=3276) | no_ctx=0.00 oracle=0.50 real_rag=0.50 | gc=0.00 | rag_trigger=4.00 | rag_emb_grad=1.55e-01
[2026-02-28 03:43:11] Step 440/10000 | loss=0.4495 | lr=1.00e-05 | grad_norm=2.125 | mask=59.21% (active=2849, masked=4135) | no_ctx=0.00 oracle=0.75 real_rag=0.25 | gc=0.00 | rag_trigger=4.00 | rag_emb_grad=1.67e-01
[2026-02-28 03:43:21] Step 450/10000 | loss=0.4523 | lr=1.00e-05 | grad_norm=1.977 | mask=63.44% (active=2787, masked=4837) | no_ctx=0.00 oracle=0.88 real_rag=0.12 | gc=0.00 | rag_trigger=4.00 | rag_emb_grad=1.50e-01
[2026-02-28 03:43:30] Step 460/10000 | loss=0.4215 | lr=1.00e-05 | grad_norm=1.906 | mask=59.66% (active=2217, masked=3279) | no_ctx=0.00 oracle=0.88 real_rag=0.12 | gc=0.00 | rag_trigger=4.00 | rag_emb_grad=1.53e-01
[2026-02-28 03:43:41] Step 470/10000 | loss=0.4891 | lr=1.00e-05 | grad_norm=1.992 | mask=64.54% (active=2369, masked=4311) | no_ctx=0.00 oracle=0.62 real_rag=0.38 | gc=0.00 | rag_trigger=3.88 | rag_emb_grad=1.47e-01
[2026-02-28 03:43:51] Step 480/10000 | loss=0.4761 | lr=1.00e-05 | grad_norm=2.078 | mask=58.64% (active=2862, masked=4058) | no_ctx=0.00 oracle=0.50 real_rag=0.50 | gc=0.00 | rag_trigger=4.00 | rag_emb_grad=1.77e-01
[2026-02-28 03:44:02] Step 490/10000 | loss=0.3903 | lr=1.00e-05 | grad_norm=1.758 | mask=62.44% (active=2461, masked=4091) | no_ctx=0.00 oracle=0.62 real_rag=0.38 | gc=0.00 | rag_trigger=4.00 | rag_emb_grad=1.22e-01
[2026-02-28 03:44:11] Step 500/10000 | loss=0.4156 | lr=1.00e-05 | grad_norm=1.914 | mask=59.36% (active=2598, masked=3794) | no_ctx=0.00 oracle=0.62 real_rag=0.38 | gc=0.00 | rag_trigger=4.00 | rag_emb_grad=1.21e-01
[2026-02-28 03:44:27] Saved: results/rag_oracle_20260228_033232/P10_rag_token_oracle07_noctx0_8b/checkpoints/step_500
[2026-02-28 03:44:37] Step 510/10000 | loss=0.4318 | lr=1.00e-05 | grad_norm=2.172 | mask=61.15% (active=2272, masked=3576) | no_ctx=0.00 oracle=0.50 real_rag=0.50 | gc=0.00 | rag_trigger=4.00 | rag_emb_grad=1.44e-01
[2026-02-28 03:44:47] Step 520/10000 | loss=0.4609 | lr=1.00e-05 | grad_norm=1.766 | mask=64.94% (active=3102, masked=5746) | no_ctx=0.00 oracle=0.88 real_rag=0.12 | gc=0.00 | rag_trigger=4.00 | rag_emb_grad=1.31e-01
[2026-02-28 03:44:57] Step 530/10000 | loss=0.4570 | lr=1.00e-05 | grad_norm=1.609 | mask=52.00% (active=3786, masked=4102) | no_ctx=0.00 oracle=0.75 real_rag=0.25 | gc=0.00 | rag_trigger=4.00 | rag_emb_grad=1.05e-01
[2026-02-28 03:45:07] Step 540/10000 | loss=0.4094 | lr=1.00e-05 | grad_norm=1.719 | mask=63.30% (active=2769, masked=4775) | no_ctx=0.00 oracle=0.50 real_rag=0.50 | gc=0.00 | rag_trigger=4.00 | rag_emb_grad=1.30e-01
[2026-02-28 03:45:16] Step 550/10000 | loss=0.4172 | lr=1.00e-05 | grad_norm=1.680 | mask=59.31% (active=2842, masked=4142) | no_ctx=0.00 oracle=1.00 real_rag=0.00 | gc=0.00 | rag_trigger=4.00 | rag_emb_grad=1.19e-01
[2026-02-28 03:45:25] Step 560/10000 | loss=0.4402 | lr=1.00e-05 | grad_norm=1.852 | mask=57.94% (active=3257, masked=4487) | no_ctx=0.00 oracle=0.62 real_rag=0.38 | gc=0.00 | rag_trigger=4.00 | rag_emb_grad=1.45e-01
[2026-02-28 03:45:36] Step 570/10000 | loss=0.4460 | lr=1.00e-05 | grad_norm=1.688 | mask=68.47% (active=2979, masked=6469) | no_ctx=0.00 oracle=0.75 real_rag=0.25 | gc=0.00 | rag_trigger=4.00 | rag_emb_grad=1.39e-01
[2026-02-28 03:45:46] Step 580/10000 | loss=0.4170 | lr=1.00e-05 | grad_norm=1.875 | mask=55.37% (active=3681, masked=4567) | no_ctx=0.00 oracle=0.88 real_rag=0.12 | gc=0.00 | rag_trigger=4.00 | rag_emb_grad=1.77e-01
[2026-02-28 03:45:56] Step 590/10000 | loss=0.4616 | lr=1.00e-05 | grad_norm=1.953 | mask=64.46% (active=2559, masked=4641) | no_ctx=0.00 oracle=0.25 real_rag=0.75 | gc=0.00 | rag_trigger=4.00 | rag_emb_grad=1.91e-01
[2026-02-28 03:46:06] Step 600/10000 | loss=0.4444 | lr=1.00e-05 | grad_norm=1.953 | mask=68.90% (active=2406, masked=5330) | no_ctx=0.00 oracle=0.75 real_rag=0.25 | gc=0.00 | rag_trigger=4.00 | rag_emb_grad=1.38e-01
[2026-02-28 03:46:17] Step 610/10000 | loss=0.4717 | lr=1.00e-05 | grad_norm=1.906 | mask=57.37% (active=3359, masked=4521) | no_ctx=0.00 oracle=0.50 real_rag=0.50 | gc=0.00 | rag_trigger=4.00 | rag_emb_grad=1.40e-01
[2026-02-28 03:46:27] Step 620/10000 | loss=0.4378 | lr=1.00e-05 | grad_norm=1.789 | mask=56.07% (active=2502, masked=3194) | no_ctx=0.00 oracle=0.75 real_rag=0.25 | gc=0.00 | rag_trigger=4.00 | rag_emb_grad=1.37e-01
[2026-02-28 03:46:38] Step 630/10000 | loss=0.4662 | lr=1.00e-05 | grad_norm=1.688 | mask=71.03% (active=2758, masked=6762) | no_ctx=0.00 oracle=0.88 real_rag=0.12 | gc=0.00 | rag_trigger=4.00 | rag_emb_grad=1.33e-01
[2026-02-28 03:46:47] Step 640/10000 | loss=0.4181 | lr=1.00e-05 | grad_norm=1.812 | mask=62.39% (active=2299, masked=3813) | no_ctx=0.00 oracle=0.50 real_rag=0.50 | gc=0.00 | rag_trigger=4.00 | rag_emb_grad=2.19e-01
[2026-02-28 03:46:58] Step 650/10000 | loss=0.4414 | lr=1.00e-05 | grad_norm=2.000 | mask=59.60% (active=3074, masked=4534) | no_ctx=0.00 oracle=0.88 real_rag=0.12 | gc=0.00 | rag_trigger=4.00 | rag_emb_grad=1.62e-01
[2026-02-28 03:47:08] Step 660/10000 | loss=0.4557 | lr=1.00e-05 | grad_norm=1.672 | mask=60.96% (active=2739, masked=4277) | no_ctx=0.00 oracle=0.38 real_rag=0.62 | gc=0.00 | rag_trigger=4.00 | rag_emb_grad=1.45e-01
[2026-02-28 03:47:18] Step 670/10000 | loss=0.3972 | lr=1.00e-05 | grad_norm=1.836 | mask=65.04% (active=2481, masked=4615) | no_ctx=0.00 oracle=0.88 real_rag=0.12 | gc=0.00 | rag_trigger=4.00 | rag_emb_grad=1.82e-01
[2026-02-28 03:47:28] Step 680/10000 | loss=0.4045 | lr=1.00e-05 | grad_norm=1.578 | mask=56.16% (active=2560, masked=3280) | no_ctx=0.00 oracle=0.88 real_rag=0.12 | gc=0.00 | rag_trigger=4.00 | rag_emb_grad=1.41e-01
[2026-02-28 03:47:38] Step 690/10000 | loss=0.4267 | lr=9.99e-06 | grad_norm=2.047 | mask=60.91% (active=2505, masked=3903) | no_ctx=0.00 oracle=0.62 real_rag=0.38 | gc=0.00 | rag_trigger=4.00 | rag_emb_grad=1.80e-01
[2026-02-28 03:47:48] Step 700/10000 | loss=0.3951 | lr=9.99e-06 | grad_norm=1.742 | mask=62.39% (active=3138, masked=5206) | no_ctx=0.00 oracle=0.38 real_rag=0.62 | gc=0.00 | rag_trigger=4.00 | rag_emb_grad=1.62e-01
[2026-02-28 03:47:59] Step 710/10000 | loss=0.4257 | lr=9.99e-06 | grad_norm=1.938 | mask=64.37% (active=2155, masked=3893) | no_ctx=0.00 oracle=0.75 real_rag=0.25 | gc=0.00 | rag_trigger=4.00 | rag_emb_grad=2.34e-01
[2026-02-28 03:48:09] Step 720/10000 | loss=0.4152 | lr=9.99e-06 | grad_norm=1.758 | mask=63.83% (active=3302, masked=5826) | no_ctx=0.00 oracle=0.88 real_rag=0.12 | gc=0.00 | rag_trigger=4.00 | rag_emb_grad=1.69e-01
[2026-02-28 03:48:19] Step 730/10000 | loss=0.4301 | lr=9.99e-06 | grad_norm=2.016 | mask=67.67% (active=2656, masked=5560) | no_ctx=0.00 oracle=0.88 real_rag=0.12 | gc=0.00 | rag_trigger=4.00 | rag_emb_grad=2.11e-01
[2026-02-28 03:48:30] Step 740/10000 | loss=0.4531 | lr=9.99e-06 | grad_norm=1.906 | mask=65.62% (active=2607, masked=4977) | no_ctx=0.00 oracle=0.62 real_rag=0.38 | gc=0.00 | rag_trigger=4.00 | rag_emb_grad=1.66e-01
[2026-02-28 03:48:40] Step 750/10000 | loss=0.4379 | lr=9.99e-06 | grad_norm=1.578 | mask=67.15% (active=2959, masked=6049) | no_ctx=0.00 oracle=0.75 real_rag=0.25 | gc=0.00 | rag_trigger=4.00 | rag_emb_grad=1.46e-01
[2026-02-28 03:48:50] Step 760/10000 | loss=0.4227 | lr=9.99e-06 | grad_norm=1.891 | mask=64.29% (active=2580, masked=4644) | no_ctx=0.00 oracle=0.38 real_rag=0.62 | gc=0.00 | rag_trigger=4.00 | rag_emb_grad=2.17e-01
[2026-02-28 03:49:00] Step 770/10000 | loss=0.4333 | lr=9.99e-06 | grad_norm=1.828 | mask=60.78% (active=2284, masked=3540) | no_ctx=0.00 oracle=0.38 real_rag=0.62 | gc=0.00 | rag_trigger=4.00 | rag_emb_grad=2.23e-01
[2026-02-28 03:49:10] Step 780/10000 | loss=0.4473 | lr=9.99e-06 | grad_norm=1.773 | mask=61.39% (active=3799, masked=6041) | no_ctx=0.00 oracle=0.88 real_rag=0.12 | gc=0.00 | rag_trigger=4.00 | rag_emb_grad=2.10e-01
[2026-02-28 03:49:20] Step 790/10000 | loss=0.4260 | lr=9.99e-06 | grad_norm=1.742 | mask=62.74% (active=2805, masked=4723) | no_ctx=0.00 oracle=0.75 real_rag=0.25 | gc=0.00 | rag_trigger=4.00 | rag_emb_grad=1.86e-01
[2026-02-28 03:49:30] Step 800/10000 | loss=0.4372 | lr=9.99e-06 | grad_norm=1.719 | mask=57.69% (active=3300, masked=4500) | no_ctx=0.00 oracle=0.25 real_rag=0.75 | gc=0.00 | rag_trigger=4.00 | rag_emb_grad=1.99e-01
[2026-02-28 03:49:40] Step 810/10000 | loss=0.4234 | lr=9.99e-06 | grad_norm=1.969 | mask=62.69% (active=2883, masked=4845) | no_ctx=0.00 oracle=0.50 real_rag=0.50 | gc=0.00 | rag_trigger=4.00 | rag_emb_grad=1.78e-01
[2026-02-28 03:49:50] Step 820/10000 | loss=0.3962 | lr=9.99e-06 | grad_norm=1.867 | mask=66.90% (active=2285, masked=4619) | no_ctx=0.00 oracle=0.50 real_rag=0.50 | gc=0.00 | rag_trigger=4.00 | rag_emb_grad=1.78e-01
[2026-02-28 03:50:00] Step 830/10000 | loss=0.3960 | lr=9.99e-06 | grad_norm=1.773 | mask=63.04% (active=3028, masked=5164) | no_ctx=0.00 oracle=0.50 real_rag=0.50 | gc=0.00 | rag_trigger=4.00 | rag_emb_grad=3.18e-01
[2026-02-28 03:50:10] Step 840/10000 | loss=0.3806 | lr=9.99e-06 | grad_norm=1.906 | mask=54.18% (active=3391, masked=4009) | no_ctx=0.00 oracle=0.50 real_rag=0.50 | gc=0.00 | rag_trigger=4.00 | rag_emb_grad=1.75e-01
[2026-02-28 03:50:19] Step 850/10000 | loss=0.4098 | lr=9.99e-06 | grad_norm=1.867 | mask=57.97% (active=2730, masked=3766) | no_ctx=0.00 oracle=0.38 real_rag=0.62 | gc=0.00 | rag_trigger=4.00 | rag_emb_grad=2.46e-01
[2026-02-28 03:50:29] Step 860/10000 | loss=0.4195 | lr=9.99e-06 | grad_norm=1.883 | mask=62.79% (active=2593, masked=4375) | no_ctx=0.00 oracle=0.62 real_rag=0.38 | gc=0.00 | rag_trigger=4.00 | rag_emb_grad=1.65e-01
[2026-02-28 03:50:39] Step 870/10000 | loss=0.3618 | lr=9.99e-06 | grad_norm=1.883 | mask=64.79% (active=2718, masked=5002) | no_ctx=0.00 oracle=0.62 real_rag=0.38 | gc=0.00 | rag_trigger=4.00 | rag_emb_grad=2.11e-01
[2026-02-28 03:50:50] Step 880/10000 | loss=0.4798 | lr=9.99e-06 | grad_norm=1.922 | mask=57.24% (active=3749, masked=5019) | no_ctx=0.00 oracle=0.62 real_rag=0.38 | gc=0.00 | rag_trigger=4.00 | rag_emb_grad=2.09e-01
[2026-02-28 03:51:00] Step 890/10000 | loss=0.3890 | lr=9.98e-06 | grad_norm=1.531 | mask=61.60% (active=2980, masked=4780) | no_ctx=0.00 oracle=0.62 real_rag=0.38 | gc=0.00 | rag_trigger=4.00 | rag_emb_grad=1.76e-01
[2026-02-28 03:51:10] Step 900/10000 | loss=0.4524 | lr=9.98e-06 | grad_norm=1.945 | mask=67.65% (active=2741, masked=5731) | no_ctx=0.00 oracle=0.50 real_rag=0.50 | gc=0.00 | rag_trigger=4.00 | rag_emb_grad=3.24e-01
[2026-02-28 03:51:20] Step 910/10000 | loss=0.4271 | lr=9.98e-06 | grad_norm=1.797 | mask=54.16% (active=2776, masked=3280) | no_ctx=0.00 oracle=0.75 real_rag=0.25 | gc=0.00 | rag_trigger=4.00 | rag_emb_grad=2.11e-01
[2026-02-28 03:51:31] Step 920/10000 | loss=0.3879 | lr=9.98e-06 | grad_norm=1.742 | mask=69.96% (active=3588, masked=8356) | no_ctx=0.00 oracle=0.62 real_rag=0.38 | gc=0.00 | rag_trigger=4.00 | rag_emb_grad=2.44e-01
[2026-02-28 03:51:41] Step 930/10000 | loss=0.3938 | lr=9.98e-06 | grad_norm=1.680 | mask=62.39% (active=2720, masked=4512) | no_ctx=0.00 oracle=0.50 real_rag=0.50 | gc=0.00 | rag_trigger=4.00 | rag_emb_grad=1.88e-01
[2026-02-28 03:51:52] Step 940/10000 | loss=0.4442 | lr=9.98e-06 | grad_norm=1.789 | mask=64.49% (active=2520, masked=4576) | no_ctx=0.00 oracle=0.62 real_rag=0.38 | gc=0.00 | rag_trigger=4.00 | rag_emb_grad=1.82e-01
[2026-02-28 03:52:02] Step 950/10000 | loss=0.3846 | lr=9.98e-06 | grad_norm=1.727 | mask=63.57% (active=2713, masked=4735) | no_ctx=0.00 oracle=0.38 real_rag=0.62 | gc=0.00 | rag_trigger=3.88 | rag_emb_grad=1.86e-01
[2026-02-28 03:52:13] Step 960/10000 | loss=0.4369 | lr=9.98e-06 | grad_norm=1.617 | mask=62.48% (active=2350, masked=3914) | no_ctx=0.00 oracle=0.75 real_rag=0.25 | gc=0.00 | rag_trigger=4.00 | rag_emb_grad=1.69e-01
[2026-02-28 03:52:22] Step 970/10000 | loss=0.3973 | lr=9.98e-06 | grad_norm=1.500 | mask=60.96% (active=2564, masked=4004) | no_ctx=0.00 oracle=0.50 real_rag=0.50 | gc=0.00 | rag_trigger=4.00 | rag_emb_grad=2.25e-01
[2026-02-28 03:52:32] Step 980/10000 | loss=0.4121 | lr=9.98e-06 | grad_norm=1.641 | mask=67.98% (active=2715, masked=5765) | no_ctx=0.00 oracle=0.62 real_rag=0.38 | gc=0.00 | rag_trigger=4.00 | rag_emb_grad=1.40e-01
[2026-02-28 03:52:42] Step 990/10000 | loss=0.3898 | lr=9.98e-06 | grad_norm=1.773 | mask=66.67% (active=2717, masked=5435) | no_ctx=0.00 oracle=1.00 real_rag=0.00 | gc=0.00 | rag_trigger=4.00 | rag_emb_grad=1.97e-01
[2026-02-28 03:52:53] Step 1000/10000 | loss=0.3850 | lr=9.98e-06 | grad_norm=1.773 | mask=62.29% (active=2899, masked=4789) | no_ctx=0.00 oracle=0.75 real_rag=0.25 | gc=0.00 | rag_trigger=4.00 | rag_emb_grad=2.13e-01
[2026-02-28 03:53:08] Saved: results/rag_oracle_20260228_033232/P10_rag_token_oracle07_noctx0_8b/checkpoints/step_1000
[2026-02-28 03:53:18] Step 1010/10000 | loss=0.3793 | lr=9.98e-06 | grad_norm=1.750 | mask=58.80% (active=3029, masked=4323) | no_ctx=0.00 oracle=0.38 real_rag=0.62 | gc=0.00 | rag_trigger=4.00 | rag_emb_grad=2.40e-01
[2026-02-28 03:53:28] Step 1020/10000 | loss=0.3922 | lr=9.98e-06 | grad_norm=1.953 | mask=63.71% (active=2462, masked=4322) | no_ctx=0.00 oracle=0.75 real_rag=0.25 | gc=0.00 | rag_trigger=4.00 | rag_emb_grad=2.77e-01
[2026-02-28 03:53:38] Step 1030/10000 | loss=0.4295 | lr=9.97e-06 | grad_norm=1.961 | mask=61.37% (active=3075, masked=4885) | no_ctx=0.00 oracle=0.75 real_rag=0.25 | gc=0.00 | rag_trigger=4.00 | rag_emb_grad=2.28e-01
[2026-02-28 03:53:48] Step 1040/10000 | loss=0.4172 | lr=9.97e-06 | grad_norm=1.727 | mask=62.06% (active=2647, masked=4329) | no_ctx=0.00 oracle=0.75 real_rag=0.25 | gc=0.00 | rag_trigger=4.00 | rag_emb_grad=1.95e-01
[2026-02-28 03:53:58] Step 1050/10000 | loss=0.3977 | lr=9.97e-06 | grad_norm=1.734 | mask=60.36% (active=2163, masked=3293) | no_ctx=0.00 oracle=0.38 real_rag=0.62 | gc=0.00 | rag_trigger=4.00 | rag_emb_grad=2.00e-01
[2026-02-28 03:54:08] Step 1060/10000 | loss=0.4412 | lr=9.97e-06 | grad_norm=1.617 | mask=63.27% (active=2803, masked=4829) | no_ctx=0.00 oracle=0.88 real_rag=0.12 | gc=0.00 | rag_trigger=4.00 | rag_emb_grad=2.07e-01
[2026-02-28 03:54:18] Step 1070/10000 | loss=0.4044 | lr=9.97e-06 | grad_norm=1.641 | mask=65.14% (active=2775, masked=5185) | no_ctx=0.00 oracle=0.62 real_rag=0.38 | gc=0.00 | rag_trigger=4.00 | rag_emb_grad=2.24e-01
[2026-02-28 03:54:29] Step 1080/10000 | loss=0.4312 | lr=9.97e-06 | grad_norm=1.664 | mask=65.95% (active=2855, masked=5529) | no_ctx=0.00 oracle=0.88 real_rag=0.12 | gc=0.00 | rag_trigger=4.00 | rag_emb_grad=2.12e-01
[2026-02-28 03:54:38] Step 1090/10000 | loss=0.3913 | lr=9.97e-06 | grad_norm=1.852 | mask=62.64% (active=2484, masked=4164) | no_ctx=0.00 oracle=0.75 real_rag=0.25 | gc=0.00 | rag_trigger=4.00 | rag_emb_grad=2.16e-01
[2026-02-28 03:54:48] Step 1100/10000 | loss=0.4233 | lr=9.97e-06 | grad_norm=1.789 | mask=56.68% (active=3057, masked=3999) | no_ctx=0.00 oracle=0.62 real_rag=0.38 | gc=0.00 | rag_trigger=4.00 | rag_emb_grad=2.85e-01
[2026-02-28 03:54:58] Step 1110/10000 | loss=0.4265 | lr=9.97e-06 | grad_norm=1.641 | mask=53.62% (active=3814, masked=4410) | no_ctx=0.00 oracle=0.50 real_rag=0.50 | gc=0.00 | rag_trigger=4.00 | rag_emb_grad=1.94e-01
[2026-02-28 03:55:08] Step 1120/10000 | loss=0.4253 | lr=9.97e-06 | grad_norm=1.797 | mask=56.19% (active=3074, masked=3942) | no_ctx=0.00 oracle=0.62 real_rag=0.38 | gc=0.00 | rag_trigger=4.00 | rag_emb_grad=2.34e-01
[2026-02-28 03:55:19] Step 1130/10000 | loss=0.4626 | lr=9.97e-06 | grad_norm=1.602 | mask=55.36% (active=3543, masked=4393) | no_ctx=0.00 oracle=0.75 real_rag=0.25 | gc=0.00 | rag_trigger=4.00 | rag_emb_grad=1.63e-01
[2026-02-28 03:55:29] Step 1140/10000 | loss=0.3735 | lr=9.97e-06 | grad_norm=1.719 | mask=64.30% (active=2556, masked=4604) | no_ctx=0.00 oracle=0.38 real_rag=0.62 | gc=0.00 | rag_trigger=4.00 | rag_emb_grad=2.38e-01
[2026-02-28 03:55:40] Step 1150/10000 | loss=0.4080 | lr=9.96e-06 | grad_norm=1.984 | mask=65.96% (active=2614, masked=5066) | no_ctx=0.00 oracle=0.75 real_rag=0.25 | gc=0.00 | rag_trigger=4.00 | rag_emb_grad=3.20e-01
[2026-02-28 03:55:50] Step 1160/10000 | loss=0.4593 | lr=9.96e-06 | grad_norm=1.828 | mask=60.54% (active=2797, masked=4291) | no_ctx=0.00 oracle=1.00 real_rag=0.00 | gc=0.00 | rag_trigger=4.00 | rag_emb_grad=1.79e-01
[2026-02-28 03:56:00] Step 1170/10000 | loss=0.4018 | lr=9.96e-06 | grad_norm=1.445 | mask=59.88% (active=3508, masked=5236) | no_ctx=0.00 oracle=0.88 real_rag=0.12 | gc=0.00 | rag_trigger=4.00 | rag_emb_grad=1.47e-01
[2026-02-28 03:56:09] Step 1180/10000 | loss=0.4188 | lr=9.96e-06 | grad_norm=1.812 | mask=54.14% (active=2715, masked=3205) | no_ctx=0.00 oracle=0.62 real_rag=0.38 | gc=0.00 | rag_trigger=4.00 | rag_emb_grad=1.73e-01
[2026-02-28 03:56:19] Step 1190/10000 | loss=0.3911 | lr=9.96e-06 | grad_norm=1.648 | mask=59.64% (active=2315, masked=3421) | no_ctx=0.00 oracle=0.88 real_rag=0.12 | gc=0.00 | rag_trigger=4.00 | rag_emb_grad=2.05e-01
[2026-02-28 03:56:29] Step 1200/10000 | loss=0.4167 | lr=9.96e-06 | grad_norm=1.531 | mask=58.73% (active=2592, masked=3688) | no_ctx=0.00 oracle=0.62 real_rag=0.38 | gc=0.00 | rag_trigger=4.00 | rag_emb_grad=1.67e-01
[2026-02-28 03:56:40] Step 1210/10000 | loss=0.4094 | lr=9.96e-06 | grad_norm=1.719 | mask=63.83% (active=2639, masked=4657) | no_ctx=0.00 oracle=0.75 real_rag=0.25 | gc=0.00 | rag_trigger=4.00 | rag_emb_grad=2.18e-01
[2026-02-28 03:56:49] Step 1220/10000 | loss=0.3959 | lr=9.96e-06 | grad_norm=1.734 | mask=61.35% (active=2310, masked=3666) | no_ctx=0.00 oracle=1.00 real_rag=0.00 | gc=0.00 | rag_trigger=4.00 | rag_emb_grad=2.54e-01
[2026-02-28 03:56:59] Step 1230/10000 | loss=0.4000 | lr=9.96e-06 | grad_norm=1.727 | mask=57.12% (active=2693, masked=3587) | no_ctx=0.00 oracle=0.88 real_rag=0.12 | gc=0.00 | rag_trigger=4.00 | rag_emb_grad=1.81e-01
[2026-02-28 03:57:09] Step 1240/10000 | loss=0.4099 | lr=9.96e-06 | grad_norm=1.750 | mask=61.60% (active=2310, masked=3706) | no_ctx=0.00 oracle=0.62 real_rag=0.38 | gc=0.00 | rag_trigger=3.88 | rag_emb_grad=2.00e-01
[2026-02-28 03:57:19] Step 1250/10000 | loss=0.3868 | lr=9.95e-06 | grad_norm=1.750 | mask=60.59% (active=2642, masked=4062) | no_ctx=0.00 oracle=0.25 real_rag=0.75 | gc=0.00 | rag_trigger=4.00 | rag_emb_grad=2.81e-01
[2026-02-28 03:57:29] Step 1260/10000 | loss=0.4071 | lr=9.95e-06 | grad_norm=1.930 | mask=63.78% (active=2593, masked=4567) | no_ctx=0.00 oracle=0.75 real_rag=0.25 | gc=0.00 | rag_trigger=4.00 | rag_emb_grad=2.33e-01
[2026-02-28 03:57:39] Step 1270/10000 | loss=0.3982 | lr=9.95e-06 | grad_norm=1.570 | mask=64.77% (active=2737, masked=5031) | no_ctx=0.00 oracle=0.62 real_rag=0.38 | gc=0.00 | rag_trigger=4.00 | rag_emb_grad=2.00e-01
[2026-02-28 03:57:49] Step 1280/10000 | loss=0.4165 | lr=9.95e-06 | grad_norm=1.602 | mask=62.78% (active=2409, masked=4063) | no_ctx=0.00 oracle=0.75 real_rag=0.25 | gc=0.00 | rag_trigger=4.00 | rag_emb_grad=2.33e-01
[2026-02-28 03:57:59] Step 1290/10000 | loss=0.4442 | lr=9.95e-06 | grad_norm=1.734 | mask=60.73% (active=3107, masked=4805) | no_ctx=0.00 oracle=0.88 real_rag=0.12 | gc=0.00 | rag_trigger=4.00 | rag_emb_grad=2.18e-01
[2026-02-28 03:58:10] Step 1300/10000 | loss=0.4047 | lr=9.95e-06 | grad_norm=1.727 | mask=61.10% (active=2384, masked=3744) | no_ctx=0.00 oracle=0.62 real_rag=0.38 | gc=0.00 | rag_trigger=4.00 | rag_emb_grad=2.16e-01
[2026-02-28 03:58:20] Step 1310/10000 | loss=0.4085 | lr=9.95e-06 | grad_norm=1.805 | mask=64.33% (active=2280, masked=4112) | no_ctx=0.00 oracle=0.62 real_rag=0.38 | gc=0.00 | rag_trigger=4.00 | rag_emb_grad=1.80e-01
[2026-02-28 03:58:31] Step 1320/10000 | loss=0.4156 | lr=9.95e-06 | grad_norm=1.836 | mask=62.50% (active=3441, masked=5735) | no_ctx=0.00 oracle=0.75 real_rag=0.25 | gc=0.00 | rag_trigger=4.00 | rag_emb_grad=2.16e-01
[2026-02-28 03:58:40] Step 1330/10000 | loss=0.3630 | lr=9.95e-06 | grad_norm=1.906 | mask=58.96% (active=2515, masked=3613) | no_ctx=0.00 oracle=0.62 real_rag=0.38 | gc=0.00 | rag_trigger=4.00 | rag_emb_grad=3.52e-01
[2026-02-28 03:58:50] Step 1340/10000 | loss=0.3377 | lr=9.94e-06 | grad_norm=1.625 | mask=64.68% (active=2727, masked=4993) | no_ctx=0.00 oracle=0.50 real_rag=0.50 | gc=0.00 | rag_trigger=4.00 | rag_emb_grad=2.29e-01
[2026-02-28 03:59:00] Step 1350/10000 | loss=0.3805 | lr=9.94e-06 | grad_norm=1.734 | mask=63.99% (active=2895, masked=5145) | no_ctx=0.00 oracle=0.75 real_rag=0.25 | gc=0.00 | rag_trigger=4.00 | rag_emb_grad=2.06e-01
[2026-02-28 03:59:10] Step 1360/10000 | loss=0.3959 | lr=9.94e-06 | grad_norm=1.711 | mask=59.11% (active=2666, masked=3854) | no_ctx=0.00 oracle=0.75 real_rag=0.25 | gc=0.00 | rag_trigger=4.00 | rag_emb_grad=1.62e-01
[2026-02-28 03:59:21] Step 1370/10000 | loss=0.4717 | lr=9.94e-06 | grad_norm=1.891 | mask=61.80% (active=2555, masked=4133) | no_ctx=0.00 oracle=0.88 real_rag=0.12 | gc=0.00 | rag_trigger=4.00 | rag_emb_grad=2.02e-01
[2026-02-28 03:59:31] Step 1380/10000 | loss=0.3934 | lr=9.94e-06 | grad_norm=1.578 | mask=57.05% (active=2886, masked=3834) | no_ctx=0.00 oracle=0.75 real_rag=0.25 | gc=0.00 | rag_trigger=4.00 | rag_emb_grad=1.96e-01
[2026-02-28 03:59:42] Step 1390/10000 | loss=0.4045 | lr=9.94e-06 | grad_norm=1.750 | mask=60.63% (active=3235, masked=4981) | no_ctx=0.00 oracle=0.38 real_rag=0.62 | gc=0.00 | rag_trigger=4.00 | rag_emb_grad=1.69e-01
[2026-02-28 03:59:51] Step 1400/10000 | loss=0.4175 | lr=9.94e-06 | grad_norm=1.508 | mask=53.88% (active=3372, masked=3940) | no_ctx=0.00 oracle=0.62 real_rag=0.38 | gc=0.00 | rag_trigger=4.00 | rag_emb_grad=1.57e-01
[2026-02-28 04:00:01] Step 1410/10000 | loss=0.3676 | lr=9.94e-06 | grad_norm=1.656 | mask=59.12% (active=2940, masked=4252) | no_ctx=0.00 oracle=0.88 real_rag=0.12 | gc=0.00 | rag_trigger=4.00 | rag_emb_grad=1.86e-01
[2026-02-28 04:00:11] Step 1420/10000 | loss=0.4323 | lr=9.93e-06 | grad_norm=1.602 | mask=58.95% (active=2985, masked=4287) | no_ctx=0.00 oracle=0.62 real_rag=0.38 | gc=0.00 | rag_trigger=4.00 | rag_emb_grad=1.69e-01
[2026-02-28 04:00:22] Step 1430/10000 | loss=0.4727 | lr=9.93e-06 | grad_norm=1.734 | mask=61.73% (active=3530, masked=5694) | no_ctx=0.00 oracle=0.88 real_rag=0.12 | gc=0.00 | rag_trigger=4.00 | rag_emb_grad=2.58e-01
[2026-02-28 04:00:32] Step 1440/10000 | loss=0.4420 | lr=9.93e-06 | grad_norm=1.695 | mask=58.80% (active=2973, masked=4243) | no_ctx=0.00 oracle=0.88 real_rag=0.12 | gc=0.00 | rag_trigger=4.00 | rag_emb_grad=1.66e-01
[2026-02-28 04:00:41] Step 1450/10000 | loss=0.3738 | lr=9.93e-06 | grad_norm=1.734 | mask=62.50% (active=1932, masked=3220) | no_ctx=0.00 oracle=0.25 real_rag=0.75 | gc=0.00 | rag_trigger=4.00 | rag_emb_grad=1.63e-01
[2026-02-28 04:00:51] Step 1460/10000 | loss=0.4392 | lr=9.93e-06 | grad_norm=1.633 | mask=65.58% (active=2641, masked=5031) | no_ctx=0.00 oracle=0.50 real_rag=0.50 | gc=0.00 | rag_trigger=4.00 | rag_emb_grad=1.76e-01
[2026-02-28 04:01:02] Step 1470/10000 | loss=0.4010 | lr=9.93e-06 | grad_norm=1.633 | mask=70.48% (active=2787, masked=6653) | no_ctx=0.00 oracle=0.88 real_rag=0.12 | gc=0.00 | rag_trigger=4.00 | rag_emb_grad=1.81e-01
[2026-02-28 04:01:12] Step 1480/10000 | loss=0.4306 | lr=9.93e-06 | grad_norm=1.727 | mask=65.78% (active=2694, masked=5178) | no_ctx=0.00 oracle=0.88 real_rag=0.12 | gc=0.00 | rag_trigger=4.00 | rag_emb_grad=2.17e-01
[2026-02-28 04:01:21] Step 1490/10000 | loss=0.4274 | lr=9.92e-06 | grad_norm=1.914 | mask=59.79% (active=3001, masked=4463) | no_ctx=0.00 oracle=1.00 real_rag=0.00 | gc=0.00 | rag_trigger=4.00 | rag_emb_grad=1.77e-01
[2026-02-28 04:01:32] Step 1500/10000 | loss=0.4186 | lr=9.92e-06 | grad_norm=1.633 | mask=63.95% (active=2685, masked=4763) | no_ctx=0.00 oracle=0.50 real_rag=0.50 | gc=0.00 | rag_trigger=4.00 | rag_emb_grad=1.99e-01
[2026-02-28 04:01:46] Saved: results/rag_oracle_20260228_033232/P10_rag_token_oracle07_noctx0_8b/checkpoints/step_1500
[2026-02-28 04:01:56] Step 1510/10000 | loss=0.3956 | lr=9.92e-06 | grad_norm=1.586 | mask=60.75% (active=3558, masked=5506) | no_ctx=0.00 oracle=0.62 real_rag=0.38 | gc=0.00 | rag_trigger=4.00 | rag_emb_grad=1.50e-01
[2026-02-28 04:02:06] Step 1520/10000 | loss=0.3858 | lr=9.92e-06 | grad_norm=1.961 | mask=65.37% (active=2183, masked=4121) | no_ctx=0.00 oracle=0.38 real_rag=0.62 | gc=0.00 | rag_trigger=4.00 | rag_emb_grad=2.60e-01
[2026-02-28 04:02:16] Step 1530/10000 | loss=0.3824 | lr=9.92e-06 | grad_norm=1.641 | mask=67.07% (active=2906, masked=5918) | no_ctx=0.00 oracle=0.50 real_rag=0.50 | gc=0.00 | rag_trigger=4.00 | rag_emb_grad=1.87e-01
[2026-02-28 04:02:26] Step 1540/10000 | loss=0.4054 | lr=9.92e-06 | grad_norm=1.727 | mask=69.98% (active=3033, masked=7071) | no_ctx=0.00 oracle=0.62 real_rag=0.38 | gc=0.00 | rag_trigger=4.00 | rag_emb_grad=1.65e-01
[2026-02-28 04:02:37] Step 1550/10000 | loss=0.4190 | lr=9.92e-06 | grad_norm=1.742 | mask=68.83% (active=3324, masked=7340) | no_ctx=0.00 oracle=0.75 real_rag=0.25 | gc=0.00 | rag_trigger=4.00 | rag_emb_grad=2.21e-01
[2026-02-28 04:02:46] Step 1560/10000 | loss=0.3880 | lr=9.91e-06 | grad_norm=1.688 | mask=60.42% (active=2926, masked=4466) | no_ctx=0.00 oracle=0.75 real_rag=0.25 | gc=0.00 | rag_trigger=4.00 | rag_emb_grad=1.85e-01
[2026-02-28 04:02:55] Step 1570/10000 | loss=0.4137 | lr=9.91e-06 | grad_norm=1.609 | mask=66.47% (active=2417, masked=4791) | no_ctx=0.00 oracle=0.62 real_rag=0.38 | gc=0.00 | rag_trigger=4.00 | rag_emb_grad=2.15e-01
[2026-02-28 04:03:06] Step 1580/10000 | loss=0.3995 | lr=9.91e-06 | grad_norm=1.727 | mask=61.28% (active=2704, masked=4280) | no_ctx=0.00 oracle=0.75 real_rag=0.25 | gc=0.00 | rag_trigger=4.00 | rag_emb_grad=2.15e-01
[2026-02-28 04:03:16] Step 1590/10000 | loss=0.4216 | lr=9.91e-06 | grad_norm=1.602 | mask=60.08% (active=2558, masked=3850) | no_ctx=0.00 oracle=0.75 real_rag=0.25 | gc=0.00 | rag_trigger=4.00 | rag_emb_grad=1.56e-01
[2026-02-28 04:03:25] Step 1600/10000 | loss=0.3617 | lr=9.91e-06 | grad_norm=1.531 | mask=57.01% (active=3388, masked=4492) | no_ctx=0.00 oracle=1.00 real_rag=0.00 | gc=0.00 | rag_trigger=4.00 | rag_emb_grad=1.55e-01
[2026-02-28 04:03:35] Step 1610/10000 | loss=0.3995 | lr=9.91e-06 | grad_norm=1.594 | mask=71.06% (active=2558, masked=6282) | no_ctx=0.00 oracle=0.62 real_rag=0.38 | gc=0.00 | rag_trigger=4.00 | rag_emb_grad=1.69e-01
[2026-02-28 04:03:45] Step 1620/10000 | loss=0.4007 | lr=9.91e-06 | grad_norm=1.672 | mask=64.85% (active=2674, masked=4934) | no_ctx=0.00 oracle=0.75 real_rag=0.25 | gc=0.00 | rag_trigger=4.00 | rag_emb_grad=1.46e-01
[2026-02-28 04:03:55] Step 1630/10000 | loss=0.3825 | lr=9.90e-06 | grad_norm=1.648 | mask=51.21% (active=4083, masked=4285) | no_ctx=0.00 oracle=0.50 real_rag=0.50 | gc=0.00 | rag_trigger=4.00 | rag_emb_grad=1.75e-01
[2026-02-28 04:04:05] Step 1640/10000 | loss=0.4233 | lr=9.90e-06 | grad_norm=1.492 | mask=63.08% (active=2883, masked=4925) | no_ctx=0.00 oracle=0.75 real_rag=0.25 | gc=0.00 | rag_trigger=4.00 | rag_emb_grad=1.63e-01
[2026-02-28 04:04:15] Step 1650/10000 | loss=0.4249 | lr=9.90e-06 | grad_norm=1.633 | mask=63.94% (active=2859, masked=5069) | no_ctx=0.00 oracle=0.88 real_rag=0.12 | gc=0.00 | rag_trigger=4.00 | rag_emb_grad=2.47e-01
[2026-02-28 04:04:24] Step 1660/10000 | loss=0.4042 | lr=9.90e-06 | grad_norm=1.766 | mask=62.41% (active=2475, masked=4109) | no_ctx=0.00 oracle=0.50 real_rag=0.50 | gc=0.00 | rag_trigger=4.00 | rag_emb_grad=2.01e-01
[2026-02-28 04:04:34] Step 1670/10000 | loss=0.3785 | lr=9.90e-06 | grad_norm=1.695 | mask=64.58% (active=3165, masked=5771) | no_ctx=0.00 oracle=0.75 real_rag=0.25 | gc=0.00 | rag_trigger=4.00 | rag_emb_grad=1.50e-01
[2026-02-28 04:04:44] Step 1680/10000 | loss=0.4019 | lr=9.90e-06 | grad_norm=1.688 | mask=58.14% (active=2334, masked=3242) | no_ctx=0.00 oracle=0.88 real_rag=0.12 | gc=0.00 | rag_trigger=4.00 | rag_emb_grad=1.59e-01
[2026-02-28 04:04:54] Step 1690/10000 | loss=0.4090 | lr=9.89e-06 | grad_norm=1.758 | mask=62.81% (active=2541, masked=4291) | no_ctx=0.00 oracle=0.62 real_rag=0.38 | gc=0.00 | rag_trigger=4.00 | rag_emb_grad=2.10e-01
[2026-02-28 04:05:04] Step 1700/10000 | loss=0.4106 | lr=9.89e-06 | grad_norm=1.734 | mask=57.62% (active=3109, masked=4227) | no_ctx=0.00 oracle=0.88 real_rag=0.12 | gc=0.00 | rag_trigger=4.00 | rag_emb_grad=1.78e-01
[2026-02-28 04:05:13] Step 1710/10000 | loss=0.3377 | lr=9.89e-06 | grad_norm=1.828 | mask=65.69% (active=2325, masked=4451) | no_ctx=0.00 oracle=0.75 real_rag=0.25 | gc=0.00 | rag_trigger=4.00 | rag_emb_grad=1.82e-01
[2026-02-28 04:05:23] Step 1720/10000 | loss=0.3964 | lr=9.89e-06 | grad_norm=1.547 | mask=60.93% (active=2694, masked=4202) | no_ctx=0.00 oracle=0.88 real_rag=0.12 | gc=0.00 | rag_trigger=4.00 | rag_emb_grad=2.07e-01
[2026-02-28 04:05:33] Step 1730/10000 | loss=0.3463 | lr=9.89e-06 | grad_norm=1.641 | mask=60.60% (active=2115, masked=3253) | no_ctx=0.00 oracle=0.50 real_rag=0.50 | gc=0.00 | rag_trigger=4.00 | rag_emb_grad=1.51e-01
[2026-02-28 04:05:43] Step 1740/10000 | loss=0.4482 | lr=9.89e-06 | grad_norm=1.664 | mask=60.72% (active=2542, masked=3930) | no_ctx=0.00 oracle=0.88 real_rag=0.12 | gc=0.00 | rag_trigger=4.00 | rag_emb_grad=1.47e-01
[2026-02-28 04:05:53] Step 1750/10000 | loss=0.3930 | lr=9.88e-06 | grad_norm=1.750 | mask=65.28% (active=2014, masked=3786) | no_ctx=0.00 oracle=0.88 real_rag=0.12 | gc=0.00 | rag_trigger=4.00 | rag_emb_grad=1.95e-01
[2026-02-28 04:06:03] Step 1760/10000 | loss=0.3661 | lr=9.88e-06 | grad_norm=1.641 | mask=71.20% (active=2652, masked=6556) | no_ctx=0.00 oracle=0.62 real_rag=0.38 | gc=0.00 | rag_trigger=3.88 | rag_emb_grad=1.43e-01
[2026-02-28 04:06:13] Step 1770/10000 | loss=0.4029 | lr=9.88e-06 | grad_norm=1.680 | mask=61.94% (active=2795, masked=4549) | no_ctx=0.00 oracle=0.75 real_rag=0.25 | gc=0.00 | rag_trigger=4.00 | rag_emb_grad=2.01e-01
[2026-02-28 04:06:23] Step 1780/10000 | loss=0.4473 | lr=9.88e-06 | grad_norm=1.602 | mask=59.19% (active=2788, masked=4044) | no_ctx=0.00 oracle=0.88 real_rag=0.12 | gc=0.00 | rag_trigger=4.00 | rag_emb_grad=1.50e-01
[2026-02-28 04:06:34] Step 1790/10000 | loss=0.4770 | lr=9.88e-06 | grad_norm=1.555 | mask=62.83% (active=2513, masked=4247) | no_ctx=0.00 oracle=0.75 real_rag=0.25 | gc=0.00 | rag_trigger=4.00 | rag_emb_grad=1.99e-01
[2026-02-28 04:06:45] Step 1800/10000 | loss=0.4061 | lr=9.88e-06 | grad_norm=1.602 | mask=66.08% (active=2855, masked=5561) | no_ctx=0.00 oracle=0.25 real_rag=0.75 | gc=0.00 | rag_trigger=4.00 | rag_emb_grad=1.54e-01
[2026-02-28 04:06:55] Step 1810/10000 | loss=0.3870 | lr=9.87e-06 | grad_norm=1.703 | mask=63.21% (active=2817, masked=4839) | no_ctx=0.00 oracle=0.62 real_rag=0.38 | gc=0.00 | rag_trigger=4.00 | rag_emb_grad=2.20e-01
[2026-02-28 04:07:06] Step 1820/10000 | loss=0.3630 | lr=9.87e-06 | grad_norm=1.742 | mask=63.79% (active=2445, masked=4307) | no_ctx=0.00 oracle=0.88 real_rag=0.12 | gc=0.00 | rag_trigger=4.00 | rag_emb_grad=2.00e-01
[2026-02-28 04:07:16] Step 1830/10000 | loss=0.4027 | lr=9.87e-06 | grad_norm=1.656 | mask=71.96% (active=3288, masked=8440) | no_ctx=0.00 oracle=0.62 real_rag=0.38 | gc=0.00 | rag_trigger=4.00 | rag_emb_grad=1.60e-01
[2026-02-28 04:07:26] Step 1840/10000 | loss=0.4029 | lr=9.87e-06 | grad_norm=1.656 | mask=55.07% (active=2915, masked=3573) | no_ctx=0.00 oracle=0.62 real_rag=0.38 | gc=0.00 | rag_trigger=4.00 | rag_emb_grad=3.26e-01
[2026-02-28 04:07:36] Step 1850/10000 | loss=0.4125 | lr=9.87e-06 | grad_norm=1.617 | mask=66.18% (active=2654, masked=5194) | no_ctx=0.00 oracle=0.75 real_rag=0.25 | gc=0.00 | rag_trigger=4.00 | rag_emb_grad=2.01e-01
[2026-02-28 04:07:46] Step 1860/10000 | loss=0.4017 | lr=9.87e-06 | grad_norm=1.648 | mask=61.45% (active=2452, masked=3908) | no_ctx=0.00 oracle=0.50 real_rag=0.50 | gc=0.00 | rag_trigger=4.00 | rag_emb_grad=2.17e-01
[2026-02-28 04:07:56] Step 1870/10000 | loss=0.3654 | lr=9.86e-06 | grad_norm=1.539 | mask=60.36% (active=2746, masked=4182) | no_ctx=0.00 oracle=0.88 real_rag=0.12 | gc=0.00 | rag_trigger=4.00 | rag_emb_grad=1.40e-01
[2026-02-28 04:08:06] Step 1880/10000 | loss=0.4061 | lr=9.86e-06 | grad_norm=1.500 | mask=56.66% (active=3419, masked=4469) | no_ctx=0.00 oracle=0.75 real_rag=0.25 | gc=0.00 | rag_trigger=4.00 | rag_emb_grad=1.76e-01
[2026-02-28 04:08:17] Step 1890/10000 | loss=0.4128 | lr=9.86e-06 | grad_norm=1.625 | mask=57.62% (active=3916, masked=5324) | no_ctx=0.00 oracle=0.62 real_rag=0.38 | gc=0.00 | rag_trigger=3.75 | rag_emb_grad=1.88e-01
[2026-02-28 04:08:26] Step 1900/10000 | loss=0.3492 | lr=9.86e-06 | grad_norm=1.820 | mask=62.93% (active=2266, masked=3846) | no_ctx=0.00 oracle=0.50 real_rag=0.50 | gc=0.00 | rag_trigger=4.00 | rag_emb_grad=3.55e-01
[2026-02-28 04:08:35] Step 1910/10000 | loss=0.4072 | lr=9.86e-06 | grad_norm=1.703 | mask=59.11% (active=2401, masked=3471) | no_ctx=0.00 oracle=0.75 real_rag=0.25 | gc=0.00 | rag_trigger=4.00 | rag_emb_grad=1.92e-01
[2026-02-28 04:08:45] Step 1920/10000 | loss=0.4313 | lr=9.85e-06 | grad_norm=1.688 | mask=66.48% (active=2596, masked=5148) | no_ctx=0.00 oracle=1.00 real_rag=0.00 | gc=0.00 | rag_trigger=4.00 | rag_emb_grad=1.46e-01
[2026-02-28 04:08:55] Step 1930/10000 | loss=0.4220 | lr=9.85e-06 | grad_norm=1.766 | mask=59.45% (active=3027, masked=4437) | no_ctx=0.00 oracle=0.62 real_rag=0.38 | gc=0.00 | rag_trigger=4.00 | rag_emb_grad=2.01e-01
[2026-02-28 04:09:05] Step 1940/10000 | loss=0.4189 | lr=9.85e-06 | grad_norm=1.688 | mask=61.84% (active=2152, masked=3488) | no_ctx=0.00 oracle=0.88 real_rag=0.12 | gc=0.00 | rag_trigger=4.00 | rag_emb_grad=2.10e-01
[2026-02-28 04:09:15] Step 1950/10000 | loss=0.3789 | lr=9.85e-06 | grad_norm=1.508 | mask=60.99% (active=3143, masked=4913) | no_ctx=0.00 oracle=0.88 real_rag=0.12 | gc=0.00 | rag_trigger=4.00 | rag_emb_grad=1.77e-01
[2026-02-28 04:09:25] Step 1960/10000 | loss=0.3744 | lr=9.85e-06 | grad_norm=1.578 | mask=61.93% (active=2750, masked=4474) | no_ctx=0.00 oracle=0.50 real_rag=0.50 | gc=0.00 | rag_trigger=4.00 | rag_emb_grad=2.56e-01
[2026-02-28 04:09:35] Step 1970/10000 | loss=0.4433 | lr=9.84e-06 | grad_norm=1.766 | mask=57.87% (active=2501, masked=3435) | no_ctx=0.00 oracle=0.88 real_rag=0.12 | gc=0.00 | rag_trigger=4.00 | rag_emb_grad=1.67e-01
[2026-02-28 04:09:45] Step 1980/10000 | loss=0.3907 | lr=9.84e-06 | grad_norm=1.695 | mask=60.75% (active=2942, masked=4554) | no_ctx=0.00 oracle=0.88 real_rag=0.12 | gc=0.00 | rag_trigger=4.00 | rag_emb_grad=2.16e-01
[2026-02-28 04:09:56] Step 1990/10000 | loss=0.4270 | lr=9.84e-06 | grad_norm=1.828 | mask=61.01% (active=3693, masked=5779) | no_ctx=0.00 oracle=0.75 real_rag=0.25 | gc=0.00 | rag_trigger=4.00 | rag_emb_grad=3.44e-01
[2026-02-28 04:10:05] Step 2000/10000 | loss=0.3979 | lr=9.84e-06 | grad_norm=1.750 | mask=58.02% (active=2774, masked=3834) | no_ctx=0.00 oracle=0.75 real_rag=0.25 | gc=0.00 | rag_trigger=4.00 | rag_emb_grad=2.11e-01
[2026-02-28 04:10:26] Saved: results/rag_oracle_20260228_033232/P10_rag_token_oracle07_noctx0_8b/checkpoints/step_2000
[2026-02-28 04:10:37] Step 2010/10000 | loss=0.3958 | lr=9.84e-06 | grad_norm=1.617 | mask=65.59% (active=2794, masked=5326) | no_ctx=0.00 oracle=0.62 real_rag=0.38 | gc=0.00 | rag_trigger=4.00 | rag_emb_grad=1.52e-01
[2026-02-28 04:10:47] Step 2020/10000 | loss=0.4520 | lr=9.83e-06 | grad_norm=1.711 | mask=61.79% (active=2164, masked=3500) | no_ctx=0.00 oracle=0.88 real_rag=0.12 | gc=0.00 | rag_trigger=4.00 | rag_emb_grad=1.68e-01
[2026-02-28 04:10:56] Step 2030/10000 | loss=0.3924 | lr=9.83e-06 | grad_norm=1.648 | mask=67.47% (active=2878, masked=5970) | no_ctx=0.00 oracle=0.62 real_rag=0.38 | gc=0.00 | rag_trigger=4.00 | rag_emb_grad=1.50e-01
[2026-02-28 04:11:06] Step 2040/10000 | loss=0.3632 | lr=9.83e-06 | grad_norm=1.625 | mask=63.71% (active=2160, masked=3792) | no_ctx=0.00 oracle=0.62 real_rag=0.38 | gc=0.00 | rag_trigger=4.00 | rag_emb_grad=1.66e-01
[2026-02-28 04:11:17] Step 2050/10000 | loss=0.4085 | lr=9.83e-06 | grad_norm=1.562 | mask=69.71% (active=2653, masked=6107) | no_ctx=0.00 oracle=0.62 real_rag=0.38 | gc=0.00 | rag_trigger=4.00 | rag_emb_grad=1.51e-01
[2026-02-28 04:11:27] Step 2060/10000 | loss=0.4015 | lr=9.83e-06 | grad_norm=1.742 | mask=60.08% (active=2603, masked=3917) | no_ctx=0.00 oracle=0.88 real_rag=0.12 | gc=0.00 | rag_trigger=4.00 | rag_emb_grad=1.53e-01
[2026-02-28 04:11:37] Step 2070/10000 | loss=0.3603 | lr=9.82e-06 | grad_norm=1.531 | mask=61.28% (active=2909, masked=4603) | no_ctx=0.00 oracle=0.75 real_rag=0.25 | gc=0.00 | rag_trigger=4.00 | rag_emb_grad=1.51e-01
[2026-02-28 04:11:47] Step 2080/10000 | loss=0.4239 | lr=9.82e-06 | grad_norm=1.688 | mask=62.09% (active=2854, masked=4674) | no_ctx=0.00 oracle=0.50 real_rag=0.50 | gc=0.00 | rag_trigger=4.00 | rag_emb_grad=2.46e-01
[2026-02-28 04:11:57] Step 2090/10000 | loss=0.4010 | lr=9.82e-06 | grad_norm=1.648 | mask=56.63% (active=2460, masked=3212) | no_ctx=0.00 oracle=0.75 real_rag=0.25 | gc=0.00 | rag_trigger=4.00 | rag_emb_grad=1.56e-01
[2026-02-28 04:12:06] Step 2100/10000 | loss=0.3582 | lr=9.82e-06 | grad_norm=1.500 | mask=61.72% (active=2358, masked=3802) | no_ctx=0.00 oracle=0.75 real_rag=0.25 | gc=0.00 | rag_trigger=4.00 | rag_emb_grad=2.15e-01
[2026-02-28 04:12:16] Step 2110/10000 | loss=0.4187 | lr=9.82e-06 | grad_norm=1.508 | mask=62.65% (active=2985, masked=5007) | no_ctx=0.00 oracle=0.88 real_rag=0.12 | gc=0.00 | rag_trigger=4.00 | rag_emb_grad=2.12e-01
[2026-02-28 04:12:26] Step 2120/10000 | loss=0.4314 | lr=9.81e-06 | grad_norm=1.570 | mask=61.74% (active=2862, masked=4618) | no_ctx=0.00 oracle=0.25 real_rag=0.75 | gc=0.00 | rag_trigger=4.00 | rag_emb_grad=1.38e-01
[2026-02-28 04:12:37] Step 2130/10000 | loss=0.4452 | lr=9.81e-06 | grad_norm=1.648 | mask=53.42% (active=3309, masked=3795) | no_ctx=0.00 oracle=0.50 real_rag=0.50 | gc=0.00 | rag_trigger=4.00 | rag_emb_grad=1.42e-01
[2026-02-28 04:12:47] Step 2140/10000 | loss=0.4275 | lr=9.81e-06 | grad_norm=1.680 | mask=57.81% (active=2808, masked=3848) | no_ctx=0.00 oracle=0.50 real_rag=0.50 | gc=0.00 | rag_trigger=4.00 | rag_emb_grad=1.55e-01
[2026-02-28 04:12:58] Step 2150/10000 | loss=0.4141 | lr=9.81e-06 | grad_norm=1.578 | mask=70.12% (active=2644, masked=6204) | no_ctx=0.00 oracle=0.62 real_rag=0.38 | gc=0.00 | rag_trigger=4.00 | rag_emb_grad=1.39e-01
[2026-02-28 04:13:08] Step 2160/10000 | loss=0.4086 | lr=9.80e-06 | grad_norm=1.586 | mask=65.72% (active=2726, masked=5226) | no_ctx=0.00 oracle=0.62 real_rag=0.38 | gc=0.00 | rag_trigger=4.00 | rag_emb_grad=1.74e-01
[2026-02-28 04:13:18] Step 2170/10000 | loss=0.3791 | lr=9.80e-06 | grad_norm=1.688 | mask=60.44% (active=3060, masked=4676) | no_ctx=0.00 oracle=1.00 real_rag=0.00 | gc=0.00 | rag_trigger=4.00 | rag_emb_grad=1.54e-01
[2026-02-28 04:13:28] Step 2180/10000 | loss=0.3988 | lr=9.80e-06 | grad_norm=1.633 | mask=67.79% (active=2582, masked=5434) | no_ctx=0.00 oracle=0.88 real_rag=0.12 | gc=0.00 | rag_trigger=4.00 | rag_emb_grad=1.64e-01
[2026-02-28 04:13:38] Step 2190/10000 | loss=0.4373 | lr=9.80e-06 | grad_norm=1.773 | mask=61.70% (active=2782, masked=4482) | no_ctx=0.00 oracle=0.75 real_rag=0.25 | gc=0.00 | rag_trigger=4.00 | rag_emb_grad=1.38e-01
[2026-02-28 04:13:49] Step 2200/10000 | loss=0.3852 | lr=9.80e-06 | grad_norm=1.484 | mask=66.26% (active=2856, masked=5608) | no_ctx=0.00 oracle=0.75 real_rag=0.25 | gc=0.00 | rag_trigger=4.00 | rag_emb_grad=1.46e-01
[2026-02-28 04:13:59] Step 2210/10000 | loss=0.4544 | lr=9.79e-06 | grad_norm=1.570 | mask=59.03% (active=3045, masked=4387) | no_ctx=0.00 oracle=0.75 real_rag=0.25 | gc=0.00 | rag_trigger=4.00 | rag_emb_grad=1.48e-01
[2026-02-28 04:14:08] Step 2220/10000 | loss=0.3711 | lr=9.79e-06 | grad_norm=1.938 | mask=69.40% (active=2125, masked=4819) | no_ctx=0.00 oracle=1.00 real_rag=0.00 | gc=0.00 | rag_trigger=4.00 | rag_emb_grad=2.40e-01
[2026-02-28 04:14:19] Step 2230/10000 | loss=0.3862 | lr=9.79e-06 | grad_norm=1.469 | mask=62.74% (active=4087, masked=6881) | no_ctx=0.00 oracle=0.88 real_rag=0.12 | gc=0.00 | rag_trigger=4.00 | rag_emb_grad=1.02e-01
[2026-02-28 04:14:29] Step 2240/10000 | loss=0.3647 | lr=9.79e-06 | grad_norm=1.602 | mask=56.37% (active=2639, masked=3409) | no_ctx=0.00 oracle=0.75 real_rag=0.25 | gc=0.00 | rag_trigger=4.00 | rag_emb_grad=1.12e-01
[2026-02-28 04:14:39] Step 2250/10000 | loss=0.4355 | lr=9.78e-06 | grad_norm=1.609 | mask=63.86% (active=2550, masked=4506) | no_ctx=0.00 oracle=0.75 real_rag=0.25 | gc=0.00 | rag_trigger=4.00 | rag_emb_grad=1.46e-01
[2026-02-28 04:14:50] Step 2260/10000 | loss=0.3491 | lr=9.78e-06 | grad_norm=1.625 | mask=70.78% (active=2990, masked=7242) | no_ctx=0.00 oracle=0.75 real_rag=0.25 | gc=0.00 | rag_trigger=4.00 | rag_emb_grad=1.73e-01
[2026-02-28 04:15:00] Step 2270/10000 | loss=0.3806 | lr=9.78e-06 | grad_norm=1.438 | mask=61.00% (active=2727, masked=4265) | no_ctx=0.00 oracle=0.62 real_rag=0.38 | gc=0.00 | rag_trigger=4.00 | rag_emb_grad=1.19e-01
[2026-02-28 04:15:09] Step 2280/10000 | loss=0.4032 | lr=9.78e-06 | grad_norm=1.812 | mask=58.78% (active=2958, masked=4218) | no_ctx=0.00 oracle=0.88 real_rag=0.12 | gc=0.00 | rag_trigger=4.00 | rag_emb_grad=1.72e-01
[2026-02-28 04:15:19] Step 2290/10000 | loss=0.3953 | lr=9.77e-06 | grad_norm=1.664 | mask=64.38% (active=2961, masked=5351) | no_ctx=0.00 oracle=0.88 real_rag=0.12 | gc=0.00 | rag_trigger=4.00 | rag_emb_grad=2.60e-01
[2026-02-28 04:15:28] Step 2300/10000 | loss=0.4040 | lr=9.77e-06 | grad_norm=1.602 | mask=61.77% (active=2554, masked=4126) | no_ctx=0.00 oracle=0.62 real_rag=0.38 | gc=0.00 | rag_trigger=4.00 | rag_emb_grad=1.57e-01
[2026-02-28 04:15:39] Step 2310/10000 | loss=0.3833 | lr=9.77e-06 | grad_norm=1.438 | mask=58.38% (active=2927, masked=4105) | no_ctx=0.00 oracle=0.88 real_rag=0.12 | gc=0.00 | rag_trigger=4.00 | rag_emb_grad=1.71e-01
[2026-02-28 04:15:49] Step 2320/10000 | loss=0.3977 | lr=9.77e-06 | grad_norm=1.523 | mask=60.65% (active=2572, masked=3964) | no_ctx=0.00 oracle=0.50 real_rag=0.50 | gc=0.00 | rag_trigger=4.00 | rag_emb_grad=1.58e-01
[2026-02-28 04:15:59] Step 2330/10000 | loss=0.4217 | lr=9.77e-06 | grad_norm=1.664 | mask=65.36% (active=2364, masked=4460) | no_ctx=0.00 oracle=0.38 real_rag=0.62 | gc=0.00 | rag_trigger=4.00 | rag_emb_grad=1.64e-01
[2026-02-28 04:16:11] Step 2340/10000 | loss=0.4187 | lr=9.76e-06 | grad_norm=1.578 | mask=69.39% (active=2657, masked=6023) | no_ctx=0.00 oracle=0.88 real_rag=0.12 | gc=0.00 | rag_trigger=4.00 | rag_emb_grad=3.05e-01
[2026-02-28 04:16:21] Step 2350/10000 | loss=0.4023 | lr=9.76e-06 | grad_norm=1.641 | mask=66.48% (active=1987, masked=3941) | no_ctx=0.00 oracle=0.62 real_rag=0.38 | gc=0.00 | rag_trigger=3.75 | rag_emb_grad=2.09e-01
[2026-02-28 04:16:32] Step 2360/10000 | loss=0.4333 | lr=9.76e-06 | grad_norm=1.539 | mask=65.56% (active=2885, masked=5491) | no_ctx=0.00 oracle=0.75 real_rag=0.25 | gc=0.00 | rag_trigger=4.00 | rag_emb_grad=1.36e-01
[2026-02-28 04:16:43] Step 2370/10000 | loss=0.4133 | lr=9.76e-06 | grad_norm=1.703 | mask=60.02% (active=2690, masked=4038) | no_ctx=0.00 oracle=0.62 real_rag=0.38 | gc=0.00 | rag_trigger=4.00 | rag_emb_grad=1.33e-01
[2026-02-28 04:16:53] Step 2380/10000 | loss=0.4155 | lr=9.75e-06 | grad_norm=1.578 | mask=60.13% (active=2322, masked=3502) | no_ctx=0.00 oracle=0.62 real_rag=0.38 | gc=0.00 | rag_trigger=4.00 | rag_emb_grad=1.59e-01
[2026-02-28 04:17:03] Step 2390/10000 | loss=0.4191 | lr=9.75e-06 | grad_norm=1.766 | mask=66.29% (active=2613, masked=5139) | no_ctx=0.00 oracle=0.62 real_rag=0.38 | gc=0.00 | rag_trigger=4.00 | rag_emb_grad=1.82e-01
[2026-02-28 04:17:14] Step 2400/10000 | loss=0.4367 | lr=9.75e-06 | grad_norm=1.516 | mask=66.23% (active=3042, masked=5966) | no_ctx=0.00 oracle=0.50 real_rag=0.50 | gc=0.00 | rag_trigger=4.00 | rag_emb_grad=1.36e-01
[2026-02-28 04:17:24] Step 2410/10000 | loss=0.3448 | lr=9.75e-06 | grad_norm=1.688 | mask=62.34% (active=2549, masked=4219) | no_ctx=0.00 oracle=0.88 real_rag=0.12 | gc=0.00 | rag_trigger=4.00 | rag_emb_grad=1.66e-01
[2026-02-28 04:17:34] Step 2420/10000 | loss=0.3490 | lr=9.74e-06 | grad_norm=1.586 | mask=63.27% (active=2624, masked=4520) | no_ctx=0.00 oracle=0.50 real_rag=0.50 | gc=0.00 | rag_trigger=4.00 | rag_emb_grad=1.86e-01
[2026-02-28 04:17:44] Step 2430/10000 | loss=0.4245 | lr=9.74e-06 | grad_norm=1.617 | mask=59.98% (active=3570, masked=5350) | no_ctx=0.00 oracle=0.50 real_rag=0.50 | gc=0.00 | rag_trigger=4.00 | rag_emb_grad=1.28e-01
[2026-02-28 04:17:55] Step 2440/10000 | loss=0.4152 | lr=9.74e-06 | grad_norm=1.828 | mask=71.10% (active=2610, masked=6422) | no_ctx=0.00 oracle=0.88 real_rag=0.12 | gc=0.00 | rag_trigger=4.00 | rag_emb_grad=2.14e-01
[2026-02-28 04:18:05] Step 2450/10000 | loss=0.4097 | lr=9.74e-06 | grad_norm=1.594 | mask=68.20% (active=3025, masked=6487) | no_ctx=0.00 oracle=0.88 real_rag=0.12 | gc=0.00 | rag_trigger=4.00 | rag_emb_grad=1.30e-01
[2026-02-28 04:18:14] Step 2460/10000 | loss=0.4322 | lr=9.73e-06 | grad_norm=1.656 | mask=61.37% (active=2330, masked=3702) | no_ctx=0.00 oracle=0.62 real_rag=0.38 | gc=0.00 | rag_trigger=4.00 | rag_emb_grad=9.57e-02
[2026-02-28 04:18:24] Step 2470/10000 | loss=0.4338 | lr=9.73e-06 | grad_norm=1.656 | mask=58.54% (active=2242, masked=3166) | no_ctx=0.00 oracle=0.88 real_rag=0.12 | gc=0.00 | rag_trigger=4.00 | rag_emb_grad=1.87e-01
[2026-02-28 04:18:34] Step 2480/10000 | loss=0.3833 | lr=9.73e-06 | grad_norm=1.578 | mask=58.42% (active=2315, masked=3253) | no_ctx=0.00 oracle=0.88 real_rag=0.12 | gc=0.00 | rag_trigger=4.00 | rag_emb_grad=1.84e-01
[2026-02-28 04:18:44] Step 2490/10000 | loss=0.3853 | lr=9.72e-06 | grad_norm=1.828 | mask=65.88% (active=2361, masked=4559) | no_ctx=0.00 oracle=0.75 real_rag=0.25 | gc=0.00 | rag_trigger=4.00 | rag_emb_grad=1.61e-01
[2026-02-28 04:18:53] Step 2500/10000 | loss=0.3643 | lr=9.72e-06 | grad_norm=1.641 | mask=65.52% (active=2281, masked=4335) | no_ctx=0.00 oracle=0.75 real_rag=0.25 | gc=0.00 | rag_trigger=4.00 | rag_emb_grad=1.40e-01
[2026-02-28 04:19:06] Saved: results/rag_oracle_20260228_033232/P10_rag_token_oracle07_noctx0_8b/checkpoints/step_2500
[2026-02-28 04:19:17] Step 2510/10000 | loss=0.3485 | lr=9.72e-06 | grad_norm=1.578 | mask=61.81% (active=2612, masked=4228) | no_ctx=0.00 oracle=0.88 real_rag=0.12 | gc=0.00 | rag_trigger=4.00 | rag_emb_grad=1.66e-01
[2026-02-28 04:19:26] Step 2520/10000 | loss=0.3816 | lr=9.72e-06 | grad_norm=1.453 | mask=57.29% (active=2535, masked=3401) | no_ctx=0.00 oracle=0.88 real_rag=0.12 | gc=0.00 | rag_trigger=4.00 | rag_emb_grad=1.34e-01
[2026-02-28 04:19:36] Step 2530/10000 | loss=0.3789 | lr=9.71e-06 | grad_norm=1.797 | mask=62.68% (active=2051, masked=3445) | no_ctx=0.00 oracle=0.62 real_rag=0.38 | gc=0.00 | rag_trigger=4.00 | rag_emb_grad=1.90e-01
[2026-02-28 04:19:47] Step 2540/10000 | loss=0.3785 | lr=9.71e-06 | grad_norm=1.766 | mask=61.58% (active=2745, masked=4399) | no_ctx=0.00 oracle=0.50 real_rag=0.50 | gc=0.00 | rag_trigger=4.00 | rag_emb_grad=1.73e-01
[2026-02-28 04:19:56] Step 2550/10000 | loss=0.3386 | lr=9.71e-06 | grad_norm=1.562 | mask=57.06% (active=2903, masked=3857) | no_ctx=0.00 oracle=0.75 real_rag=0.25 | gc=0.00 | rag_trigger=4.00 | rag_emb_grad=1.45e-01
[2026-02-28 04:20:05] Step 2560/10000 | loss=0.3827 | lr=9.71e-06 | grad_norm=1.648 | mask=60.27% (active=2927, masked=4441) | no_ctx=0.00 oracle=0.75 real_rag=0.25 | gc=0.00 | rag_trigger=4.00 | rag_emb_grad=1.83e-01
[2026-02-28 04:20:16] Step 2570/10000 | loss=0.4166 | lr=9.70e-06 | grad_norm=1.695 | mask=68.25% (active=3035, masked=6525) | no_ctx=0.00 oracle=0.75 real_rag=0.25 | gc=0.00 | rag_trigger=4.00 | rag_emb_grad=1.60e-01
[2026-02-28 04:20:27] Step 2580/10000 | loss=0.4061 | lr=9.70e-06 | grad_norm=1.500 | mask=65.19% (active=3024, masked=5664) | no_ctx=0.00 oracle=1.00 real_rag=0.00 | gc=0.00 | rag_trigger=4.00 | rag_emb_grad=1.52e-01
[2026-02-28 04:20:38] Step 2590/10000 | loss=0.3871 | lr=9.70e-06 | grad_norm=1.391 | mask=67.99% (active=2748, masked=5836) | no_ctx=0.00 oracle=0.88 real_rag=0.12 | gc=0.00 | rag_trigger=4.00 | rag_emb_grad=2.34e-01
[2026-02-28 04:20:48] Step 2600/10000 | loss=0.3790 | lr=9.70e-06 | grad_norm=1.602 | mask=63.39% (active=2378, masked=4118) | no_ctx=0.00 oracle=0.25 real_rag=0.75 | gc=0.00 | rag_trigger=4.00 | rag_emb_grad=2.19e-01
[2026-02-28 04:20:57] Step 2610/10000 | loss=0.3823 | lr=9.69e-06 | grad_norm=1.469 | mask=58.92% (active=2754, masked=3950) | no_ctx=0.00 oracle=0.88 real_rag=0.12 | gc=0.00 | rag_trigger=4.00 | rag_emb_grad=1.30e-01
[2026-02-28 04:21:08] Step 2620/10000 | loss=0.4147 | lr=9.69e-06 | grad_norm=1.609 | mask=64.24% (active=3696, masked=6640) | no_ctx=0.00 oracle=0.75 real_rag=0.25 | gc=0.00 | rag_trigger=4.00 | rag_emb_grad=1.15e-01
[2026-02-28 04:21:18] Step 2630/10000 | loss=0.4019 | lr=9.69e-06 | grad_norm=1.930 | mask=61.94% (active=2518, masked=4098) | no_ctx=0.00 oracle=0.75 real_rag=0.25 | gc=0.00 | rag_trigger=4.00 | rag_emb_grad=2.02e-01
[2026-02-28 04:21:27] Step 2640/10000 | loss=0.3964 | lr=9.68e-06 | grad_norm=1.727 | mask=58.56% (active=2589, masked=3659) | no_ctx=0.00 oracle=0.62 real_rag=0.38 | gc=0.00 | rag_trigger=4.00 | rag_emb_grad=1.69e-01
[2026-02-28 04:21:37] Step 2650/10000 | loss=0.3784 | lr=9.68e-06 | grad_norm=1.570 | mask=68.04% (active=2411, masked=5133) | no_ctx=0.00 oracle=0.88 real_rag=0.12 | gc=0.00 | rag_trigger=4.00 | rag_emb_grad=1.83e-01
[2026-02-28 04:21:46] Step 2660/10000 | loss=0.3703 | lr=9.68e-06 | grad_norm=1.828 | mask=58.16% (active=2517, masked=3499) | no_ctx=0.00 oracle=0.88 real_rag=0.12 | gc=0.00 | rag_trigger=4.00 | rag_emb_grad=2.26e-01
[2026-02-28 04:21:55] Step 2670/10000 | loss=0.3729 | lr=9.68e-06 | grad_norm=1.547 | mask=68.42% (active=2221, masked=4811) | no_ctx=0.00 oracle=0.62 real_rag=0.38 | gc=0.00 | rag_trigger=4.00 | rag_emb_grad=1.34e-01
[2026-02-28 04:22:04] Step 2680/10000 | loss=0.3790 | lr=9.67e-06 | grad_norm=1.695 | mask=62.74% (active=2161, masked=3639) | no_ctx=0.00 oracle=0.62 real_rag=0.38 | gc=0.00 | rag_trigger=4.00 | rag_emb_grad=2.08e-01
[2026-02-28 04:22:14] Step 2690/10000 | loss=0.4080 | lr=9.67e-06 | grad_norm=1.547 | mask=56.44% (active=3464, masked=4488) | no_ctx=0.00 oracle=0.75 real_rag=0.25 | gc=0.00 | rag_trigger=4.00 | rag_emb_grad=1.56e-01
[2026-02-28 04:22:25] Step 2700/10000 | loss=0.4162 | lr=9.67e-06 | grad_norm=1.742 | mask=58.16% (active=2537, masked=3527) | no_ctx=0.00 oracle=0.62 real_rag=0.38 | gc=0.00 | rag_trigger=4.00 | rag_emb_grad=1.64e-01
[2026-02-28 04:22:35] Step 2710/10000 | loss=0.3597 | lr=9.66e-06 | grad_norm=1.508 | mask=64.04% (active=1979, masked=3525) | no_ctx=0.00 oracle=0.62 real_rag=0.38 | gc=0.00 | rag_trigger=4.00 | rag_emb_grad=1.59e-01
[2026-02-28 04:22:45] Step 2720/10000 | loss=0.4185 | lr=9.66e-06 | grad_norm=1.609 | mask=60.35% (active=2991, masked=4553) | no_ctx=0.00 oracle=0.62 real_rag=0.38 | gc=0.00 | rag_trigger=4.00 | rag_emb_grad=1.54e-01
[2026-02-28 04:22:56] Step 2730/10000 | loss=0.4486 | lr=9.66e-06 | grad_norm=1.492 | mask=58.40% (active=2669, masked=3747) | no_ctx=0.00 oracle=0.75 real_rag=0.25 | gc=0.00 | rag_trigger=4.00 | rag_emb_grad=1.04e-01
[2026-02-28 04:23:06] Step 2740/10000 | loss=0.3778 | lr=9.66e-06 | grad_norm=1.648 | mask=63.43% (active=2741, masked=4755) | no_ctx=0.00 oracle=0.25 real_rag=0.75 | gc=0.00 | rag_trigger=4.00 | rag_emb_grad=1.55e-01
[2026-02-28 04:23:17] Step 2750/10000 | loss=0.4268 | lr=9.65e-06 | grad_norm=1.414 | mask=57.79% (active=3954, masked=5414) | no_ctx=0.00 oracle=0.50 real_rag=0.50 | gc=0.00 | rag_trigger=4.00 | rag_emb_grad=1.46e-01
[2026-02-28 04:23:27] Step 2760/10000 | loss=0.3880 | lr=9.65e-06 | grad_norm=1.766 | mask=60.85% (active=2831, masked=4401) | no_ctx=0.00 oracle=0.62 real_rag=0.38 | gc=0.00 | rag_trigger=4.00 | rag_emb_grad=2.83e-01
[2026-02-28 04:23:36] Step 2770/10000 | loss=0.3478 | lr=9.65e-06 | grad_norm=1.734 | mask=63.11% (active=2957, masked=5059) | no_ctx=0.00 oracle=0.75 real_rag=0.25 | gc=0.00 | rag_trigger=4.00 | rag_emb_grad=2.08e-01
[2026-02-28 04:23:46] Step 2780/10000 | loss=0.3944 | lr=9.64e-06 | grad_norm=1.773 | mask=62.93% (active=2426, masked=4118) | no_ctx=0.00 oracle=0.50 real_rag=0.50 | gc=0.00 | rag_trigger=4.00 | rag_emb_grad=2.30e-01
[2026-02-28 04:23:56] Step 2790/10000 | loss=0.4017 | lr=9.64e-06 | grad_norm=1.695 | mask=60.72% (active=2470, masked=3818) | no_ctx=0.00 oracle=0.75 real_rag=0.25 | gc=0.00 | rag_trigger=4.00 | rag_emb_grad=2.18e-01
[2026-02-28 04:24:05] Step 2800/10000 | loss=0.3666 | lr=9.64e-06 | grad_norm=1.281 | mask=62.11% (active=2537, masked=4159) | no_ctx=0.00 oracle=0.62 real_rag=0.38 | gc=0.00 | rag_trigger=4.00 | rag_emb_grad=1.16e-01
[2026-02-28 04:24:16] Step 2810/10000 | loss=0.4119 | lr=9.64e-06 | grad_norm=1.648 | mask=55.14% (active=2774, masked=3410) | no_ctx=0.00 oracle=0.75 real_rag=0.25 | gc=0.00 | rag_trigger=4.00 | rag_emb_grad=1.85e-01
[2026-02-28 04:24:25] Step 2820/10000 | loss=0.3598 | lr=9.63e-06 | grad_norm=1.586 | mask=61.97% (active=2641, masked=4303) | no_ctx=0.00 oracle=0.50 real_rag=0.50 | gc=0.00 | rag_trigger=4.00 | rag_emb_grad=1.40e-01
[2026-02-28 04:24:35] Step 2830/10000 | loss=0.4171 | lr=9.63e-06 | grad_norm=1.656 | mask=64.74% (active=2536, masked=4656) | no_ctx=0.00 oracle=0.62 real_rag=0.38 | gc=0.00 | rag_trigger=4.00 | rag_emb_grad=1.49e-01
[2026-02-28 04:24:46] Step 2840/10000 | loss=0.4378 | lr=9.63e-06 | grad_norm=1.789 | mask=67.55% (active=2721, masked=5663) | no_ctx=0.00 oracle=0.75 real_rag=0.25 | gc=0.00 | rag_trigger=4.00 | rag_emb_grad=1.71e-01
[2026-02-28 04:24:56] Step 2850/10000 | loss=0.3989 | lr=9.62e-06 | grad_norm=1.602 | mask=58.76% (active=2837, masked=4043) | no_ctx=0.00 oracle=0.62 real_rag=0.38 | gc=0.00 | rag_trigger=4.00 | rag_emb_grad=1.82e-01
[2026-02-28 04:25:05] Step 2860/10000 | loss=0.3943 | lr=9.62e-06 | grad_norm=1.641 | mask=62.28% (active=2547, masked=4205) | no_ctx=0.00 oracle=0.75 real_rag=0.25 | gc=0.00 | rag_trigger=4.00 | rag_emb_grad=1.30e-01
[2026-02-28 04:25:15] Step 2870/10000 | loss=0.3951 | lr=9.62e-06 | grad_norm=1.711 | mask=67.55% (active=2744, masked=5712) | no_ctx=0.00 oracle=0.62 real_rag=0.38 | gc=0.00 | rag_trigger=4.00 | rag_emb_grad=1.53e-01
[2026-02-28 04:25:25] Step 2880/10000 | loss=0.3746 | lr=9.61e-06 | grad_norm=1.461 | mask=63.01% (active=2708, masked=4612) | no_ctx=0.00 oracle=0.75 real_rag=0.25 | gc=0.00 | rag_trigger=4.00 | rag_emb_grad=1.15e-01
[2026-02-28 04:25:35] Step 2890/10000 | loss=0.4003 | lr=9.61e-06 | grad_norm=1.812 | mask=61.31% (active=3015, masked=4777) | no_ctx=0.00 oracle=0.50 real_rag=0.50 | gc=0.00 | rag_trigger=4.00 | rag_emb_grad=2.21e-01
[2026-02-28 04:25:44] Step 2900/10000 | loss=0.3771 | lr=9.61e-06 | grad_norm=1.523 | mask=60.29% (active=2767, masked=4201) | no_ctx=0.00 oracle=0.75 real_rag=0.25 | gc=0.00 | rag_trigger=4.00 | rag_emb_grad=1.46e-01
[2026-02-28 04:25:54] Step 2910/10000 | loss=0.4287 | lr=9.60e-06 | grad_norm=1.539 | mask=57.34% (active=2986, masked=4014) | no_ctx=0.00 oracle=0.50 real_rag=0.50 | gc=0.00 | rag_trigger=4.00 | rag_emb_grad=1.35e-01
[2026-02-28 04:26:04] Step 2920/10000 | loss=0.3815 | lr=9.60e-06 | grad_norm=1.523 | mask=61.27% (active=3554, masked=5622) | no_ctx=0.00 oracle=1.00 real_rag=0.00 | gc=0.00 | rag_trigger=4.00 | rag_emb_grad=1.45e-01
[2026-02-28 04:26:14] Step 2930/10000 | loss=0.3599 | lr=9.60e-06 | grad_norm=1.750 | mask=58.45% (active=2726, masked=3834) | no_ctx=0.00 oracle=0.75 real_rag=0.25 | gc=0.00 | rag_trigger=4.00 | rag_emb_grad=2.06e-01
[2026-02-28 04:26:24] Step 2940/10000 | loss=0.4245 | lr=9.60e-06 | grad_norm=1.719 | mask=63.66% (active=2672, masked=4680) | no_ctx=0.00 oracle=0.88 real_rag=0.12 | gc=0.00 | rag_trigger=4.00 | rag_emb_grad=2.06e-01
[2026-02-28 04:26:34] Step 2950/10000 | loss=0.4247 | lr=9.59e-06 | grad_norm=1.734 | mask=53.71% (active=3266, masked=3790) | no_ctx=0.00 oracle=0.50 real_rag=0.50 | gc=0.00 | rag_trigger=4.00 | rag_emb_grad=1.35e-01
[2026-02-28 04:26:44] Step 2960/10000 | loss=0.3545 | lr=9.59e-06 | grad_norm=1.617 | mask=70.24% (active=2309, masked=5451) | no_ctx=0.00 oracle=1.00 real_rag=0.00 | gc=0.00 | rag_trigger=4.00 | rag_emb_grad=1.49e-01
[2026-02-28 04:26:54] Step 2970/10000 | loss=0.4124 | lr=9.59e-06 | grad_norm=1.703 | mask=63.44% (active=2056, masked=3568) | no_ctx=0.00 oracle=0.62 real_rag=0.38 | gc=0.00 | rag_trigger=4.00 | rag_emb_grad=2.24e-01
[2026-02-28 04:27:04] Step 2980/10000 | loss=0.3369 | lr=9.58e-06 | grad_norm=1.469 | mask=67.33% (active=2661, masked=5483) | no_ctx=0.00 oracle=0.50 real_rag=0.50 | gc=0.00 | rag_trigger=4.00 | rag_emb_grad=1.44e-01
[2026-02-28 04:27:14] Step 2990/10000 | loss=0.3976 | lr=9.58e-06 | grad_norm=1.680 | mask=73.96% (active=2394, masked=6798) | no_ctx=0.00 oracle=0.62 real_rag=0.38 | gc=0.00 | rag_trigger=4.00 | rag_emb_grad=2.31e-01
[2026-02-28 04:27:23] Step 3000/10000 | loss=0.3902 | lr=9.58e-06 | grad_norm=1.688 | mask=62.36% (active=2340, masked=3876) | no_ctx=0.00 oracle=0.75 real_rag=0.25 | gc=0.00 | rag_trigger=4.00 | rag_emb_grad=1.59e-01
[2026-02-28 04:27:37] Saved: results/rag_oracle_20260228_033232/P10_rag_token_oracle07_noctx0_8b/checkpoints/step_3000
[2026-02-28 04:27:48] Step 3010/10000 | loss=0.4236 | lr=9.57e-06 | grad_norm=1.531 | mask=60.65% (active=2569, masked=3959) | no_ctx=0.00 oracle=0.62 real_rag=0.38 | gc=0.00 | rag_trigger=4.00 | rag_emb_grad=1.16e-01
[2026-02-28 04:27:58] Step 3020/10000 | loss=0.3857 | lr=9.57e-06 | grad_norm=1.680 | mask=59.44% (active=2502, masked=3666) | no_ctx=0.00 oracle=0.62 real_rag=0.38 | gc=0.00 | rag_trigger=4.00 | rag_emb_grad=2.58e-01
[2026-02-28 04:28:07] Step 3030/10000 | loss=0.3782 | lr=9.57e-06 | grad_norm=1.703 | mask=61.64% (active=2725, masked=4379) | no_ctx=0.00 oracle=0.88 real_rag=0.12 | gc=0.00 | rag_trigger=4.00 | rag_emb_grad=1.35e-01
[2026-02-28 04:28:18] Step 3040/10000 | loss=0.3937 | lr=9.56e-06 | grad_norm=1.430 | mask=67.36% (active=2653, masked=5475) | no_ctx=0.00 oracle=1.00 real_rag=0.00 | gc=0.00 | rag_trigger=4.00 | rag_emb_grad=1.14e-01
[2026-02-28 04:28:29] Step 3050/10000 | loss=0.4490 | lr=9.56e-06 | grad_norm=1.539 | mask=64.99% (active=3011, masked=5589) | no_ctx=0.00 oracle=0.62 real_rag=0.38 | gc=0.00 | rag_trigger=4.00 | rag_emb_grad=1.43e-01
[2026-02-28 04:28:39] Step 3060/10000 | loss=0.3811 | lr=9.56e-06 | grad_norm=1.516 | mask=62.76% (active=3146, masked=5302) | no_ctx=0.00 oracle=0.88 real_rag=0.12 | gc=0.00 | rag_trigger=4.00 | rag_emb_grad=1.27e-01
[2026-02-28 04:28:48] Step 3070/10000 | loss=0.3524 | lr=9.55e-06 | grad_norm=1.625 | mask=59.02% (active=2826, masked=4070) | no_ctx=0.00 oracle=0.88 real_rag=0.12 | gc=0.00 | rag_trigger=4.00 | rag_emb_grad=1.56e-01
[2026-02-28 04:28:58] Step 3080/10000 | loss=0.3565 | lr=9.55e-06 | grad_norm=1.539 | mask=60.10% (active=2764, masked=4164) | no_ctx=0.00 oracle=0.75 real_rag=0.25 | gc=0.00 | rag_trigger=4.00 | rag_emb_grad=1.57e-01
[2026-02-28 04:29:08] Step 3090/10000 | loss=0.3760 | lr=9.55e-06 | grad_norm=1.516 | mask=60.36% (active=2962, masked=4510) | no_ctx=0.00 oracle=0.50 real_rag=0.50 | gc=0.00 | rag_trigger=4.00 | rag_emb_grad=1.22e-01
[2026-02-28 04:29:17] Step 3100/10000 | loss=0.3379 | lr=9.54e-06 | grad_norm=1.562 | mask=65.40% (active=2270, masked=4290) | no_ctx=0.00 oracle=0.75 real_rag=0.25 | gc=0.00 | rag_trigger=4.00 | rag_emb_grad=1.68e-01
[2026-02-28 04:29:27] Step 3110/10000 | loss=0.4022 | lr=9.54e-06 | grad_norm=1.742 | mask=62.35% (active=2280, masked=3776) | no_ctx=0.00 oracle=1.00 real_rag=0.00 | gc=0.00 | rag_trigger=4.00 | rag_emb_grad=1.26e-01
[2026-02-28 04:29:37] Step 3120/10000 | loss=0.4355 | lr=9.54e-06 | grad_norm=1.586 | mask=57.29% (active=2761, masked=3703) | no_ctx=0.00 oracle=0.88 real_rag=0.12 | gc=0.00 | rag_trigger=4.00 | rag_emb_grad=1.28e-01
[2026-02-28 04:29:46] Step 3130/10000 | loss=0.3620 | lr=9.53e-06 | grad_norm=1.766 | mask=62.73% (active=2132, masked=3588) | no_ctx=0.00 oracle=0.75 real_rag=0.25 | gc=0.00 | rag_trigger=4.00 | rag_emb_grad=3.11e-01
[2026-02-28 04:29:57] Step 3140/10000 | loss=0.3952 | lr=9.53e-06 | grad_norm=1.648 | mask=58.16% (active=2688, masked=3736) | no_ctx=0.00 oracle=0.38 real_rag=0.62 | gc=0.00 | rag_trigger=4.00 | rag_emb_grad=1.60e-01
[2026-02-28 04:30:07] Step 3150/10000 | loss=0.4148 | lr=9.53e-06 | grad_norm=1.648 | mask=56.26% (active=2817, masked=3623) | no_ctx=0.00 oracle=0.62 real_rag=0.38 | gc=0.00 | rag_trigger=4.00 | rag_emb_grad=2.70e-01
[2026-02-28 04:30:17] Step 3160/10000 | loss=0.3884 | lr=9.52e-06 | grad_norm=1.695 | mask=68.62% (active=2061, masked=4507) | no_ctx=0.00 oracle=0.62 real_rag=0.38 | gc=0.00 | rag_trigger=4.00 | rag_emb_grad=1.64e-01
[2026-02-28 04:30:27] Step 3170/10000 | loss=0.3826 | lr=9.52e-06 | grad_norm=1.641 | mask=65.07% (active=3124, masked=5820) | no_ctx=0.00 oracle=0.50 real_rag=0.50 | gc=0.00 | rag_trigger=4.00 | rag_emb_grad=2.06e-01
[2026-02-28 04:30:37] Step 3180/10000 | loss=0.4208 | lr=9.52e-06 | grad_norm=1.703 | mask=66.38% (active=2886, masked=5698) | no_ctx=0.00 oracle=0.75 real_rag=0.25 | gc=0.00 | rag_trigger=4.00 | rag_emb_grad=1.28e-01
[2026-02-28 04:30:47] Step 3190/10000 | loss=0.4299 | lr=9.51e-06 | grad_norm=1.758 | mask=60.66% (active=2839, masked=4377) | no_ctx=0.00 oracle=0.50 real_rag=0.50 | gc=0.00 | rag_trigger=4.00 | rag_emb_grad=1.34e-01
[2026-02-28 04:30:57] Step 3200/10000 | loss=0.3592 | lr=9.51e-06 | grad_norm=1.508 | mask=64.20% (active=2214, masked=3970) | no_ctx=0.00 oracle=0.50 real_rag=0.50 | gc=0.00 | rag_trigger=4.00 | rag_emb_grad=1.11e-01
[2026-02-28 04:31:06] Step 3210/10000 | loss=0.3812 | lr=9.51e-06 | grad_norm=1.688 | mask=60.82% (active=2373, masked=3683) | no_ctx=0.00 oracle=1.00 real_rag=0.00 | gc=0.00 | rag_trigger=4.00 | rag_emb_grad=1.70e-01
[2026-02-28 04:31:17] Step 3220/10000 | loss=0.3757 | lr=9.50e-06 | grad_norm=1.430 | mask=63.77% (active=3139, masked=5525) | no_ctx=0.00 oracle=0.75 real_rag=0.25 | gc=0.00 | rag_trigger=4.00 | rag_emb_grad=1.17e-01
[2026-02-28 04:31:27] Step 3230/10000 | loss=0.3795 | lr=9.50e-06 | grad_norm=1.539 | mask=56.46% (active=3330, masked=4318) | no_ctx=0.00 oracle=0.62 real_rag=0.38 | gc=0.00 | rag_trigger=4.00 | rag_emb_grad=1.56e-01
[2026-02-28 04:31:37] Step 3240/10000 | loss=0.4234 | lr=9.50e-06 | grad_norm=1.570 | mask=60.40% (active=2655, masked=4049) | no_ctx=0.00 oracle=0.62 real_rag=0.38 | gc=0.00 | rag_trigger=4.00 | rag_emb_grad=1.67e-01
[2026-02-28 04:31:47] Step 3250/10000 | loss=0.3867 | lr=9.49e-06 | grad_norm=1.539 | mask=59.33% (active=2922, masked=4262) | no_ctx=0.00 oracle=0.75 real_rag=0.25 | gc=0.00 | rag_trigger=4.00 | rag_emb_grad=1.57e-01
[2026-02-28 04:31:57] Step 3260/10000 | loss=0.3638 | lr=9.49e-06 | grad_norm=1.547 | mask=64.52% (active=3193, masked=5807) | no_ctx=0.00 oracle=0.75 real_rag=0.25 | gc=0.00 | rag_trigger=4.00 | rag_emb_grad=1.78e-01
[2026-02-28 04:32:06] Step 3270/10000 | loss=0.3548 | lr=9.49e-06 | grad_norm=1.570 | mask=66.40% (active=2341, masked=4627) | no_ctx=0.00 oracle=1.00 real_rag=0.00 | gc=0.00 | rag_trigger=4.00 | rag_emb_grad=1.53e-01
[2026-02-28 04:32:17] Step 3280/10000 | loss=0.3907 | lr=9.48e-06 | grad_norm=1.648 | mask=61.75% (active=2463, masked=3977) | no_ctx=0.00 oracle=0.62 real_rag=0.38 | gc=0.00 | rag_trigger=4.00 | rag_emb_grad=1.57e-01
[2026-02-28 04:32:27] Step 3290/10000 | loss=0.3233 | lr=9.48e-06 | grad_norm=1.508 | mask=74.85% (active=2392, masked=7120) | no_ctx=0.00 oracle=0.75 real_rag=0.25 | gc=0.00 | rag_trigger=4.00 | rag_emb_grad=1.73e-01
[2026-02-28 04:32:37] Step 3300/10000 | loss=0.3847 | lr=9.47e-06 | grad_norm=1.555 | mask=58.50% (active=3270, masked=4610) | no_ctx=0.00 oracle=0.88 real_rag=0.12 | gc=0.00 | rag_trigger=4.00 | rag_emb_grad=1.69e-01
[2026-02-28 04:32:47] Step 3310/10000 | loss=0.3942 | lr=9.47e-06 | grad_norm=2.625 | mask=68.01% (active=2820, masked=5996) | no_ctx=0.00 oracle=0.62 real_rag=0.38 | gc=0.00 | rag_trigger=4.00 | rag_emb_grad=2.58e-01
[2026-02-28 04:32:57] Step 3320/10000 | loss=0.3901 | lr=9.47e-06 | grad_norm=1.750 | mask=63.81% (active=2290, masked=4038) | no_ctx=0.00 oracle=0.62 real_rag=0.38 | gc=0.00 | rag_trigger=4.00 | rag_emb_grad=1.54e-01
[2026-02-28 04:33:07] Step 3330/10000 | loss=0.3973 | lr=9.46e-06 | grad_norm=1.672 | mask=62.25% (active=3331, masked=5493) | no_ctx=0.00 oracle=0.75 real_rag=0.25 | gc=0.00 | rag_trigger=4.00 | rag_emb_grad=1.88e-01
[2026-02-28 04:33:18] Step 3340/10000 | loss=0.4029 | lr=9.46e-06 | grad_norm=1.516 | mask=63.22% (active=3184, masked=5472) | no_ctx=0.00 oracle=1.00 real_rag=0.00 | gc=0.00 | rag_trigger=4.00 | rag_emb_grad=1.27e-01
[2026-02-28 04:33:28] Step 3350/10000 | loss=0.3801 | lr=9.46e-06 | grad_norm=1.703 | mask=61.03% (active=2491, masked=3901) | no_ctx=0.00 oracle=0.88 real_rag=0.12 | gc=0.00 | rag_trigger=4.00 | rag_emb_grad=1.70e-01
[2026-02-28 04:33:38] Step 3360/10000 | loss=0.3881 | lr=9.45e-06 | grad_norm=1.562 | mask=57.08% (active=2915, masked=3877) | no_ctx=0.00 oracle=0.88 real_rag=0.12 | gc=0.00 | rag_trigger=4.00 | rag_emb_grad=1.37e-01
[2026-02-28 04:33:49] Step 3370/10000 | loss=0.4065 | lr=9.45e-06 | grad_norm=1.594 | mask=63.00% (active=2732, masked=4652) | no_ctx=0.00 oracle=0.62 real_rag=0.38 | gc=0.00 | rag_trigger=4.00 | rag_emb_grad=1.41e-01
[2026-02-28 04:33:58] Step 3380/10000 | loss=0.3649 | lr=9.45e-06 | grad_norm=1.789 | mask=69.52% (active=2597, masked=5923) | no_ctx=0.00 oracle=0.62 real_rag=0.38 | gc=0.00 | rag_trigger=4.00 | rag_emb_grad=3.75e-01
[2026-02-28 04:34:08] Step 3390/10000 | loss=0.3759 | lr=9.44e-06 | grad_norm=1.562 | mask=62.85% (active=2425, masked=4103) | no_ctx=0.00 oracle=0.62 real_rag=0.38 | gc=0.00 | rag_trigger=4.00 | rag_emb_grad=1.32e-01
[2026-02-28 04:34:18] Step 3400/10000 | loss=0.3754 | lr=9.44e-06 | grad_norm=1.586 | mask=59.57% (active=2791, masked=4113) | no_ctx=0.00 oracle=0.88 real_rag=0.12 | gc=0.00 | rag_trigger=4.00 | rag_emb_grad=1.51e-01
[2026-02-28 04:34:27] Step 3410/10000 | loss=0.3317 | lr=9.43e-06 | grad_norm=1.375 | mask=68.33% (active=2184, masked=4712) | no_ctx=0.00 oracle=0.62 real_rag=0.38 | gc=0.00 | rag_trigger=4.00 | rag_emb_grad=1.17e-01
[2026-02-28 04:34:37] Step 3420/10000 | loss=0.3869 | lr=9.43e-06 | grad_norm=1.641 | mask=61.49% (active=3096, masked=4944) | no_ctx=0.00 oracle=0.62 real_rag=0.38 | gc=0.00 | rag_trigger=4.00 | rag_emb_grad=2.66e-01
[2026-02-28 04:34:47] Step 3430/10000 | loss=0.4117 | lr=9.43e-06 | grad_norm=1.508 | mask=63.16% (active=2806, masked=4810) | no_ctx=0.00 oracle=0.88 real_rag=0.12 | gc=0.00 | rag_trigger=4.00 | rag_emb_grad=1.13e-01
[2026-02-28 04:34:56] Step 3440/10000 | loss=0.3743 | lr=9.42e-06 | grad_norm=1.617 | mask=61.44% (active=2483, masked=3957) | no_ctx=0.00 oracle=0.75 real_rag=0.25 | gc=0.00 | rag_trigger=4.00 | rag_emb_grad=1.65e-01
[2026-02-28 04:35:07] Step 3450/10000 | loss=0.4142 | lr=9.42e-06 | grad_norm=1.750 | mask=69.99% (active=2924, masked=6820) | no_ctx=0.00 oracle=0.75 real_rag=0.25 | gc=0.00 | rag_trigger=4.00 | rag_emb_grad=1.79e-01
[2026-02-28 04:35:17] Step 3460/10000 | loss=0.4462 | lr=9.42e-06 | grad_norm=1.562 | mask=59.50% (active=2414, masked=3546) | no_ctx=0.00 oracle=0.88 real_rag=0.12 | gc=0.00 | rag_trigger=4.00 | rag_emb_grad=1.46e-01
[2026-02-28 04:35:27] Step 3470/10000 | loss=0.3826 | lr=9.41e-06 | grad_norm=1.727 | mask=61.17% (active=2519, masked=3969) | no_ctx=0.00 oracle=0.75 real_rag=0.25 | gc=0.00 | rag_trigger=4.00 | rag_emb_grad=2.14e-01
[2026-02-28 04:35:38] Step 3480/10000 | loss=0.3918 | lr=9.41e-06 | grad_norm=1.453 | mask=69.01% (active=2338, masked=5206) | no_ctx=0.00 oracle=0.75 real_rag=0.25 | gc=0.00 | rag_trigger=4.00 | rag_emb_grad=1.72e-01
[2026-02-28 04:35:48] Step 3490/10000 | loss=0.3881 | lr=9.41e-06 | grad_norm=1.609 | mask=62.38% (active=2143, masked=3553) | no_ctx=0.00 oracle=0.50 real_rag=0.50 | gc=0.00 | rag_trigger=4.00 | rag_emb_grad=1.98e-01
[2026-02-28 04:35:57] Step 3500/10000 | loss=0.3827 | lr=9.40e-06 | grad_norm=1.508 | mask=65.13% (active=2410, masked=4502) | no_ctx=0.00 oracle=0.75 real_rag=0.25 | gc=0.00 | rag_trigger=4.00 | rag_emb_grad=1.24e-01
[2026-02-28 04:36:11] Saved: results/rag_oracle_20260228_033232/P10_rag_token_oracle07_noctx0_8b/checkpoints/step_3500
[2026-02-28 04:36:20] Step 3510/10000 | loss=0.3483 | lr=9.40e-06 | grad_norm=1.609 | mask=66.30% (active=2103, masked=4137) | no_ctx=0.00 oracle=0.88 real_rag=0.12 | gc=0.00 | rag_trigger=4.00 | rag_emb_grad=1.25e-01
[2026-02-28 04:36:31] Step 3520/10000 | loss=0.3827 | lr=9.39e-06 | grad_norm=1.562 | mask=66.30% (active=2890, masked=5686) | no_ctx=0.00 oracle=1.00 real_rag=0.00 | gc=0.00 | rag_trigger=4.00 | rag_emb_grad=1.40e-01
[2026-02-28 04:36:41] Step 3530/10000 | loss=0.4003 | lr=9.39e-06 | grad_norm=1.609 | mask=64.62% (active=2697, masked=4927) | no_ctx=0.00 oracle=0.88 real_rag=0.12 | gc=0.00 | rag_trigger=4.00 | rag_emb_grad=1.37e-01
[2026-02-28 04:36:51] Step 3540/10000 | loss=0.3656 | lr=9.39e-06 | grad_norm=1.766 | mask=65.13% (active=2455, masked=4585) | no_ctx=0.00 oracle=0.62 real_rag=0.38 | gc=0.00 | rag_trigger=3.88 | rag_emb_grad=1.42e-01
[2026-02-28 04:37:01] Step 3550/10000 | loss=0.4091 | lr=9.38e-06 | grad_norm=1.695 | mask=59.90% (active=2772, masked=4140) | no_ctx=0.00 oracle=0.62 real_rag=0.38 | gc=0.00 | rag_trigger=4.00 | rag_emb_grad=2.43e-01
[2026-02-28 04:37:12] Step 3560/10000 | loss=0.4216 | lr=9.38e-06 | grad_norm=1.531 | mask=58.37% (active=3011, masked=4221) | no_ctx=0.00 oracle=0.62 real_rag=0.38 | gc=0.00 | rag_trigger=4.00 | rag_emb_grad=1.59e-01
[2026-02-28 04:37:22] Step 3570/10000 | loss=0.3852 | lr=9.37e-06 | grad_norm=1.594 | mask=69.24% (active=2131, masked=4797) | no_ctx=0.00 oracle=0.75 real_rag=0.25 | gc=0.00 | rag_trigger=4.00 | rag_emb_grad=1.36e-01
[2026-02-28 04:37:33] Step 3580/10000 | loss=0.4087 | lr=9.37e-06 | grad_norm=1.656 | mask=68.05% (active=2781, masked=5923) | no_ctx=0.00 oracle=0.75 real_rag=0.25 | gc=0.00 | rag_trigger=4.00 | rag_emb_grad=1.71e-01
[2026-02-28 04:37:43] Step 3590/10000 | loss=0.3774 | lr=9.37e-06 | grad_norm=1.672 | mask=62.56% (active=3028, masked=5060) | no_ctx=0.00 oracle=0.62 real_rag=0.38 | gc=0.00 | rag_trigger=4.00 | rag_emb_grad=1.63e-01
[2026-02-28 04:37:52] Step 3600/10000 | loss=0.4018 | lr=9.36e-06 | grad_norm=1.695 | mask=60.09% (active=2586, masked=3894) | no_ctx=0.00 oracle=0.75 real_rag=0.25 | gc=0.00 | rag_trigger=4.00 | rag_emb_grad=1.07e-01
[2026-02-28 04:38:02] Step 3610/10000 | loss=0.3623 | lr=9.36e-06 | grad_norm=1.570 | mask=57.11% (active=2642, masked=3518) | no_ctx=0.00 oracle=0.50 real_rag=0.50 | gc=0.00 | rag_trigger=4.00 | rag_emb_grad=1.52e-01
[2026-02-28 04:38:12] Step 3620/10000 | loss=0.3989 | lr=9.36e-06 | grad_norm=1.781 | mask=67.67% (active=2594, masked=5430) | no_ctx=0.00 oracle=0.50 real_rag=0.50 | gc=0.00 | rag_trigger=4.00 | rag_emb_grad=1.30e-01
[2026-02-28 04:38:21] Step 3630/10000 | loss=0.3346 | lr=9.35e-06 | grad_norm=1.578 | mask=62.99% (active=2262, masked=3850) | no_ctx=0.00 oracle=0.88 real_rag=0.12 | gc=0.00 | rag_trigger=4.00 | rag_emb_grad=2.03e-01
[2026-02-28 04:38:31] Step 3640/10000 | loss=0.4036 | lr=9.35e-06 | grad_norm=1.508 | mask=60.49% (active=2766, masked=4234) | no_ctx=0.00 oracle=0.62 real_rag=0.38 | gc=0.00 | rag_trigger=4.00 | rag_emb_grad=1.31e-01
[2026-02-28 04:38:43] Step 3650/10000 | loss=0.4399 | lr=9.34e-06 | grad_norm=1.672 | mask=60.69% (active=2906, masked=4486) | no_ctx=0.00 oracle=0.62 real_rag=0.38 | gc=0.00 | rag_trigger=4.00 | rag_emb_grad=1.97e-01
[2026-02-28 04:38:53] Step 3660/10000 | loss=0.4132 | lr=9.34e-06 | grad_norm=1.609 | mask=69.02% (active=2709, masked=6035) | no_ctx=0.00 oracle=0.62 real_rag=0.38 | gc=0.00 | rag_trigger=4.00 | rag_emb_grad=1.31e-01
[2026-02-28 04:39:03] Step 3670/10000 | loss=0.4263 | lr=9.34e-06 | grad_norm=1.484 | mask=58.04% (active=3011, masked=4165) | no_ctx=0.00 oracle=0.75 real_rag=0.25 | gc=0.00 | rag_trigger=4.00 | rag_emb_grad=1.13e-01
[2026-02-28 04:39:13] Step 3680/10000 | loss=0.4098 | lr=9.33e-06 | grad_norm=1.672 | mask=62.61% (active=2306, masked=3862) | no_ctx=0.00 oracle=0.75 real_rag=0.25 | gc=0.00 | rag_trigger=4.00 | rag_emb_grad=1.99e-01
[2026-02-28 04:39:24] Step 3690/10000 | loss=0.3874 | lr=9.33e-06 | grad_norm=1.547 | mask=68.82% (active=2559, masked=5649) | no_ctx=0.00 oracle=1.00 real_rag=0.00 | gc=0.00 | rag_trigger=4.00 | rag_emb_grad=1.84e-01
[2026-02-28 04:39:33] Step 3700/10000 | loss=0.3896 | lr=9.32e-06 | grad_norm=1.492 | mask=59.48% (active=2580, masked=3788) | no_ctx=0.00 oracle=0.62 real_rag=0.38 | gc=0.00 | rag_trigger=4.00 | rag_emb_grad=1.51e-01
[2026-02-28 04:39:43] Step 3710/10000 | loss=0.3533 | lr=9.32e-06 | grad_norm=1.617 | mask=65.16% (active=2419, masked=4525) | no_ctx=0.00 oracle=0.88 real_rag=0.12 | gc=0.00 | rag_trigger=4.00 | rag_emb_grad=1.70e-01
[2026-02-28 04:39:53] Step 3720/10000 | loss=0.3812 | lr=9.32e-06 | grad_norm=1.695 | mask=66.51% (active=2508, masked=4980) | no_ctx=0.00 oracle=0.62 real_rag=0.38 | gc=0.00 | rag_trigger=4.00 | rag_emb_grad=2.22e-01
[2026-02-28 04:40:02] Step 3730/10000 | loss=0.3858 | lr=9.31e-06 | grad_norm=1.648 | mask=61.14% (active=2568, masked=4040) | no_ctx=0.00 oracle=0.50 real_rag=0.50 | gc=0.00 | rag_trigger=4.00 | rag_emb_grad=1.68e-01
[2026-02-28 04:40:13] Step 3740/10000 | loss=0.4148 | lr=9.31e-06 | grad_norm=1.734 | mask=57.92% (active=2892, masked=3980) | no_ctx=0.00 oracle=0.75 real_rag=0.25 | gc=0.00 | rag_trigger=4.00 | rag_emb_grad=2.01e-01
[2026-02-28 04:40:23] Step 3750/10000 | loss=0.3809 | lr=9.30e-06 | grad_norm=1.680 | mask=58.79% (active=2578, masked=3678) | no_ctx=0.00 oracle=0.50 real_rag=0.50 | gc=0.00 | rag_trigger=4.00 | rag_emb_grad=1.41e-01
[2026-02-28 04:40:32] Step 3760/10000 | loss=0.3681 | lr=9.30e-06 | grad_norm=1.820 | mask=64.75% (active=2324, masked=4268) | no_ctx=0.00 oracle=0.75 real_rag=0.25 | gc=0.00 | rag_trigger=4.00 | rag_emb_grad=1.61e-01
[2026-02-28 04:40:42] Step 3770/10000 | loss=0.3532 | lr=9.30e-06 | grad_norm=1.594 | mask=55.96% (active=3449, masked=4383) | no_ctx=0.00 oracle=0.50 real_rag=0.50 | gc=0.00 | rag_trigger=4.00 | rag_emb_grad=1.71e-01
[2026-02-28 04:40:51] Step 3780/10000 | loss=0.3578 | lr=9.29e-06 | grad_norm=1.430 | mask=61.91% (active=2209, masked=3591) | no_ctx=0.00 oracle=0.75 real_rag=0.25 | gc=0.00 | rag_trigger=4.00 | rag_emb_grad=1.66e-01
[2026-02-28 04:41:01] Step 3790/10000 | loss=0.3865 | lr=9.29e-06 | grad_norm=1.680 | mask=56.09% (active=2986, masked=3814) | no_ctx=0.00 oracle=0.88 real_rag=0.12 | gc=0.00 | rag_trigger=4.00 | rag_emb_grad=1.45e-01
[2026-02-28 04:41:11] Step 3800/10000 | loss=0.4056 | lr=9.28e-06 | grad_norm=1.555 | mask=59.63% (active=2994, masked=4422) | no_ctx=0.00 oracle=0.62 real_rag=0.38 | gc=0.00 | rag_trigger=4.00 | rag_emb_grad=1.52e-01
[2026-02-28 04:41:22] Step 3810/10000 | loss=0.4030 | lr=9.28e-06 | grad_norm=1.633 | mask=62.51% (active=3068, masked=5116) | no_ctx=0.00 oracle=0.88 real_rag=0.12 | gc=0.00 | rag_trigger=4.00 | rag_emb_grad=1.73e-01
[2026-02-28 04:41:31] Step 3820/10000 | loss=0.3883 | lr=9.27e-06 | grad_norm=1.656 | mask=68.30% (active=2206, masked=4754) | no_ctx=0.00 oracle=0.38 real_rag=0.62 | gc=0.00 | rag_trigger=4.00 | rag_emb_grad=1.46e-01
[2026-02-28 04:41:42] Step 3830/10000 | loss=0.3621 | lr=9.27e-06 | grad_norm=1.531 | mask=52.74% (active=3429, masked=3827) | no_ctx=0.00 oracle=1.00 real_rag=0.00 | gc=0.00 | rag_trigger=4.00 | rag_emb_grad=1.05e-01
[2026-02-28 04:41:52] Step 3840/10000 | loss=0.3797 | lr=9.27e-06 | grad_norm=1.625 | mask=60.90% (active=3122, masked=4862) | no_ctx=0.00 oracle=0.88 real_rag=0.12 | gc=0.00 | rag_trigger=4.00 | rag_emb_grad=1.19e-01
[2026-02-28 04:42:02] Step 3850/10000 | loss=0.4228 | lr=9.26e-06 | grad_norm=1.484 | mask=64.66% (active=2482, masked=4542) | no_ctx=0.00 oracle=0.62 real_rag=0.38 | gc=0.00 | rag_trigger=4.00 | rag_emb_grad=1.09e-01
[2026-02-28 04:42:11] Step 3860/10000 | loss=0.3694 | lr=9.26e-06 | grad_norm=1.750 | mask=62.53% (active=2731, masked=4557) | no_ctx=0.00 oracle=0.88 real_rag=0.12 | gc=0.00 | rag_trigger=4.00 | rag_emb_grad=1.22e-01
[2026-02-28 04:42:21] Step 3870/10000 | loss=0.3729 | lr=9.25e-06 | grad_norm=1.375 | mask=69.93% (active=2855, masked=6641) | no_ctx=0.00 oracle=0.62 real_rag=0.38 | gc=0.00 | rag_trigger=4.00 | rag_emb_grad=1.62e-01
[2026-02-28 04:42:32] Step 3880/10000 | loss=0.3817 | lr=9.25e-06 | grad_norm=1.547 | mask=59.68% (active=3219, masked=4765) | no_ctx=0.00 oracle=0.88 real_rag=0.12 | gc=0.00 | rag_trigger=4.00 | rag_emb_grad=1.35e-01
[2026-02-28 04:42:42] Step 3890/10000 | loss=0.3288 | lr=9.25e-06 | grad_norm=1.531 | mask=65.20% (active=2826, masked=5294) | no_ctx=0.00 oracle=0.75 real_rag=0.25 | gc=0.00 | rag_trigger=4.00 | rag_emb_grad=1.26e-01
[2026-02-28 04:42:52] Step 3900/10000 | loss=0.4496 | lr=9.24e-06 | grad_norm=1.719 | mask=58.69% (active=2885, masked=4099) | no_ctx=0.00 oracle=0.50 real_rag=0.50 | gc=0.00 | rag_trigger=4.00 | rag_emb_grad=1.33e-01
[2026-02-28 04:43:02] Step 3910/10000 | loss=0.3944 | lr=9.24e-06 | grad_norm=1.750 | mask=66.84% (active=2122, masked=4278) | no_ctx=0.00 oracle=0.75 real_rag=0.25 | gc=0.00 | rag_trigger=4.00 | rag_emb_grad=2.11e-01
[2026-02-28 04:43:12] Step 3920/10000 | loss=0.3577 | lr=9.23e-06 | grad_norm=1.727 | mask=65.53% (active=1663, masked=3161) | no_ctx=0.00 oracle=0.62 real_rag=0.38 | gc=0.00 | rag_trigger=4.00 | rag_emb_grad=1.79e-01
[2026-02-28 04:43:22] Step 3930/10000 | loss=0.3963 | lr=9.23e-06 | grad_norm=1.758 | mask=56.22% (active=2606, masked=3346) | no_ctx=0.00 oracle=0.62 real_rag=0.38 | gc=0.00 | rag_trigger=4.00 | rag_emb_grad=1.94e-01
[2026-02-28 04:43:32] Step 3940/10000 | loss=0.4340 | lr=9.22e-06 | grad_norm=1.664 | mask=63.77% (active=2748, masked=4836) | no_ctx=0.00 oracle=0.50 real_rag=0.50 | gc=0.00 | rag_trigger=4.00 | rag_emb_grad=1.35e-01
[2026-02-28 04:43:42] Step 3950/10000 | loss=0.4163 | lr=9.22e-06 | grad_norm=1.641 | mask=65.11% (active=2660, masked=4964) | no_ctx=0.00 oracle=0.88 real_rag=0.12 | gc=0.00 | rag_trigger=4.00 | rag_emb_grad=1.84e-01
[2026-02-28 04:43:52] Step 3960/10000 | loss=0.3947 | lr=9.22e-06 | grad_norm=1.531 | mask=60.62% (active=3295, masked=5073) | no_ctx=0.00 oracle=0.75 real_rag=0.25 | gc=0.00 | rag_trigger=4.00 | rag_emb_grad=1.10e-01
[2026-02-28 04:44:02] Step 3970/10000 | loss=0.3831 | lr=9.21e-06 | grad_norm=1.453 | mask=61.20% (active=3051, masked=4813) | no_ctx=0.00 oracle=0.50 real_rag=0.50 | gc=0.00 | rag_trigger=4.00 | rag_emb_grad=1.32e-01
[2026-02-28 04:44:12] Step 3980/10000 | loss=0.3829 | lr=9.21e-06 | grad_norm=1.500 | mask=68.97% (active=2316, masked=5148) | no_ctx=0.00 oracle=0.75 real_rag=0.25 | gc=0.00 | rag_trigger=4.00 | rag_emb_grad=1.79e-01
[2026-02-28 04:44:22] Step 3990/10000 | loss=0.3599 | lr=9.20e-06 | grad_norm=1.883 | mask=65.17% (active=2477, masked=4635) | no_ctx=0.00 oracle=0.62 real_rag=0.38 | gc=0.00 | rag_trigger=4.00 | rag_emb_grad=1.51e-01
[2026-02-28 04:44:32] Step 4000/10000 | loss=0.4423 | lr=9.20e-06 | grad_norm=1.461 | mask=60.23% (active=3404, masked=5156) | no_ctx=0.00 oracle=0.75 real_rag=0.25 | gc=0.00 | rag_trigger=4.00 | rag_emb_grad=1.44e-01
[2026-02-28 04:44:47] Saved: results/rag_oracle_20260228_033232/P10_rag_token_oracle07_noctx0_8b/checkpoints/step_4000
[2026-02-28 04:44:57] Step 4010/10000 | loss=0.3966 | lr=9.19e-06 | grad_norm=1.445 | mask=66.13% (active=2823, masked=5513) | no_ctx=0.00 oracle=0.50 real_rag=0.50 | gc=0.00 | rag_trigger=4.00 | rag_emb_grad=1.36e-01
[2026-02-28 04:45:08] Step 4020/10000 | loss=0.4045 | lr=9.19e-06 | grad_norm=1.570 | mask=64.22% (active=3000, masked=5384) | no_ctx=0.00 oracle=0.88 real_rag=0.12 | gc=0.00 | rag_trigger=4.00 | rag_emb_grad=1.11e-01
[2026-02-28 04:45:18] Step 4030/10000 | loss=0.3577 | lr=9.19e-06 | grad_norm=1.500 | mask=61.38% (active=2237, masked=3555) | no_ctx=0.00 oracle=0.75 real_rag=0.25 | gc=0.00 | rag_trigger=4.00 | rag_emb_grad=1.13e-01
[2026-02-28 04:45:28] Step 4040/10000 | loss=0.3875 | lr=9.18e-06 | grad_norm=1.578 | mask=59.70% (active=2889, masked=4279) | no_ctx=0.00 oracle=1.00 real_rag=0.00 | gc=0.00 | rag_trigger=4.00 | rag_emb_grad=1.56e-01
[2026-02-28 04:45:38] Step 4050/10000 | loss=0.3727 | lr=9.18e-06 | grad_norm=1.516 | mask=65.62% (active=2294, masked=4378) | no_ctx=0.00 oracle=0.88 real_rag=0.12 | gc=0.00 | rag_trigger=4.00 | rag_emb_grad=1.57e-01
[2026-02-28 04:45:47] Step 4060/10000 | loss=0.4005 | lr=9.17e-06 | grad_norm=1.703 | mask=56.94% (active=2904, masked=3840) | no_ctx=0.00 oracle=0.75 real_rag=0.25 | gc=0.00 | rag_trigger=4.00 | rag_emb_grad=1.32e-01
[2026-02-28 04:45:57] Step 4070/10000 | loss=0.3559 | lr=9.17e-06 | grad_norm=1.461 | mask=65.61% (active=2773, masked=5291) | no_ctx=0.00 oracle=0.62 real_rag=0.38 | gc=0.00 | rag_trigger=4.00 | rag_emb_grad=1.12e-01
[2026-02-28 04:46:07] Step 4080/10000 | loss=0.3808 | lr=9.16e-06 | grad_norm=1.711 | mask=65.85% (active=2314, masked=4462) | no_ctx=0.00 oracle=0.88 real_rag=0.12 | gc=0.00 | rag_trigger=4.00 | rag_emb_grad=1.44e-01
[2026-02-28 04:46:17] Step 4090/10000 | loss=0.3912 | lr=9.16e-06 | grad_norm=1.734 | mask=59.86% (active=2755, masked=4109) | no_ctx=0.00 oracle=0.75 real_rag=0.25 | gc=0.00 | rag_trigger=4.00 | rag_emb_grad=1.57e-01
[2026-02-28 04:46:28] Step 4100/10000 | loss=0.3841 | lr=9.15e-06 | grad_norm=1.609 | mask=66.38% (active=2649, masked=5231) | no_ctx=0.00 oracle=0.88 real_rag=0.12 | gc=0.00 | rag_trigger=4.00 | rag_emb_grad=1.46e-01
[2026-02-28 04:46:38] Step 4110/10000 | loss=0.3929 | lr=9.15e-06 | grad_norm=1.641 | mask=64.94% (active=2625, masked=4863) | no_ctx=0.00 oracle=0.50 real_rag=0.50 | gc=0.00 | rag_trigger=4.00 | rag_emb_grad=1.37e-01
[2026-02-28 04:46:49] Step 4120/10000 | loss=0.3893 | lr=9.15e-06 | grad_norm=1.602 | mask=64.28% (active=2509, masked=4515) | no_ctx=0.00 oracle=0.88 real_rag=0.12 | gc=0.00 | rag_trigger=4.00 | rag_emb_grad=1.53e-01
[2026-02-28 04:47:00] Step 4130/10000 | loss=0.4139 | lr=9.14e-06 | grad_norm=1.680 | mask=59.76% (active=2646, masked=3930) | no_ctx=0.00 oracle=0.50 real_rag=0.50 | gc=0.00 | rag_trigger=4.00 | rag_emb_grad=1.76e-01
[2026-02-28 04:47:10] Step 4140/10000 | loss=0.3734 | lr=9.14e-06 | grad_norm=1.508 | mask=67.97% (active=2737, masked=5807) | no_ctx=0.00 oracle=0.75 real_rag=0.25 | gc=0.00 | rag_trigger=4.00 | rag_emb_grad=1.80e-01
[2026-02-28 04:47:19] Step 4150/10000 | loss=0.3736 | lr=9.13e-06 | grad_norm=1.531 | mask=63.60% (active=2775, masked=4849) | no_ctx=0.00 oracle=0.75 real_rag=0.25 | gc=0.00 | rag_trigger=4.00 | rag_emb_grad=1.33e-01
[2026-02-28 04:47:29] Step 4160/10000 | loss=0.3994 | lr=9.13e-06 | grad_norm=1.609 | mask=59.45% (active=3040, masked=4456) | no_ctx=0.00 oracle=0.62 real_rag=0.38 | gc=0.00 | rag_trigger=4.00 | rag_emb_grad=1.31e-01
[2026-02-28 04:47:39] Step 4170/10000 | loss=0.4013 | lr=9.12e-06 | grad_norm=1.609 | mask=58.70% (active=2861, masked=4067) | no_ctx=0.00 oracle=0.62 real_rag=0.38 | gc=0.00 | rag_trigger=4.00 | rag_emb_grad=1.52e-01
[2026-02-28 04:47:49] Step 4180/10000 | loss=0.3721 | lr=9.12e-06 | grad_norm=1.758 | mask=60.65% (active=1917, masked=2955) | no_ctx=0.00 oracle=0.50 real_rag=0.50 | gc=0.00 | rag_trigger=4.00 | rag_emb_grad=1.67e-01
[2026-02-28 04:47:59] Step 4190/10000 | loss=0.3848 | lr=9.11e-06 | grad_norm=1.805 | mask=67.45% (active=2448, masked=5072) | no_ctx=0.00 oracle=0.62 real_rag=0.38 | gc=0.00 | rag_trigger=4.00 | rag_emb_grad=1.69e-01
[2026-02-28 04:48:08] Step 4200/10000 | loss=0.3655 | lr=9.11e-06 | grad_norm=1.805 | mask=61.14% (active=2434, masked=3830) | no_ctx=0.00 oracle=0.88 real_rag=0.12 | gc=0.00 | rag_trigger=4.00 | rag_emb_grad=2.19e-01
[2026-02-28 04:48:19] Step 4210/10000 | loss=0.3880 | lr=9.11e-06 | grad_norm=1.609 | mask=56.82% (active=3396, masked=4468) | no_ctx=0.00 oracle=1.00 real_rag=0.00 | gc=0.00 | rag_trigger=4.00 | rag_emb_grad=1.96e-01
[2026-02-28 04:48:29] Step 4220/10000 | loss=0.3926 | lr=9.10e-06 | grad_norm=1.477 | mask=58.34% (active=2703, masked=3785) | no_ctx=0.00 oracle=0.75 real_rag=0.25 | gc=0.00 | rag_trigger=4.00 | rag_emb_grad=1.78e-01
[2026-02-28 04:48:39] Step 4230/10000 | loss=0.4041 | lr=9.10e-06 | grad_norm=1.539 | mask=69.33% (active=2954, masked=6678) | no_ctx=0.00 oracle=0.38 real_rag=0.62 | gc=0.00 | rag_trigger=4.00 | rag_emb_grad=1.53e-01
[2026-02-28 04:48:49] Step 4240/10000 | loss=0.3226 | lr=9.09e-06 | grad_norm=1.602 | mask=60.13% (active=2354, masked=3550) | no_ctx=0.00 oracle=0.50 real_rag=0.50 | gc=0.00 | rag_trigger=4.00 | rag_emb_grad=1.57e-01
[2026-02-28 04:48:59] Step 4250/10000 | loss=0.3470 | lr=9.09e-06 | grad_norm=1.750 | mask=63.52% (active=2656, masked=4624) | no_ctx=0.00 oracle=0.62 real_rag=0.38 | gc=0.00 | rag_trigger=4.00 | rag_emb_grad=1.67e-01
[2026-02-28 04:49:09] Step 4260/10000 | loss=0.3999 | lr=9.08e-06 | grad_norm=1.703 | mask=62.17% (active=2524, masked=4148) | no_ctx=0.00 oracle=0.62 real_rag=0.38 | gc=0.00 | rag_trigger=4.00 | rag_emb_grad=1.94e-01
[2026-02-28 04:49:19] Step 4270/10000 | loss=0.4118 | lr=9.08e-06 | grad_norm=1.648 | mask=61.69% (active=2651, masked=4269) | no_ctx=0.00 oracle=0.75 real_rag=0.25 | gc=0.00 | rag_trigger=4.00 | rag_emb_grad=1.65e-01
[2026-02-28 04:49:29] Step 4280/10000 | loss=0.4048 | lr=9.07e-06 | grad_norm=1.719 | mask=65.87% (active=3328, masked=6424) | no_ctx=0.00 oracle=0.62 real_rag=0.38 | gc=0.00 | rag_trigger=4.00 | rag_emb_grad=1.72e-01
[2026-02-28 04:49:39] Step 4290/10000 | loss=0.3920 | lr=9.07e-06 | grad_norm=1.617 | mask=65.54% (active=2641, masked=5023) | no_ctx=0.00 oracle=0.88 real_rag=0.12 | gc=0.00 | rag_trigger=4.00 | rag_emb_grad=1.82e-01
[2026-02-28 04:49:49] Step 4300/10000 | loss=0.3355 | lr=9.06e-06 | grad_norm=1.672 | mask=59.16% (active=2620, masked=3796) | no_ctx=0.00 oracle=0.75 real_rag=0.25 | gc=0.00 | rag_trigger=4.00 | rag_emb_grad=1.86e-01
[2026-02-28 04:49:58] Step 4310/10000 | loss=0.3680 | lr=9.06e-06 | grad_norm=1.703 | mask=54.87% (active=2578, masked=3134) | no_ctx=0.00 oracle=0.88 real_rag=0.12 | gc=0.00 | rag_trigger=4.00 | rag_emb_grad=1.26e-01
[2026-02-28 04:50:08] Step 4320/10000 | loss=0.3993 | lr=9.05e-06 | grad_norm=1.781 | mask=61.97% (active=3350, masked=5458) | no_ctx=0.00 oracle=0.62 real_rag=0.38 | gc=0.00 | rag_trigger=4.00 | rag_emb_grad=1.55e-01
[2026-02-28 04:50:18] Step 4330/10000 | loss=0.3841 | lr=9.05e-06 | grad_norm=1.664 | mask=66.56% (active=3034, masked=6038) | no_ctx=0.00 oracle=0.75 real_rag=0.25 | gc=0.00 | rag_trigger=4.00 | rag_emb_grad=1.22e-01
[2026-02-28 04:50:27] Step 4340/10000 | loss=0.3584 | lr=9.05e-06 | grad_norm=1.633 | mask=71.38% (active=2232, masked=5568) | no_ctx=0.00 oracle=0.50 real_rag=0.50 | gc=0.00 | rag_trigger=4.00 | rag_emb_grad=1.73e-01
[2026-02-28 04:50:37] Step 4350/10000 | loss=0.3851 | lr=9.04e-06 | grad_norm=1.883 | mask=63.29% (active=2834, masked=4886) | no_ctx=0.00 oracle=0.75 real_rag=0.25 | gc=0.00 | rag_trigger=4.00 | rag_emb_grad=1.38e-01
[2026-02-28 04:50:48] Step 4360/10000 | loss=0.3675 | lr=9.04e-06 | grad_norm=1.664 | mask=65.12% (active=2439, masked=4553) | no_ctx=0.00 oracle=0.88 real_rag=0.12 | gc=0.00 | rag_trigger=4.00 | rag_emb_grad=2.30e-01
[2026-02-28 04:50:58] Step 4370/10000 | loss=0.3874 | lr=9.03e-06 | grad_norm=1.594 | mask=62.33% (active=3029, masked=5011) | no_ctx=0.00 oracle=0.88 real_rag=0.12 | gc=0.00 | rag_trigger=4.00 | rag_emb_grad=1.40e-01
[2026-02-28 04:51:08] Step 4380/10000 | loss=0.3866 | lr=9.03e-06 | grad_norm=1.711 | mask=62.81% (active=2160, masked=3648) | no_ctx=0.00 oracle=0.62 real_rag=0.38 | gc=0.00 | rag_trigger=4.00 | rag_emb_grad=1.40e-01
[2026-02-28 04:51:18] Step 4390/10000 | loss=0.4150 | lr=9.02e-06 | grad_norm=1.594 | mask=70.63% (active=2223, masked=5345) | no_ctx=0.00 oracle=0.88 real_rag=0.12 | gc=0.00 | rag_trigger=3.88 | rag_emb_grad=1.32e-01
[2026-02-28 04:51:28] Step 4400/10000 | loss=0.3673 | lr=9.02e-06 | grad_norm=1.617 | mask=65.17% (active=2600, masked=4864) | no_ctx=0.00 oracle=0.75 real_rag=0.25 | gc=0.00 | rag_trigger=4.00 | rag_emb_grad=1.61e-01
[2026-02-28 04:51:38] Step 4410/10000 | loss=0.4385 | lr=9.01e-06 | grad_norm=1.578 | mask=67.35% (active=3255, masked=6713) | no_ctx=0.00 oracle=0.62 real_rag=0.38 | gc=0.00 | rag_trigger=4.00 | rag_emb_grad=1.43e-01
[2026-02-28 04:51:48] Step 4420/10000 | loss=0.3843 | lr=9.01e-06 | grad_norm=1.547 | mask=61.66% (active=2463, masked=3961) | no_ctx=0.00 oracle=0.50 real_rag=0.50 | gc=0.00 | rag_trigger=4.00 | rag_emb_grad=1.43e-01
[2026-02-28 04:51:57] Step 4430/10000 | loss=0.3618 | lr=9.00e-06 | grad_norm=1.570 | mask=61.85% (active=2298, masked=3726) | no_ctx=0.00 oracle=0.62 real_rag=0.38 | gc=0.00 | rag_trigger=4.00 | rag_emb_grad=1.47e-01
[2026-02-28 04:52:07] Step 4440/10000 | loss=0.3779 | lr=9.00e-06 | grad_norm=1.734 | mask=61.20% (active=2530, masked=3990) | no_ctx=0.00 oracle=0.75 real_rag=0.25 | gc=0.00 | rag_trigger=4.00 | rag_emb_grad=1.31e-01
[2026-02-28 04:52:18] Step 4450/10000 | loss=0.3674 | lr=8.99e-06 | grad_norm=1.555 | mask=63.99% (active=2604, masked=4628) | no_ctx=0.00 oracle=0.88 real_rag=0.12 | gc=0.00 | rag_trigger=4.00 | rag_emb_grad=1.08e-01
[2026-02-28 04:52:27] Step 4460/10000 | loss=0.3689 | lr=8.99e-06 | grad_norm=1.594 | mask=62.59% (active=2556, masked=4276) | no_ctx=0.00 oracle=0.38 real_rag=0.62 | gc=0.00 | rag_trigger=4.00 | rag_emb_grad=1.42e-01
[2026-02-28 04:52:37] Step 4470/10000 | loss=0.3530 | lr=8.98e-06 | grad_norm=1.484 | mask=61.08% (active=2379, masked=3733) | no_ctx=0.00 oracle=0.50 real_rag=0.50 | gc=0.00 | rag_trigger=4.00 | rag_emb_grad=1.66e-01
[2026-02-28 04:52:48] Step 4480/10000 | loss=0.3838 | lr=8.98e-06 | grad_norm=1.492 | mask=67.73% (active=2589, masked=5435) | no_ctx=0.00 oracle=0.88 real_rag=0.12 | gc=0.00 | rag_trigger=4.00 | rag_emb_grad=1.35e-01
[2026-02-28 04:52:58] Step 4490/10000 | loss=0.3935 | lr=8.97e-06 | grad_norm=1.688 | mask=56.73% (active=3233, masked=4239) | no_ctx=0.00 oracle=0.50 real_rag=0.50 | gc=0.00 | rag_trigger=4.00 | rag_emb_grad=1.58e-01
[2026-02-28 04:53:08] Step 4500/10000 | loss=0.3587 | lr=8.97e-06 | grad_norm=1.500 | mask=58.25% (active=2552, masked=3560) | no_ctx=0.00 oracle=0.50 real_rag=0.50 | gc=0.00 | rag_trigger=4.00 | rag_emb_grad=1.35e-01
[2026-02-28 04:53:25] Saved: results/rag_oracle_20260228_033232/P10_rag_token_oracle07_noctx0_8b/checkpoints/step_4500
[2026-02-28 04:53:35] Step 4510/10000 | loss=0.3990 | lr=8.96e-06 | grad_norm=1.586 | mask=71.79% (active=2719, masked=6921) | no_ctx=0.00 oracle=0.62 real_rag=0.38 | gc=0.00 | rag_trigger=4.00 | rag_emb_grad=1.55e-01
[2026-02-28 04:53:45] Step 4520/10000 | loss=0.3731 | lr=8.96e-06 | grad_norm=1.484 | mask=71.52% (active=3272, masked=8216) | no_ctx=0.00 oracle=0.62 real_rag=0.38 | gc=0.00 | rag_trigger=4.00 | rag_emb_grad=1.94e-01
[2026-02-28 04:53:55] Step 4530/10000 | loss=0.3821 | lr=8.95e-06 | grad_norm=1.625 | mask=59.50% (active=2738, masked=4022) | no_ctx=0.00 oracle=0.62 real_rag=0.38 | gc=0.00 | rag_trigger=4.00 | rag_emb_grad=1.74e-01
[2026-02-28 04:54:05] Step 4540/10000 | loss=0.3684 | lr=8.95e-06 | grad_norm=1.680 | mask=57.98% (active=3096, masked=4272) | no_ctx=0.00 oracle=0.88 real_rag=0.12 | gc=0.00 | rag_trigger=4.00 | rag_emb_grad=1.74e-01
[2026-02-28 04:54:15] Step 4550/10000 | loss=0.3988 | lr=8.94e-06 | grad_norm=1.828 | mask=60.59% (active=2784, masked=4280) | no_ctx=0.00 oracle=0.50 real_rag=0.50 | gc=0.00 | rag_trigger=4.00 | rag_emb_grad=2.26e-01
[2026-02-28 04:54:25] Step 4560/10000 | loss=0.3745 | lr=8.94e-06 | grad_norm=1.625 | mask=61.04% (active=2693, masked=4219) | no_ctx=0.00 oracle=0.62 real_rag=0.38 | gc=0.00 | rag_trigger=4.00 | rag_emb_grad=1.74e-01
[2026-02-28 04:54:35] Step 4570/10000 | loss=0.3568 | lr=8.93e-06 | grad_norm=1.734 | mask=54.68% (active=2922, masked=3526) | no_ctx=0.00 oracle=1.00 real_rag=0.00 | gc=0.00 | rag_trigger=4.00 | rag_emb_grad=2.18e-01
[2026-02-28 04:54:45] Step 4580/10000 | loss=0.3830 | lr=8.93e-06 | grad_norm=1.656 | mask=62.39% (active=2955, masked=4901) | no_ctx=0.00 oracle=0.75 real_rag=0.25 | gc=0.00 | rag_trigger=4.00 | rag_emb_grad=2.22e-01
[2026-02-28 04:54:55] Step 4590/10000 | loss=0.4037 | lr=8.93e-06 | grad_norm=1.789 | mask=61.96% (active=2949, masked=4803) | no_ctx=0.00 oracle=0.88 real_rag=0.12 | gc=0.00 | rag_trigger=4.00 | rag_emb_grad=2.05e-01
[2026-02-28 04:55:05] Step 4600/10000 | loss=0.3965 | lr=8.92e-06 | grad_norm=1.414 | mask=64.15% (active=2475, masked=4429) | no_ctx=0.00 oracle=0.62 real_rag=0.38 | gc=0.00 | rag_trigger=4.00 | rag_emb_grad=1.59e-01
[2026-02-28 04:55:16] Step 4610/10000 | loss=0.4036 | lr=8.92e-06 | grad_norm=1.555 | mask=64.84% (active=2557, masked=4715) | no_ctx=0.00 oracle=0.50 real_rag=0.50 | gc=0.00 | rag_trigger=4.00 | rag_emb_grad=1.33e-01
[2026-02-28 04:55:26] Step 4620/10000 | loss=0.3752 | lr=8.91e-06 | grad_norm=1.633 | mask=68.28% (active=2555, masked=5501) | no_ctx=0.00 oracle=0.75 real_rag=0.25 | gc=0.00 | rag_trigger=4.00 | rag_emb_grad=1.47e-01
[2026-02-28 04:55:35] Step 4630/10000 | loss=0.3916 | lr=8.91e-06 | grad_norm=1.680 | mask=60.69% (active=3403, masked=5253) | no_ctx=0.00 oracle=0.75 real_rag=0.25 | gc=0.00 | rag_trigger=4.00 | rag_emb_grad=2.70e-01
[2026-02-28 04:55:46] Step 4640/10000 | loss=0.3723 | lr=8.90e-06 | grad_norm=1.531 | mask=55.19% (active=3115, masked=3837) | no_ctx=0.00 oracle=0.50 real_rag=0.50 | gc=0.00 | rag_trigger=4.00 | rag_emb_grad=2.31e-01
[2026-02-28 04:55:56] Step 4650/10000 | loss=0.4134 | lr=8.90e-06 | grad_norm=1.555 | mask=61.18% (active=2463, masked=3881) | no_ctx=0.00 oracle=0.88 real_rag=0.12 | gc=0.00 | rag_trigger=4.00 | rag_emb_grad=1.56e-01
[2026-02-28 04:56:07] Step 4660/10000 | loss=0.3558 | lr=8.89e-06 | grad_norm=1.492 | mask=70.07% (active=2572, masked=6020) | no_ctx=0.00 oracle=0.50 real_rag=0.50 | gc=0.00 | rag_trigger=4.00 | rag_emb_grad=1.31e-01
[2026-02-28 04:56:17] Step 4670/10000 | loss=0.4203 | lr=8.89e-06 | grad_norm=1.805 | mask=65.79% (active=2154, masked=4142) | no_ctx=0.00 oracle=0.62 real_rag=0.38 | gc=0.00 | rag_trigger=4.00 | rag_emb_grad=1.54e-01
[2026-02-28 04:56:28] Step 4680/10000 | loss=0.4058 | lr=8.88e-06 | grad_norm=1.383 | mask=67.18% (active=2190, masked=4482) | no_ctx=0.00 oracle=0.75 real_rag=0.25 | gc=0.00 | rag_trigger=4.00 | rag_emb_grad=1.74e-01
[2026-02-28 04:56:38] Step 4690/10000 | loss=0.3521 | lr=8.88e-06 | grad_norm=1.617 | mask=69.98% (active=2015, masked=4697) | no_ctx=0.00 oracle=0.62 real_rag=0.38 | gc=0.00 | rag_trigger=4.00 | rag_emb_grad=1.71e-01
[2026-02-28 04:56:48] Step 4700/10000 | loss=0.3942 | lr=8.87e-06 | grad_norm=1.578 | mask=72.68% (active=2363, masked=6285) | no_ctx=0.00 oracle=0.88 real_rag=0.12 | gc=0.00 | rag_trigger=4.00 | rag_emb_grad=1.61e-01
[2026-02-28 04:56:58] Step 4710/10000 | loss=0.3874 | lr=8.87e-06 | grad_norm=1.469 | mask=55.77% (active=2505, masked=3159) | no_ctx=0.00 oracle=0.88 real_rag=0.12 | gc=0.00 | rag_trigger=4.00 | rag_emb_grad=1.50e-01
[2026-02-28 04:57:09] Step 4720/10000 | loss=0.3893 | lr=8.86e-06 | grad_norm=1.516 | mask=61.26% (active=3387, masked=5357) | no_ctx=0.00 oracle=0.62 real_rag=0.38 | gc=0.00 | rag_trigger=4.00 | rag_emb_grad=1.31e-01
[2026-02-28 04:57:20] Step 4730/10000 | loss=0.4131 | lr=8.85e-06 | grad_norm=1.633 | mask=66.14% (active=2641, masked=5159) | no_ctx=0.00 oracle=0.62 real_rag=0.38 | gc=0.00 | rag_trigger=4.00 | rag_emb_grad=2.35e-01
[2026-02-28 04:57:30] Step 4740/10000 | loss=0.4268 | lr=8.85e-06 | grad_norm=1.594 | mask=57.80% (active=2711, masked=3713) | no_ctx=0.00 oracle=0.75 real_rag=0.25 | gc=0.00 | rag_trigger=4.00 | rag_emb_grad=2.20e-01
[2026-02-28 04:57:40] Step 4750/10000 | loss=0.3886 | lr=8.84e-06 | grad_norm=1.461 | mask=63.36% (active=2729, masked=4719) | no_ctx=0.00 oracle=1.00 real_rag=0.00 | gc=0.00 | rag_trigger=4.00 | rag_emb_grad=1.08e-01
[2026-02-28 04:57:50] Step 4760/10000 | loss=0.3736 | lr=8.84e-06 | grad_norm=1.727 | mask=63.48% (active=2939, masked=5109) | no_ctx=0.00 oracle=0.88 real_rag=0.12 | gc=0.00 | rag_trigger=4.00 | rag_emb_grad=1.21e-01
[2026-02-28 04:58:00] Step 4770/10000 | loss=0.3678 | lr=8.83e-06 | grad_norm=1.586 | mask=61.74% (active=2317, masked=3739) | no_ctx=0.00 oracle=0.88 real_rag=0.12 | gc=0.00 | rag_trigger=4.00 | rag_emb_grad=1.57e-01
[2026-02-28 04:58:10] Step 4780/10000 | loss=0.3549 | lr=8.83e-06 | grad_norm=1.664 | mask=74.33% (active=2193, masked=6351) | no_ctx=0.00 oracle=0.62 real_rag=0.38 | gc=0.00 | rag_trigger=4.00 | rag_emb_grad=1.53e-01
[2026-02-28 04:58:21] Step 4790/10000 | loss=0.4046 | lr=8.82e-06 | grad_norm=1.664 | mask=62.74% (active=3046, masked=5130) | no_ctx=0.00 oracle=0.62 real_rag=0.38 | gc=0.00 | rag_trigger=4.00 | rag_emb_grad=1.41e-01
[2026-02-28 04:58:31] Step 4800/10000 | loss=0.4104 | lr=8.82e-06 | grad_norm=1.773 | mask=66.23% (active=2121, masked=4159) | no_ctx=0.00 oracle=0.88 real_rag=0.12 | gc=0.00 | rag_trigger=4.00 | rag_emb_grad=1.47e-01
[2026-02-28 04:58:40] Step 4810/10000 | loss=0.4059 | lr=8.81e-06 | grad_norm=1.703 | mask=66.49% (active=2694, masked=5346) | no_ctx=0.00 oracle=0.75 real_rag=0.25 | gc=0.00 | rag_trigger=4.00 | rag_emb_grad=1.54e-01
[2026-02-28 04:58:51] Step 4820/10000 | loss=0.4274 | lr=8.81e-06 | grad_norm=1.781 | mask=56.24% (active=3833, masked=4927) | no_ctx=0.00 oracle=0.75 real_rag=0.25 | gc=0.00 | rag_trigger=4.00 | rag_emb_grad=1.84e-01
[2026-02-28 04:59:01] Step 4830/10000 | loss=0.3761 | lr=8.80e-06 | grad_norm=1.688 | mask=67.54% (active=2698, masked=5614) | no_ctx=0.00 oracle=0.88 real_rag=0.12 | gc=0.00 | rag_trigger=4.00 | rag_emb_grad=1.77e-01
[2026-02-28 04:59:11] Step 4840/10000 | loss=0.3865 | lr=8.80e-06 | grad_norm=1.586 | mask=60.46% (active=3388, masked=5180) | no_ctx=0.00 oracle=0.75 real_rag=0.25 | gc=0.00 | rag_trigger=4.00 | rag_emb_grad=1.88e-01
[2026-02-28 04:59:21] Step 4850/10000 | loss=0.4096 | lr=8.79e-06 | grad_norm=1.867 | mask=60.59% (active=3061, masked=4707) | no_ctx=0.00 oracle=0.62 real_rag=0.38 | gc=0.00 | rag_trigger=4.00 | rag_emb_grad=2.56e-01
[2026-02-28 04:59:31] Step 4860/10000 | loss=0.4059 | lr=8.79e-06 | grad_norm=1.680 | mask=59.46% (active=2906, masked=4262) | no_ctx=0.00 oracle=0.75 real_rag=0.25 | gc=0.00 | rag_trigger=4.00 | rag_emb_grad=1.48e-01
[2026-02-28 04:59:41] Step 4870/10000 | loss=0.3405 | lr=8.78e-06 | grad_norm=1.711 | mask=54.74% (active=2766, masked=3346) | no_ctx=0.00 oracle=0.50 real_rag=0.50 | gc=0.00 | rag_trigger=4.00 | rag_emb_grad=1.70e-01
[2026-02-28 04:59:52] Step 4880/10000 | loss=0.4021 | lr=8.78e-06 | grad_norm=2.031 | mask=63.65% (active=2344, masked=4104) | no_ctx=0.00 oracle=0.50 real_rag=0.50 | gc=0.00 | rag_trigger=4.00 | rag_emb_grad=3.50e-01
[2026-02-28 05:00:02] Step 4890/10000 | loss=0.3846 | lr=8.77e-06 | grad_norm=1.586 | mask=56.33% (active=2889, masked=3727) | no_ctx=0.00 oracle=0.88 real_rag=0.12 | gc=0.00 | rag_trigger=4.00 | rag_emb_grad=1.69e-01
[2026-02-28 05:00:12] Step 4900/10000 | loss=0.4027 | lr=8.77e-06 | grad_norm=1.609 | mask=56.90% (active=2672, masked=3528) | no_ctx=0.00 oracle=0.75 real_rag=0.25 | gc=0.00 | rag_trigger=4.00 | rag_emb_grad=1.42e-01
[2026-02-28 05:00:22] Step 4910/10000 | loss=0.3894 | lr=8.76e-06 | grad_norm=1.625 | mask=57.94% (active=2527, masked=3481) | no_ctx=0.00 oracle=0.75 real_rag=0.25 | gc=0.00 | rag_trigger=4.00 | rag_emb_grad=1.64e-01
[2026-02-28 05:00:33] Step 4920/10000 | loss=0.3981 | lr=8.76e-06 | grad_norm=1.539 | mask=59.23% (active=2834, masked=4118) | no_ctx=0.00 oracle=0.50 real_rag=0.50 | gc=0.00 | rag_trigger=4.00 | rag_emb_grad=1.74e-01
[2026-02-28 05:00:42] Step 4930/10000 | loss=0.3958 | lr=8.75e-06 | grad_norm=1.727 | mask=59.16% (active=2718, masked=3938) | no_ctx=0.00 oracle=0.50 real_rag=0.50 | gc=0.00 | rag_trigger=4.00 | rag_emb_grad=1.40e-01
[2026-02-28 05:00:53] Step 4940/10000 | loss=0.4216 | lr=8.75e-06 | grad_norm=1.672 | mask=62.33% (active=2598, masked=4298) | no_ctx=0.00 oracle=0.62 real_rag=0.38 | gc=0.00 | rag_trigger=4.00 | rag_emb_grad=1.53e-01
[2026-02-28 05:01:02] Step 4950/10000 | loss=0.3817 | lr=8.74e-06 | grad_norm=1.656 | mask=63.28% (active=3361, masked=5791) | no_ctx=0.00 oracle=0.75 real_rag=0.25 | gc=0.00 | rag_trigger=4.00 | rag_emb_grad=1.79e-01
[2026-02-28 05:01:12] Step 4960/10000 | loss=0.3903 | lr=8.74e-06 | grad_norm=1.453 | mask=59.55% (active=2793, masked=4111) | no_ctx=0.00 oracle=0.88 real_rag=0.12 | gc=0.00 | rag_trigger=4.00 | rag_emb_grad=1.09e-01
[2026-02-28 05:01:22] Step 4970/10000 | loss=0.3613 | lr=8.73e-06 | grad_norm=1.797 | mask=57.73% (active=2651, masked=3621) | no_ctx=0.00 oracle=0.62 real_rag=0.38 | gc=0.00 | rag_trigger=4.00 | rag_emb_grad=2.22e-01
[2026-02-28 05:01:32] Step 4980/10000 | loss=0.4267 | lr=8.73e-06 | grad_norm=1.578 | mask=70.71% (active=2521, masked=6087) | no_ctx=0.00 oracle=0.62 real_rag=0.38 | gc=0.00 | rag_trigger=4.00 | rag_emb_grad=1.38e-01
[2026-02-28 05:01:43] Step 4990/10000 | loss=0.3661 | lr=8.72e-06 | grad_norm=1.578 | mask=60.84% (active=2776, masked=4312) | no_ctx=0.00 oracle=0.62 real_rag=0.38 | gc=0.00 | rag_trigger=4.00 | rag_emb_grad=1.05e-01
[2026-02-28 05:01:53] Step 5000/10000 | loss=0.4034 | lr=8.71e-06 | grad_norm=1.602 | mask=69.18% (active=2838, masked=6370) | no_ctx=0.00 oracle=1.00 real_rag=0.00 | gc=0.00 | rag_trigger=4.00 | rag_emb_grad=1.46e-01
[2026-02-28 05:02:08] Saved: results/rag_oracle_20260228_033232/P10_rag_token_oracle07_noctx0_8b/checkpoints/step_5000
[2026-02-28 05:02:17] Step 5010/10000 | loss=0.3255 | lr=8.71e-06 | grad_norm=1.555 | mask=57.97% (active=2488, masked=3432) | no_ctx=0.00 oracle=0.88 real_rag=0.12 | gc=0.00 | rag_trigger=4.00 | rag_emb_grad=1.60e-01
[2026-02-28 05:02:28] Step 5020/10000 | loss=0.3964 | lr=8.70e-06 | grad_norm=1.781 | mask=67.57% (active=2156, masked=4492) | no_ctx=0.00 oracle=0.62 real_rag=0.38 | gc=0.00 | rag_trigger=4.00 | rag_emb_grad=1.47e-01
[2026-02-28 05:02:38] Step 5030/10000 | loss=0.3746 | lr=8.70e-06 | grad_norm=1.727 | mask=57.60% (active=3070, masked=4170) | no_ctx=0.00 oracle=0.62 real_rag=0.38 | gc=0.00 | rag_trigger=4.00 | rag_emb_grad=1.68e-01
[2026-02-28 05:02:47] Step 5040/10000 | loss=0.3797 | lr=8.69e-06 | grad_norm=1.695 | mask=65.19% (active=2587, masked=4845) | no_ctx=0.00 oracle=0.88 real_rag=0.12 | gc=0.00 | rag_trigger=4.00 | rag_emb_grad=1.88e-01
[2026-02-28 05:02:57] Step 5050/10000 | loss=0.3840 | lr=8.69e-06 | grad_norm=1.578 | mask=71.41% (active=2498, masked=6238) | no_ctx=0.00 oracle=0.62 real_rag=0.38 | gc=0.00 | rag_trigger=4.00 | rag_emb_grad=2.18e-01
[2026-02-28 05:03:06] Step 5060/10000 | loss=0.3432 | lr=8.68e-06 | grad_norm=1.508 | mask=63.31% (active=2527, masked=4361) | no_ctx=0.00 oracle=0.75 real_rag=0.25 | gc=0.00 | rag_trigger=4.00 | rag_emb_grad=1.52e-01
[2026-02-28 05:03:17] Step 5070/10000 | loss=0.4115 | lr=8.68e-06 | grad_norm=1.820 | mask=67.74% (active=2485, masked=5219) | no_ctx=0.00 oracle=0.75 real_rag=0.25 | gc=0.00 | rag_trigger=4.00 | rag_emb_grad=1.33e-01
[2026-02-28 05:03:27] Step 5080/10000 | loss=0.3595 | lr=8.67e-06 | grad_norm=1.789 | mask=62.75% (active=2697, masked=4543) | no_ctx=0.00 oracle=0.62 real_rag=0.38 | gc=0.00 | rag_trigger=4.00 | rag_emb_grad=1.81e-01
[2026-02-28 05:03:37] Step 5090/10000 | loss=0.3692 | lr=8.67e-06 | grad_norm=1.461 | mask=65.29% (active=2152, masked=4048) | no_ctx=0.00 oracle=0.62 real_rag=0.38 | gc=0.00 | rag_trigger=4.00 | rag_emb_grad=1.11e-01
[2026-02-28 05:03:48] Step 5100/10000 | loss=0.4178 | lr=8.66e-06 | grad_norm=1.547 | mask=66.73% (active=2523, masked=5061) | no_ctx=0.00 oracle=0.62 real_rag=0.38 | gc=0.00 | rag_trigger=4.00 | rag_emb_grad=1.07e-01
[2026-02-28 05:03:57] Step 5110/10000 | loss=0.3751 | lr=8.66e-06 | grad_norm=1.438 | mask=53.78% (active=3402, masked=3958) | no_ctx=0.00 oracle=0.62 real_rag=0.38 | gc=0.00 | rag_trigger=4.00 | rag_emb_grad=1.38e-01
[2026-02-28 05:04:06] Step 5120/10000 | loss=0.3708 | lr=8.65e-06 | grad_norm=1.672 | mask=67.02% (active=2644, masked=5372) | no_ctx=0.00 oracle=0.62 real_rag=0.38 | gc=0.00 | rag_trigger=4.00 | rag_emb_grad=1.86e-01
[2026-02-28 05:04:16] Step 5130/10000 | loss=0.3736 | lr=8.64e-06 | grad_norm=1.664 | mask=62.19% (active=2686, masked=4418) | no_ctx=0.00 oracle=0.62 real_rag=0.38 | gc=0.00 | rag_trigger=4.00 | rag_emb_grad=1.72e-01
[2026-02-28 05:04:26] Step 5140/10000 | loss=0.3817 | lr=8.64e-06 | grad_norm=1.688 | mask=63.72% (active=2615, masked=4593) | no_ctx=0.00 oracle=0.50 real_rag=0.50 | gc=0.00 | rag_trigger=4.00 | rag_emb_grad=2.23e-01
[2026-02-28 05:04:37] Step 5150/10000 | loss=0.4309 | lr=8.63e-06 | grad_norm=1.625 | mask=56.97% (active=2947, masked=3901) | no_ctx=0.00 oracle=0.62 real_rag=0.38 | gc=0.00 | rag_trigger=4.00 | rag_emb_grad=1.43e-01
[2026-02-28 05:04:47] Step 5160/10000 | loss=0.3524 | lr=8.63e-06 | grad_norm=1.641 | mask=58.78% (active=2579, masked=3677) | no_ctx=0.00 oracle=0.75 real_rag=0.25 | gc=0.00 | rag_trigger=4.00 | rag_emb_grad=1.38e-01
[2026-02-28 05:04:57] Step 5170/10000 | loss=0.4055 | lr=8.62e-06 | grad_norm=1.633 | mask=53.72% (active=3725, masked=4323) | no_ctx=0.00 oracle=0.62 real_rag=0.38 | gc=0.00 | rag_trigger=4.00 | rag_emb_grad=1.32e-01
[2026-02-28 05:05:07] Step 5180/10000 | loss=0.3650 | lr=8.62e-06 | grad_norm=1.711 | mask=60.12% (active=2999, masked=4521) | no_ctx=0.00 oracle=0.75 real_rag=0.25 | gc=0.00 | rag_trigger=4.00 | rag_emb_grad=1.69e-01
[2026-02-28 05:05:16] Step 5190/10000 | loss=0.3868 | lr=8.61e-06 | grad_norm=1.727 | mask=62.26% (active=2485, masked=4099) | no_ctx=0.00 oracle=0.75 real_rag=0.25 | gc=0.00 | rag_trigger=4.00 | rag_emb_grad=1.62e-01
[2026-02-28 05:05:26] Step 5200/10000 | loss=0.3845 | lr=8.61e-06 | grad_norm=1.516 | mask=60.82% (active=3125, masked=4851) | no_ctx=0.00 oracle=0.88 real_rag=0.12 | gc=0.00 | rag_trigger=4.00 | rag_emb_grad=1.31e-01
[2026-02-28 05:05:37] Step 5210/10000 | loss=0.3927 | lr=8.60e-06 | grad_norm=1.617 | mask=67.36% (active=1880, masked=3880) | no_ctx=0.00 oracle=1.00 real_rag=0.00 | gc=0.00 | rag_trigger=4.00 | rag_emb_grad=1.58e-01
[2026-02-28 05:05:46] Step 5220/10000 | loss=0.3642 | lr=8.59e-06 | grad_norm=1.539 | mask=68.47% (active=2512, masked=5456) | no_ctx=0.00 oracle=0.50 real_rag=0.50 | gc=0.00 | rag_trigger=4.00 | rag_emb_grad=2.05e-01
[2026-02-28 05:05:57] Step 5230/10000 | loss=0.3775 | lr=8.59e-06 | grad_norm=1.594 | mask=58.96% (active=2584, masked=3712) | no_ctx=0.00 oracle=0.62 real_rag=0.38 | gc=0.00 | rag_trigger=4.00 | rag_emb_grad=1.15e-01
[2026-02-28 05:06:07] Step 5240/10000 | loss=0.3216 | lr=8.58e-06 | grad_norm=1.570 | mask=66.63% (active=2544, masked=5080) | no_ctx=0.00 oracle=0.88 real_rag=0.12 | gc=0.00 | rag_trigger=4.00 | rag_emb_grad=1.11e-01
[2026-02-28 05:06:17] Step 5250/10000 | loss=0.4061 | lr=8.58e-06 | grad_norm=1.508 | mask=64.89% (active=2258, masked=4174) | no_ctx=0.00 oracle=0.75 real_rag=0.25 | gc=0.00 | rag_trigger=4.00 | rag_emb_grad=1.60e-01
[2026-02-28 05:06:26] Step 5260/10000 | loss=0.3790 | lr=8.57e-06 | grad_norm=1.703 | mask=61.80% (active=2582, masked=4178) | no_ctx=0.00 oracle=0.62 real_rag=0.38 | gc=0.00 | rag_trigger=4.00 | rag_emb_grad=1.95e-01
[2026-02-28 05:06:36] Step 5270/10000 | loss=0.3747 | lr=8.57e-06 | grad_norm=1.789 | mask=62.88% (active=2331, masked=3949) | no_ctx=0.00 oracle=0.62 real_rag=0.38 | gc=0.00 | rag_trigger=3.88 | rag_emb_grad=2.06e-01
[2026-02-28 05:06:46] Step 5280/10000 | loss=0.3599 | lr=8.56e-06 | grad_norm=1.438 | mask=65.96% (active=2089, masked=4047) | no_ctx=0.00 oracle=0.75 real_rag=0.25 | gc=0.00 | rag_trigger=4.00 | rag_emb_grad=2.05e-01
[2026-02-28 05:06:57] Step 5290/10000 | loss=0.3747 | lr=8.56e-06 | grad_norm=1.836 | mask=72.91% (active=2562, masked=6894) | no_ctx=0.00 oracle=0.62 real_rag=0.38 | gc=0.00 | rag_trigger=4.00 | rag_emb_grad=2.87e-01
[2026-02-28 05:07:07] Step 5300/10000 | loss=0.4250 | lr=8.55e-06 | grad_norm=1.570 | mask=62.67% (active=2783, masked=4673) | no_ctx=0.00 oracle=0.62 real_rag=0.38 | gc=0.00 | rag_trigger=4.00 | rag_emb_grad=1.63e-01
[2026-02-28 05:07:18] Step 5310/10000 | loss=0.3662 | lr=8.54e-06 | grad_norm=1.594 | mask=60.60% (active=2181, masked=3355) | no_ctx=0.00 oracle=0.62 real_rag=0.38 | gc=0.00 | rag_trigger=4.00 | rag_emb_grad=1.25e-01
[2026-02-28 05:07:28] Step 5320/10000 | loss=0.4014 | lr=8.54e-06 | grad_norm=1.578 | mask=64.21% (active=2909, masked=5219) | no_ctx=0.00 oracle=0.75 real_rag=0.25 | gc=0.00 | rag_trigger=4.00 | rag_emb_grad=1.55e-01
[2026-02-28 05:07:38] Step 5330/10000 | loss=0.3695 | lr=8.53e-06 | grad_norm=1.602 | mask=62.43% (active=2621, masked=4355) | no_ctx=0.00 oracle=0.88 real_rag=0.12 | gc=0.00 | rag_trigger=3.88 | rag_emb_grad=1.29e-01
[2026-02-28 05:07:48] Step 5340/10000 | loss=0.4108 | lr=8.53e-06 | grad_norm=1.555 | mask=60.96% (active=2948, masked=4604) | no_ctx=0.00 oracle=1.00 real_rag=0.00 | gc=0.00 | rag_trigger=4.00 | rag_emb_grad=1.31e-01
[2026-02-28 05:07:58] Step 5350/10000 | loss=0.3445 | lr=8.52e-06 | grad_norm=1.375 | mask=64.39% (active=2501, masked=4523) | no_ctx=0.00 oracle=0.88 real_rag=0.12 | gc=0.00 | rag_trigger=4.00 | rag_emb_grad=1.48e-01
[2026-02-28 05:08:09] Step 5360/10000 | loss=0.3922 | lr=8.52e-06 | grad_norm=1.570 | mask=58.08% (active=2810, masked=3894) | no_ctx=0.00 oracle=0.62 real_rag=0.38 | gc=0.00 | rag_trigger=4.00 | rag_emb_grad=1.30e-01
[2026-02-28 05:08:19] Step 5370/10000 | loss=0.3991 | lr=8.51e-06 | grad_norm=1.703 | mask=65.15% (active=2183, masked=4081) | no_ctx=0.00 oracle=0.88 real_rag=0.12 | gc=0.00 | rag_trigger=4.00 | rag_emb_grad=2.02e-01
[2026-02-28 05:08:28] Step 5380/10000 | loss=0.3497 | lr=8.51e-06 | grad_norm=1.562 | mask=59.70% (active=2892, masked=4284) | no_ctx=0.00 oracle=0.75 real_rag=0.25 | gc=0.00 | rag_trigger=4.00 | rag_emb_grad=1.17e-01
[2026-02-28 05:08:38] Step 5390/10000 | loss=0.3429 | lr=8.50e-06 | grad_norm=1.539 | mask=59.07% (active=2544, masked=3672) | no_ctx=0.00 oracle=0.75 real_rag=0.25 | gc=0.00 | rag_trigger=4.00 | rag_emb_grad=1.18e-01
[2026-02-28 05:08:47] Step 5400/10000 | loss=0.3839 | lr=8.49e-06 | grad_norm=1.555 | mask=66.19% (active=2345, masked=4591) | no_ctx=0.00 oracle=0.88 real_rag=0.12 | gc=0.00 | rag_trigger=4.00 | rag_emb_grad=1.88e-01
[2026-02-28 05:08:56] Step 5410/10000 | loss=0.3606 | lr=8.49e-06 | grad_norm=1.672 | mask=56.33% (active=2844, masked=3668) | no_ctx=0.00 oracle=0.50 real_rag=0.50 | gc=0.00 | rag_trigger=4.00 | rag_emb_grad=1.25e-01
[2026-02-28 05:09:06] Step 5420/10000 | loss=0.3456 | lr=8.48e-06 | grad_norm=1.484 | mask=66.15% (active=1969, masked=3847) | no_ctx=0.00 oracle=0.75 real_rag=0.25 | gc=0.00 | rag_trigger=4.00 | rag_emb_grad=1.23e-01
[2026-02-28 05:09:16] Step 5430/10000 | loss=0.3787 | lr=8.48e-06 | grad_norm=1.594 | mask=64.85% (active=2688, masked=4960) | no_ctx=0.00 oracle=0.75 real_rag=0.25 | gc=0.00 | rag_trigger=4.00 | rag_emb_grad=1.23e-01
[2026-02-28 05:09:25] Step 5440/10000 | loss=0.3817 | lr=8.47e-06 | grad_norm=1.820 | mask=65.16% (active=2651, masked=4957) | no_ctx=0.00 oracle=0.88 real_rag=0.12 | gc=0.00 | rag_trigger=4.00 | rag_emb_grad=2.97e-01
[2026-02-28 05:09:36] Step 5450/10000 | loss=0.3637 | lr=8.47e-06 | grad_norm=1.547 | mask=62.75% (active=3192, masked=5376) | no_ctx=0.00 oracle=0.88 real_rag=0.12 | gc=0.00 | rag_trigger=4.00 | rag_emb_grad=1.57e-01
[2026-02-28 05:09:46] Step 5460/10000 | loss=0.3937 | lr=8.46e-06 | grad_norm=1.656 | mask=60.39% (active=2792, masked=4256) | no_ctx=0.00 oracle=0.50 real_rag=0.50 | gc=0.00 | rag_trigger=4.00 | rag_emb_grad=1.73e-01
[2026-02-28 05:09:56] Step 5470/10000 | loss=0.4011 | lr=8.45e-06 | grad_norm=1.578 | mask=56.84% (active=3042, masked=4006) | no_ctx=0.00 oracle=0.88 real_rag=0.12 | gc=0.00 | rag_trigger=4.00 | rag_emb_grad=1.79e-01
[2026-02-28 05:10:06] Step 5480/10000 | loss=0.3359 | lr=8.45e-06 | grad_norm=1.359 | mask=59.53% (active=3561, masked=5239) | no_ctx=0.00 oracle=0.88 real_rag=0.12 | gc=0.00 | rag_trigger=4.00 | rag_emb_grad=1.01e-01
[2026-02-28 05:10:16] Step 5490/10000 | loss=0.3571 | lr=8.44e-06 | grad_norm=1.594 | mask=58.28% (active=2523, masked=3525) | no_ctx=0.00 oracle=0.50 real_rag=0.50 | gc=0.00 | rag_trigger=4.00 | rag_emb_grad=2.23e-01
[2026-02-28 05:10:26] Step 5500/10000 | loss=0.3970 | lr=8.44e-06 | grad_norm=1.750 | mask=56.25% (active=2751, masked=3537) | no_ctx=0.00 oracle=0.75 real_rag=0.25 | gc=0.00 | rag_trigger=4.00 | rag_emb_grad=1.62e-01
[2026-02-28 05:10:40] Saved: results/rag_oracle_20260228_033232/P10_rag_token_oracle07_noctx0_8b/checkpoints/step_5500
[2026-02-28 05:10:50] Step 5510/10000 | loss=0.3780 | lr=8.43e-06 | grad_norm=1.539 | mask=56.39% (active=2585, masked=3343) | no_ctx=0.00 oracle=1.00 real_rag=0.00 | gc=0.00 | rag_trigger=4.00 | rag_emb_grad=1.46e-01
[2026-02-28 05:10:59] Step 5520/10000 | loss=0.3318 | lr=8.42e-06 | grad_norm=1.562 | mask=53.26% (active=2610, masked=2974) | no_ctx=0.00 oracle=0.62 real_rag=0.38 | gc=0.00 | rag_trigger=4.00 | rag_emb_grad=1.87e-01
[2026-02-28 05:11:10] Step 5530/10000 | loss=0.3891 | lr=8.42e-06 | grad_norm=1.609 | mask=56.35% (active=3426, masked=4422) | no_ctx=0.00 oracle=0.75 real_rag=0.25 | gc=0.00 | rag_trigger=4.00 | rag_emb_grad=1.50e-01
[2026-02-28 05:11:20] Step 5540/10000 | loss=0.3699 | lr=8.41e-06 | grad_norm=1.492 | mask=60.75% (active=2732, masked=4228) | no_ctx=0.00 oracle=0.88 real_rag=0.12 | gc=0.00 | rag_trigger=4.00 | rag_emb_grad=1.14e-01
[2026-02-28 05:11:30] Step 5550/10000 | loss=0.4122 | lr=8.41e-06 | grad_norm=1.570 | mask=59.40% (active=2891, masked=4229) | no_ctx=0.00 oracle=0.75 real_rag=0.25 | gc=0.00 | rag_trigger=4.00 | rag_emb_grad=1.81e-01
[2026-02-28 05:11:41] Step 5560/10000 | loss=0.4130 | lr=8.40e-06 | grad_norm=1.633 | mask=60.74% (active=3511, masked=5433) | no_ctx=0.00 oracle=0.75 real_rag=0.25 | gc=0.00 | rag_trigger=4.00 | rag_emb_grad=1.31e-01
[2026-02-28 05:11:51] Step 5570/10000 | loss=0.4029 | lr=8.40e-06 | grad_norm=1.680 | mask=60.34% (active=2843, masked=4325) | no_ctx=0.00 oracle=0.88 real_rag=0.12 | gc=0.00 | rag_trigger=4.00 | rag_emb_grad=1.16e-01
[2026-02-28 05:12:01] Step 5580/10000 | loss=0.3825 | lr=8.39e-06 | grad_norm=1.648 | mask=64.75% (active=2270, masked=4170) | no_ctx=0.00 oracle=0.75 real_rag=0.25 | gc=0.00 | rag_trigger=4.00 | rag_emb_grad=1.37e-01
[2026-02-28 05:12:11] Step 5590/10000 | loss=0.3550 | lr=8.38e-06 | grad_norm=1.602 | mask=62.63% (active=2072, masked=3472) | no_ctx=0.00 oracle=0.62 real_rag=0.38 | gc=0.00 | rag_trigger=4.00 | rag_emb_grad=1.19e-01
[2026-02-28 05:12:21] Step 5600/10000 | loss=0.3968 | lr=8.38e-06 | grad_norm=1.555 | mask=64.21% (active=2849, masked=5111) | no_ctx=0.00 oracle=0.88 real_rag=0.12 | gc=0.00 | rag_trigger=4.00 | rag_emb_grad=1.19e-01
[2026-02-28 05:12:31] Step 5610/10000 | loss=0.4036 | lr=8.37e-06 | grad_norm=1.664 | mask=68.29% (active=2324, masked=5004) | no_ctx=0.00 oracle=0.88 real_rag=0.12 | gc=0.00 | rag_trigger=4.00 | rag_emb_grad=1.65e-01
[2026-02-28 05:12:41] Step 5620/10000 | loss=0.3580 | lr=8.37e-06 | grad_norm=1.672 | mask=63.38% (active=2367, masked=4097) | no_ctx=0.00 oracle=0.88 real_rag=0.12 | gc=0.00 | rag_trigger=4.00 | rag_emb_grad=1.41e-01
[2026-02-28 05:12:51] Step 5630/10000 | loss=0.4101 | lr=8.36e-06 | grad_norm=1.562 | mask=56.19% (active=2972, masked=3812) | no_ctx=0.00 oracle=0.62 real_rag=0.38 | gc=0.00 | rag_trigger=4.00 | rag_emb_grad=1.19e-01
[2026-02-28 05:13:01] Step 5640/10000 | loss=0.4365 | lr=8.35e-06 | grad_norm=1.648 | mask=61.13% (active=2892, masked=4548) | no_ctx=0.00 oracle=0.62 real_rag=0.38 | gc=0.00 | rag_trigger=4.00 | rag_emb_grad=1.37e-01
[2026-02-28 05:13:12] Step 5650/10000 | loss=0.3458 | lr=8.35e-06 | grad_norm=1.461 | mask=62.17% (active=2975, masked=4889) | no_ctx=0.00 oracle=0.62 real_rag=0.38 | gc=0.00 | rag_trigger=4.00 | rag_emb_grad=1.58e-01
[2026-02-28 05:13:22] Step 5660/10000 | loss=0.4002 | lr=8.34e-06 | grad_norm=1.641 | mask=59.25% (active=3345, masked=4863) | no_ctx=0.00 oracle=0.62 real_rag=0.38 | gc=0.00 | rag_trigger=4.00 | rag_emb_grad=1.30e-01
[2026-02-28 05:13:31] Step 5670/10000 | loss=0.3775 | lr=8.34e-06 | grad_norm=1.578 | mask=64.90% (active=2631, masked=4865) | no_ctx=0.00 oracle=0.50 real_rag=0.50 | gc=0.00 | rag_trigger=4.00 | rag_emb_grad=1.82e-01
[2026-02-28 05:13:42] Step 5680/10000 | loss=0.3986 | lr=8.33e-06 | grad_norm=1.578 | mask=55.93% (active=3124, masked=3964) | no_ctx=0.00 oracle=1.00 real_rag=0.00 | gc=0.00 | rag_trigger=4.00 | rag_emb_grad=1.74e-01
[2026-02-28 05:13:51] Step 5690/10000 | loss=0.3399 | lr=8.32e-06 | grad_norm=1.578 | mask=56.20% (active=2719, masked=3489) | no_ctx=0.00 oracle=0.62 real_rag=0.38 | gc=0.00 | rag_trigger=4.00 | rag_emb_grad=2.08e-01
[2026-02-28 05:14:02] Step 5700/10000 | loss=0.4080 | lr=8.32e-06 | grad_norm=1.648 | mask=65.14% (active=2602, masked=4862) | no_ctx=0.00 oracle=1.00 real_rag=0.00 | gc=0.00 | rag_trigger=4.00 | rag_emb_grad=1.99e-01
[2026-02-28 05:14:11] Step 5710/10000 | loss=0.3410 | lr=8.31e-06 | grad_norm=1.344 | mask=68.34% (active=2396, masked=5172) | no_ctx=0.00 oracle=0.75 real_rag=0.25 | gc=0.00 | rag_trigger=4.00 | rag_emb_grad=1.35e-01
[2026-02-28 05:14:22] Step 5720/10000 | loss=0.4026 | lr=8.31e-06 | grad_norm=1.906 | mask=65.14% (active=2340, masked=4372) | no_ctx=0.00 oracle=0.88 real_rag=0.12 | gc=0.00 | rag_trigger=4.00 | rag_emb_grad=1.68e-01
[2026-02-28 05:14:31] Step 5730/10000 | loss=0.3805 | lr=8.30e-06 | grad_norm=1.555 | mask=57.11% (active=2642, masked=3518) | no_ctx=0.00 oracle=0.75 real_rag=0.25 | gc=0.00 | rag_trigger=4.00 | rag_emb_grad=1.36e-01
[2026-02-28 05:14:41] Step 5740/10000 | loss=0.3942 | lr=8.29e-06 | grad_norm=1.773 | mask=65.96% (active=2857, masked=5535) | no_ctx=0.00 oracle=0.62 real_rag=0.38 | gc=0.00 | rag_trigger=4.00 | rag_emb_grad=1.49e-01
[2026-02-28 05:14:51] Step 5750/10000 | loss=0.3364 | lr=8.29e-06 | grad_norm=1.672 | mask=66.93% (active=2860, masked=5788) | no_ctx=0.00 oracle=0.88 real_rag=0.12 | gc=0.00 | rag_trigger=4.00 | rag_emb_grad=1.72e-01
[2026-02-28 05:15:02] Step 5760/10000 | loss=0.3605 | lr=8.28e-06 | grad_norm=1.852 | mask=63.14% (active=1734, masked=2970) | no_ctx=0.00 oracle=0.75 real_rag=0.25 | gc=0.00 | rag_trigger=4.00 | rag_emb_grad=2.49e-01
[2026-02-28 05:15:11] Step 5770/10000 | loss=0.3905 | lr=8.28e-06 | grad_norm=1.609 | mask=62.56% (active=3016, masked=5040) | no_ctx=0.00 oracle=0.62 real_rag=0.38 | gc=0.00 | rag_trigger=4.00 | rag_emb_grad=1.32e-01
[2026-02-28 05:15:21] Step 5780/10000 | loss=0.4302 | lr=8.27e-06 | grad_norm=1.773 | mask=62.19% (active=2674, masked=4398) | no_ctx=0.00 oracle=0.75 real_rag=0.25 | gc=0.00 | rag_trigger=4.00 | rag_emb_grad=1.34e-01
[2026-02-28 05:15:32] Step 5790/10000 | loss=0.3845 | lr=8.26e-06 | grad_norm=1.555 | mask=66.10% (active=2959, masked=5769) | no_ctx=0.00 oracle=1.00 real_rag=0.00 | gc=0.00 | rag_trigger=4.00 | rag_emb_grad=1.48e-01
[2026-02-28 05:15:42] Step 5800/10000 | loss=0.3551 | lr=8.26e-06 | grad_norm=1.586 | mask=66.58% (active=2545, masked=5071) | no_ctx=0.00 oracle=0.75 real_rag=0.25 | gc=0.00 | rag_trigger=4.00 | rag_emb_grad=1.69e-01
[2026-02-28 05:15:54] Step 5810/10000 | loss=0.4000 | lr=8.25e-06 | grad_norm=1.562 | mask=57.17% (active=3077, masked=4107) | no_ctx=0.00 oracle=0.50 real_rag=0.50 | gc=0.00 | rag_trigger=4.00 | rag_emb_grad=1.56e-01
[2026-02-28 05:16:04] Step 5820/10000 | loss=0.4090 | lr=8.25e-06 | grad_norm=1.758 | mask=63.78% (active=2593, masked=4567) | no_ctx=0.00 oracle=0.88 real_rag=0.12 | gc=0.00 | rag_trigger=4.00 | rag_emb_grad=2.02e-01
[2026-02-28 05:16:14] Step 5830/10000 | loss=0.4134 | lr=8.24e-06 | grad_norm=1.594 | mask=61.21% (active=3308, masked=5220) | no_ctx=0.00 oracle=0.88 real_rag=0.12 | gc=0.00 | rag_trigger=4.00 | rag_emb_grad=1.48e-01
[2026-02-28 05:16:25] Step 5840/10000 | loss=0.3643 | lr=8.23e-06 | grad_norm=1.656 | mask=62.47% (active=2552, masked=4248) | no_ctx=0.00 oracle=0.88 real_rag=0.12 | gc=0.00 | rag_trigger=4.00 | rag_emb_grad=2.16e-01
[2026-02-28 05:16:35] Step 5850/10000 | loss=0.3718 | lr=8.23e-06 | grad_norm=1.656 | mask=59.47% (active=2837, masked=4163) | no_ctx=0.00 oracle=0.62 real_rag=0.38 | gc=0.00 | rag_trigger=4.00 | rag_emb_grad=1.43e-01
[2026-02-28 05:16:46] Step 5860/10000 | loss=0.3880 | lr=8.22e-06 | grad_norm=1.758 | mask=60.10% (active=2598, masked=3914) | no_ctx=0.00 oracle=0.75 real_rag=0.25 | gc=0.00 | rag_trigger=4.00 | rag_emb_grad=1.59e-01
[2026-02-28 05:16:55] Step 5870/10000 | loss=0.3809 | lr=8.22e-06 | grad_norm=1.570 | mask=62.71% (active=1978, masked=3326) | no_ctx=0.00 oracle=0.75 real_rag=0.25 | gc=0.00 | rag_trigger=4.00 | rag_emb_grad=1.98e-01
[2026-02-28 05:17:05] Step 5880/10000 | loss=0.3828 | lr=8.21e-06 | grad_norm=1.766 | mask=63.01% (active=2465, masked=4199) | no_ctx=0.00 oracle=1.00 real_rag=0.00 | gc=0.00 | rag_trigger=4.00 | rag_emb_grad=1.53e-01
[2026-02-28 05:17:16] Step 5890/10000 | loss=0.4140 | lr=8.20e-06 | grad_norm=1.594 | mask=65.06% (active=2658, masked=4950) | no_ctx=0.00 oracle=0.62 real_rag=0.38 | gc=0.00 | rag_trigger=4.00 | rag_emb_grad=1.36e-01
[2026-02-28 05:17:26] Step 5900/10000 | loss=0.4095 | lr=8.20e-06 | grad_norm=1.500 | mask=53.58% (active=2659, masked=3069) | no_ctx=0.00 oracle=0.75 real_rag=0.25 | gc=0.00 | rag_trigger=4.00 | rag_emb_grad=1.63e-01
[2026-02-28 05:17:35] Step 5910/10000 | loss=0.3668 | lr=8.19e-06 | grad_norm=1.625 | mask=57.31% (active=2739, masked=3677) | no_ctx=0.00 oracle=0.62 real_rag=0.38 | gc=0.00 | rag_trigger=4.00 | rag_emb_grad=2.33e-01
[2026-02-28 05:17:45] Step 5920/10000 | loss=0.3411 | lr=8.19e-06 | grad_norm=1.438 | mask=60.42% (active=2153, masked=3287) | no_ctx=0.00 oracle=0.62 real_rag=0.38 | gc=0.00 | rag_trigger=4.00 | rag_emb_grad=1.12e-01
[2026-02-28 05:17:55] Step 5930/10000 | loss=0.3788 | lr=8.18e-06 | grad_norm=1.555 | mask=64.74% (active=2547, masked=4677) | no_ctx=0.00 oracle=0.75 real_rag=0.25 | gc=0.00 | rag_trigger=4.00 | rag_emb_grad=1.89e-01
[2026-02-28 05:18:05] Step 5940/10000 | loss=0.3837 | lr=8.17e-06 | grad_norm=1.672 | mask=65.98% (active=2907, masked=5637) | no_ctx=0.00 oracle=0.38 real_rag=0.62 | gc=0.00 | rag_trigger=4.00 | rag_emb_grad=1.43e-01
[2026-02-28 05:18:16] Step 5950/10000 | loss=0.3875 | lr=8.17e-06 | grad_norm=1.625 | mask=67.40% (active=2342, masked=4842) | no_ctx=0.00 oracle=0.75 real_rag=0.25 | gc=0.00 | rag_trigger=4.00 | rag_emb_grad=1.77e-01
[2026-02-28 05:18:26] Step 5960/10000 | loss=0.3639 | lr=8.16e-06 | grad_norm=1.477 | mask=59.08% (active=2501, masked=3611) | no_ctx=0.00 oracle=0.62 real_rag=0.38 | gc=0.00 | rag_trigger=4.00 | rag_emb_grad=1.42e-01
[2026-02-28 05:18:35] Step 5970/10000 | loss=0.3706 | lr=8.15e-06 | grad_norm=1.734 | mask=62.86% (active=2445, masked=4139) | no_ctx=0.00 oracle=0.62 real_rag=0.38 | gc=0.00 | rag_trigger=4.00 | rag_emb_grad=1.60e-01
[2026-02-28 05:18:46] Step 5980/10000 | loss=0.3741 | lr=8.15e-06 | grad_norm=1.680 | mask=65.59% (active=2824, masked=5384) | no_ctx=0.00 oracle=0.75 real_rag=0.25 | gc=0.00 | rag_trigger=4.00 | rag_emb_grad=1.59e-01
[2026-02-28 05:18:55] Step 5990/10000 | loss=0.3659 | lr=8.14e-06 | grad_norm=1.820 | mask=60.52% (active=2470, masked=3786) | no_ctx=0.00 oracle=0.88 real_rag=0.12 | gc=0.00 | rag_trigger=4.00 | rag_emb_grad=2.04e-01
[2026-02-28 05:19:06] Step 6000/10000 | loss=0.3786 | lr=8.14e-06 | grad_norm=1.750 | mask=58.40% (active=3178, masked=4462) | no_ctx=0.00 oracle=0.50 real_rag=0.50 | gc=0.00 | rag_trigger=4.00 | rag_emb_grad=1.76e-01
[2026-02-28 05:19:20] Saved: results/rag_oracle_20260228_033232/P10_rag_token_oracle07_noctx0_8b/checkpoints/step_6000
[2026-02-28 05:19:30] Step 6010/10000 | loss=0.3762 | lr=8.13e-06 | grad_norm=1.633 | mask=67.80% (active=2795, masked=5885) | no_ctx=0.00 oracle=0.75 real_rag=0.25 | gc=0.00 | rag_trigger=4.00 | rag_emb_grad=1.47e-01
[2026-02-28 05:19:40] Step 6020/10000 | loss=0.3396 | lr=8.12e-06 | grad_norm=1.648 | mask=59.89% (active=2240, masked=3344) | no_ctx=0.00 oracle=0.50 real_rag=0.50 | gc=0.00 | rag_trigger=4.00 | rag_emb_grad=1.47e-01
[2026-02-28 05:19:50] Step 6030/10000 | loss=0.3749 | lr=8.12e-06 | grad_norm=1.570 | mask=63.43% (active=3072, masked=5328) | no_ctx=0.00 oracle=0.38 real_rag=0.62 | gc=0.00 | rag_trigger=4.00 | rag_emb_grad=1.39e-01
[2026-02-28 05:19:59] Step 6040/10000 | loss=0.3921 | lr=8.11e-06 | grad_norm=1.719 | mask=56.50% (active=2307, masked=2997) | no_ctx=0.00 oracle=0.62 real_rag=0.38 | gc=0.00 | rag_trigger=4.00 | rag_emb_grad=1.64e-01
[2026-02-28 05:20:09] Step 6050/10000 | loss=0.3481 | lr=8.11e-06 | grad_norm=1.641 | mask=61.37% (active=2670, masked=4242) | no_ctx=0.00 oracle=0.50 real_rag=0.50 | gc=0.00 | rag_trigger=4.00 | rag_emb_grad=1.46e-01
[2026-02-28 05:20:19] Step 6060/10000 | loss=0.3648 | lr=8.10e-06 | grad_norm=1.766 | mask=57.30% (active=2497, masked=3351) | no_ctx=0.00 oracle=0.75 real_rag=0.25 | gc=0.00 | rag_trigger=4.00 | rag_emb_grad=1.39e-01
[2026-02-28 05:20:29] Step 6070/10000 | loss=0.3857 | lr=8.09e-06 | grad_norm=1.609 | mask=73.17% (active=2194, masked=5982) | no_ctx=0.00 oracle=1.00 real_rag=0.00 | gc=0.00 | rag_trigger=3.75 | rag_emb_grad=1.67e-01
[2026-02-28 05:20:39] Step 6080/10000 | loss=0.4029 | lr=8.09e-06 | grad_norm=1.789 | mask=62.69% (active=2549, masked=4283) | no_ctx=0.00 oracle=0.62 real_rag=0.38 | gc=0.00 | rag_trigger=4.00 | rag_emb_grad=1.20e-01
[2026-02-28 05:20:48] Step 6090/10000 | loss=0.3143 | lr=8.08e-06 | grad_norm=1.602 | mask=59.47% (active=2633, masked=3863) | no_ctx=0.00 oracle=0.75 real_rag=0.25 | gc=0.00 | rag_trigger=4.00 | rag_emb_grad=1.24e-01
[2026-02-28 05:20:59] Step 6100/10000 | loss=0.3827 | lr=8.07e-06 | grad_norm=1.734 | mask=57.62% (active=2746, masked=3734) | no_ctx=0.00 oracle=0.62 real_rag=0.38 | gc=0.00 | rag_trigger=4.00 | rag_emb_grad=2.19e-01
[2026-02-28 05:21:09] Step 6110/10000 | loss=0.3567 | lr=8.07e-06 | grad_norm=1.562 | mask=63.64% (active=2574, masked=4506) | no_ctx=0.00 oracle=1.00 real_rag=0.00 | gc=0.00 | rag_trigger=4.00 | rag_emb_grad=1.35e-01
[2026-02-28 05:21:18] Step 6120/10000 | loss=0.3694 | lr=8.06e-06 | grad_norm=1.766 | mask=60.35% (active=2382, masked=3626) | no_ctx=0.00 oracle=0.62 real_rag=0.38 | gc=0.00 | rag_trigger=4.00 | rag_emb_grad=1.89e-01
[2026-02-28 05:21:27] Step 6130/10000 | loss=0.3384 | lr=8.05e-06 | grad_norm=1.680 | mask=61.07% (active=2797, masked=4387) | no_ctx=0.00 oracle=0.62 real_rag=0.38 | gc=0.00 | rag_trigger=4.00 | rag_emb_grad=1.82e-01
[2026-02-28 05:21:37] Step 6140/10000 | loss=0.3786 | lr=8.05e-06 | grad_norm=1.414 | mask=55.84% (active=2678, masked=3386) | no_ctx=0.00 oracle=1.00 real_rag=0.00 | gc=0.00 | rag_trigger=4.00 | rag_emb_grad=1.54e-01
[2026-02-28 05:21:47] Step 6150/10000 | loss=0.3536 | lr=8.04e-06 | grad_norm=1.633 | mask=59.63% (active=3000, masked=4432) | no_ctx=0.00 oracle=0.62 real_rag=0.38 | gc=0.00 | rag_trigger=4.00 | rag_emb_grad=1.52e-01
[2026-02-28 05:21:56] Step 6160/10000 | loss=0.3595 | lr=8.04e-06 | grad_norm=1.562 | mask=55.08% (active=2753, masked=3375) | no_ctx=0.00 oracle=0.62 real_rag=0.38 | gc=0.00 | rag_trigger=4.00 | rag_emb_grad=1.87e-01
[2026-02-28 05:22:06] Step 6170/10000 | loss=0.3751 | lr=8.03e-06 | grad_norm=1.875 | mask=59.06% (active=2381, masked=3435) | no_ctx=0.00 oracle=0.50 real_rag=0.50 | gc=0.00 | rag_trigger=4.00 | rag_emb_grad=2.09e-01
[2026-02-28 05:22:17] Step 6180/10000 | loss=0.3428 | lr=8.02e-06 | grad_norm=1.578 | mask=67.00% (active=3292, masked=6684) | no_ctx=0.00 oracle=0.50 real_rag=0.50 | gc=0.00 | rag_trigger=4.00 | rag_emb_grad=1.33e-01
[2026-02-28 05:22:26] Step 6190/10000 | loss=0.3232 | lr=8.02e-06 | grad_norm=1.523 | mask=60.42% (active=2964, masked=4524) | no_ctx=0.00 oracle=0.62 real_rag=0.38 | gc=0.00 | rag_trigger=4.00 | rag_emb_grad=1.35e-01
[2026-02-28 05:22:37] Step 6200/10000 | loss=0.3753 | lr=8.01e-06 | grad_norm=1.344 | mask=63.80% (active=3174, masked=5594) | no_ctx=0.00 oracle=0.88 real_rag=0.12 | gc=0.00 | rag_trigger=4.00 | rag_emb_grad=1.50e-01
[2026-02-28 05:22:47] Step 6210/10000 | loss=0.3481 | lr=8.00e-06 | grad_norm=1.805 | mask=64.31% (active=2350, masked=4234) | no_ctx=0.00 oracle=0.75 real_rag=0.25 | gc=0.00 | rag_trigger=4.00 | rag_emb_grad=3.12e-01
[2026-02-28 05:22:57] Step 6220/10000 | loss=0.4046 | lr=8.00e-06 | grad_norm=1.633 | mask=61.16% (active=2849, masked=4487) | no_ctx=0.00 oracle=0.88 real_rag=0.12 | gc=0.00 | rag_trigger=4.00 | rag_emb_grad=1.44e-01
[2026-02-28 05:23:07] Step 6230/10000 | loss=0.3595 | lr=7.99e-06 | grad_norm=1.625 | mask=64.32% (active=2543, masked=4585) | no_ctx=0.00 oracle=0.88 real_rag=0.12 | gc=0.00 | rag_trigger=3.88 | rag_emb_grad=1.65e-01
[2026-02-28 05:23:18] Step 6240/10000 | loss=0.4286 | lr=7.99e-06 | grad_norm=1.547 | mask=64.44% (active=3021, masked=5475) | no_ctx=0.00 oracle=0.62 real_rag=0.38 | gc=0.00 | rag_trigger=4.00 | rag_emb_grad=1.52e-01
[2026-02-28 05:23:27] Step 6250/10000 | loss=0.3569 | lr=7.98e-06 | grad_norm=1.570 | mask=60.32% (active=2581, masked=3923) | no_ctx=0.00 oracle=0.75 real_rag=0.25 | gc=0.00 | rag_trigger=4.00 | rag_emb_grad=1.54e-01
[2026-02-28 05:23:37] Step 6260/10000 | loss=0.4056 | lr=7.97e-06 | grad_norm=1.547 | mask=66.85% (active=2840, masked=5728) | no_ctx=0.00 oracle=0.75 real_rag=0.25 | gc=0.00 | rag_trigger=4.00 | rag_emb_grad=1.20e-01
[2026-02-28 05:23:48] Step 6270/10000 | loss=0.4293 | lr=7.97e-06 | grad_norm=2.047 | mask=72.47% (active=2799, masked=7369) | no_ctx=0.00 oracle=0.38 real_rag=0.62 | gc=0.00 | rag_trigger=4.00 | rag_emb_grad=2.87e-01
[2026-02-28 05:23:58] Step 6280/10000 | loss=0.4309 | lr=7.96e-06 | grad_norm=1.727 | mask=71.62% (active=2647, masked=6681) | no_ctx=0.00 oracle=0.62 real_rag=0.38 | gc=0.00 | rag_trigger=4.00 | rag_emb_grad=1.37e-01
[2026-02-28 05:24:08] Step 6290/10000 | loss=0.3925 | lr=7.95e-06 | grad_norm=1.625 | mask=65.71% (active=2743, masked=5257) | no_ctx=0.00 oracle=0.62 real_rag=0.38 | gc=0.00 | rag_trigger=4.00 | rag_emb_grad=1.78e-01
[2026-02-28 05:24:18] Step 6300/10000 | loss=0.3749 | lr=7.95e-06 | grad_norm=1.859 | mask=63.92% (active=2413, masked=4275) | no_ctx=0.00 oracle=0.38 real_rag=0.62 | gc=0.00 | rag_trigger=3.88 | rag_emb_grad=1.84e-01
[2026-02-28 05:24:27] Step 6310/10000 | loss=0.3650 | lr=7.94e-06 | grad_norm=1.680 | mask=61.15% (active=2356, masked=3708) | no_ctx=0.00 oracle=0.88 real_rag=0.12 | gc=0.00 | rag_trigger=4.00 | rag_emb_grad=1.53e-01
[2026-02-28 05:24:37] Step 6320/10000 | loss=0.3568 | lr=7.93e-06 | grad_norm=1.820 | mask=58.34% (active=3076, masked=4308) | no_ctx=0.00 oracle=0.50 real_rag=0.50 | gc=0.00 | rag_trigger=4.00 | rag_emb_grad=1.37e-01
[2026-02-28 05:24:48] Step 6330/10000 | loss=0.3710 | lr=7.93e-06 | grad_norm=1.727 | mask=58.00% (active=2762, masked=3814) | no_ctx=0.00 oracle=0.88 real_rag=0.12 | gc=0.00 | rag_trigger=4.00 | rag_emb_grad=1.77e-01
[2026-02-28 05:24:58] Step 6340/10000 | loss=0.3938 | lr=7.92e-06 | grad_norm=1.641 | mask=51.70% (active=3319, masked=3553) | no_ctx=0.00 oracle=0.88 real_rag=0.12 | gc=0.00 | rag_trigger=4.00 | rag_emb_grad=1.54e-01
[2026-02-28 05:25:09] Step 6350/10000 | loss=0.4018 | lr=7.91e-06 | grad_norm=1.461 | mask=60.78% (active=2758, masked=4274) | no_ctx=0.00 oracle=0.75 real_rag=0.25 | gc=0.00 | rag_trigger=4.00 | rag_emb_grad=1.07e-01
[2026-02-28 05:25:19] Step 6360/10000 | loss=0.3406 | lr=7.91e-06 | grad_norm=1.578 | mask=58.39% (active=2816, masked=3952) | no_ctx=0.00 oracle=0.75 real_rag=0.25 | gc=0.00 | rag_trigger=4.00 | rag_emb_grad=1.52e-01
[2026-02-28 05:25:29] Step 6370/10000 | loss=0.3626 | lr=7.90e-06 | grad_norm=1.672 | mask=53.33% (active=3155, masked=3605) | no_ctx=0.00 oracle=1.00 real_rag=0.00 | gc=0.00 | rag_trigger=4.00 | rag_emb_grad=1.68e-01
[2026-02-28 05:25:39] Step 6380/10000 | loss=0.3725 | lr=7.89e-06 | grad_norm=1.633 | mask=62.33% (active=3357, masked=5555) | no_ctx=0.00 oracle=0.88 real_rag=0.12 | gc=0.00 | rag_trigger=4.00 | rag_emb_grad=2.08e-01
[2026-02-28 05:25:49] Step 6390/10000 | loss=0.3851 | lr=7.89e-06 | grad_norm=1.695 | mask=63.98% (active=2743, masked=4873) | no_ctx=0.00 oracle=0.62 real_rag=0.38 | gc=0.00 | rag_trigger=4.00 | rag_emb_grad=1.30e-01
[2026-02-28 05:25:58] Step 6400/10000 | loss=0.3380 | lr=7.88e-06 | grad_norm=1.469 | mask=68.28% (active=2840, masked=6112) | no_ctx=0.00 oracle=0.50 real_rag=0.50 | gc=0.00 | rag_trigger=4.00 | rag_emb_grad=1.64e-01
[2026-02-28 05:26:07] Step 6410/10000 | loss=0.3843 | lr=7.88e-06 | grad_norm=1.773 | mask=61.25% (active=3233, masked=5111) | no_ctx=0.00 oracle=0.88 real_rag=0.12 | gc=0.00 | rag_trigger=4.00 | rag_emb_grad=1.77e-01
[2026-02-28 05:26:18] Step 6420/10000 | loss=0.3776 | lr=7.87e-06 | grad_norm=1.531 | mask=64.92% (active=3185, masked=5895) | no_ctx=0.00 oracle=0.75 real_rag=0.25 | gc=0.00 | rag_trigger=4.00 | rag_emb_grad=1.64e-01
[2026-02-28 05:26:28] Step 6430/10000 | loss=0.3721 | lr=7.86e-06 | grad_norm=1.789 | mask=75.40% (active=2226, masked=6822) | no_ctx=0.00 oracle=0.75 real_rag=0.25 | gc=0.00 | rag_trigger=4.00 | rag_emb_grad=1.44e-01
[2026-02-28 05:26:39] Step 6440/10000 | loss=0.3591 | lr=7.86e-06 | grad_norm=1.602 | mask=65.09% (active=2430, masked=4530) | no_ctx=0.00 oracle=0.75 real_rag=0.25 | gc=0.00 | rag_trigger=4.00 | rag_emb_grad=2.27e-01
[2026-02-28 05:26:49] Step 6450/10000 | loss=0.3916 | lr=7.85e-06 | grad_norm=1.641 | mask=67.63% (active=2561, masked=5351) | no_ctx=0.00 oracle=0.62 real_rag=0.38 | gc=0.00 | rag_trigger=4.00 | rag_emb_grad=1.34e-01
[2026-02-28 05:26:59] Step 6460/10000 | loss=0.3868 | lr=7.84e-06 | grad_norm=1.875 | mask=62.93% (active=1972, masked=3348) | no_ctx=0.00 oracle=0.75 real_rag=0.25 | gc=0.00 | rag_trigger=4.00 | rag_emb_grad=1.94e-01
[2026-02-28 05:27:09] Step 6470/10000 | loss=0.3539 | lr=7.84e-06 | grad_norm=1.680 | mask=64.77% (active=3069, masked=5643) | no_ctx=0.00 oracle=0.50 real_rag=0.50 | gc=0.00 | rag_trigger=4.00 | rag_emb_grad=1.35e-01
[2026-02-28 05:27:19] Step 6480/10000 | loss=0.3774 | lr=7.83e-06 | grad_norm=1.719 | mask=73.52% (active=2394, masked=6646) | no_ctx=0.00 oracle=0.75 real_rag=0.25 | gc=0.00 | rag_trigger=4.00 | rag_emb_grad=1.87e-01
[2026-02-28 05:27:28] Step 6490/10000 | loss=0.3283 | lr=7.82e-06 | grad_norm=1.641 | mask=67.83% (active=2962, masked=6246) | no_ctx=0.00 oracle=0.50 real_rag=0.50 | gc=0.00 | rag_trigger=4.00 | rag_emb_grad=1.81e-01
[2026-02-28 05:27:38] Step 6500/10000 | loss=0.3811 | lr=7.82e-06 | grad_norm=1.734 | mask=61.44% (active=2002, masked=3190) | no_ctx=0.00 oracle=0.62 real_rag=0.38 | gc=0.00 | rag_trigger=4.00 | rag_emb_grad=1.72e-01
[2026-02-28 05:28:02] Saved: results/rag_oracle_20260228_033232/P10_rag_token_oracle07_noctx0_8b/checkpoints/step_6500
[2026-02-28 05:28:12] Step 6510/10000 | loss=0.3351 | lr=7.81e-06 | grad_norm=1.586 | mask=57.79% (active=2600, masked=3560) | no_ctx=0.00 oracle=0.75 real_rag=0.25 | gc=0.00 | rag_trigger=4.00 | rag_emb_grad=1.44e-01
[2026-02-28 05:28:22] Step 6520/10000 | loss=0.3839 | lr=7.80e-06 | grad_norm=1.414 | mask=58.42% (active=3270, masked=4594) | no_ctx=0.00 oracle=0.50 real_rag=0.50 | gc=0.00 | rag_trigger=4.00 | rag_emb_grad=1.18e-01
[2026-02-28 05:28:32] Step 6530/10000 | loss=0.3658 | lr=7.80e-06 | grad_norm=1.641 | mask=61.22% (active=3059, masked=4829) | no_ctx=0.00 oracle=0.75 real_rag=0.25 | gc=0.00 | rag_trigger=4.00 | rag_emb_grad=1.53e-01
[2026-02-28 05:28:42] Step 6540/10000 | loss=0.3957 | lr=7.79e-06 | grad_norm=1.719 | mask=61.94% (active=2427, masked=3949) | no_ctx=0.00 oracle=0.50 real_rag=0.50 | gc=0.00 | rag_trigger=4.00 | rag_emb_grad=2.01e-01
[2026-02-28 05:28:52] Step 6550/10000 | loss=0.4036 | lr=7.78e-06 | grad_norm=1.695 | mask=68.52% (active=1904, masked=4144) | no_ctx=0.00 oracle=0.88 real_rag=0.12 | gc=0.00 | rag_trigger=4.00 | rag_emb_grad=1.52e-01
[2026-02-28 05:29:01] Step 6560/10000 | loss=0.3664 | lr=7.78e-06 | grad_norm=1.758 | mask=54.65% (active=2674, masked=3222) | no_ctx=0.00 oracle=0.88 real_rag=0.12 | gc=0.00 | rag_trigger=4.00 | rag_emb_grad=2.37e-01
[2026-02-28 05:29:10] Step 6570/10000 | loss=0.3742 | lr=7.77e-06 | grad_norm=1.648 | mask=58.29% (active=2603, masked=3637) | no_ctx=0.00 oracle=0.50 real_rag=0.50 | gc=0.00 | rag_trigger=4.00 | rag_emb_grad=1.46e-01
[2026-02-28 05:29:21] Step 6580/10000 | loss=0.3895 | lr=7.76e-06 | grad_norm=1.547 | mask=61.16% (active=2383, masked=3753) | no_ctx=0.00 oracle=0.88 real_rag=0.12 | gc=0.00 | rag_trigger=4.00 | rag_emb_grad=2.27e-01
[2026-02-28 05:29:31] Step 6590/10000 | loss=0.4174 | lr=7.76e-06 | grad_norm=1.625 | mask=57.42% (active=3328, masked=4488) | no_ctx=0.00 oracle=0.75 real_rag=0.25 | gc=0.00 | rag_trigger=4.00 | rag_emb_grad=1.60e-01
[2026-02-28 05:29:41] Step 6600/10000 | loss=0.3196 | lr=7.75e-06 | grad_norm=1.633 | mask=62.87% (active=3235, masked=5477) | no_ctx=0.00 oracle=0.88 real_rag=0.12 | gc=0.00 | rag_trigger=4.00 | rag_emb_grad=2.14e-01
[2026-02-28 05:29:51] Step 6610/10000 | loss=0.3777 | lr=7.74e-06 | grad_norm=1.578 | mask=60.79% (active=3372, masked=5228) | no_ctx=0.00 oracle=0.62 real_rag=0.38 | gc=0.00 | rag_trigger=4.00 | rag_emb_grad=1.44e-01
[2026-02-28 05:30:00] Step 6620/10000 | loss=0.3420 | lr=7.74e-06 | grad_norm=1.719 | mask=58.32% (active=2521, masked=3527) | no_ctx=0.00 oracle=0.75 real_rag=0.25 | gc=0.00 | rag_trigger=4.00 | rag_emb_grad=2.54e-01
[2026-02-28 05:30:10] Step 6630/10000 | loss=0.3776 | lr=7.73e-06 | grad_norm=1.641 | mask=58.21% (active=3223, masked=4489) | no_ctx=0.00 oracle=0.88 real_rag=0.12 | gc=0.00 | rag_trigger=4.00 | rag_emb_grad=1.84e-01
[2026-02-28 05:30:21] Step 6640/10000 | loss=0.3873 | lr=7.72e-06 | grad_norm=1.758 | mask=66.95% (active=2504, masked=5072) | no_ctx=0.00 oracle=0.62 real_rag=0.38 | gc=0.00 | rag_trigger=4.00 | rag_emb_grad=1.60e-01
[2026-02-28 05:30:32] Step 6650/10000 | loss=0.3801 | lr=7.72e-06 | grad_norm=1.633 | mask=65.47% (active=2928, masked=5552) | no_ctx=0.00 oracle=0.62 real_rag=0.38 | gc=0.00 | rag_trigger=4.00 | rag_emb_grad=1.37e-01
[2026-02-28 05:30:42] Step 6660/10000 | loss=0.3515 | lr=7.71e-06 | grad_norm=1.750 | mask=61.17% (active=2765, masked=4355) | no_ctx=0.00 oracle=0.50 real_rag=0.50 | gc=0.00 | rag_trigger=4.00 | rag_emb_grad=1.79e-01
[2026-02-28 05:30:53] Step 6670/10000 | loss=0.3845 | lr=7.70e-06 | grad_norm=1.625 | mask=61.96% (active=2964, masked=4828) | no_ctx=0.00 oracle=0.88 real_rag=0.12 | gc=0.00 | rag_trigger=4.00 | rag_emb_grad=1.42e-01
[2026-02-28 05:31:03] Step 6680/10000 | loss=0.3764 | lr=7.70e-06 | grad_norm=1.633 | mask=64.55% (active=2334, masked=4250) | no_ctx=0.00 oracle=0.88 real_rag=0.12 | gc=0.00 | rag_trigger=4.00 | rag_emb_grad=1.31e-01
[2026-02-28 05:31:13] Step 6690/10000 | loss=0.3408 | lr=7.69e-06 | grad_norm=1.531 | mask=70.57% (active=3009, masked=7215) | no_ctx=0.00 oracle=0.88 real_rag=0.12 | gc=0.00 | rag_trigger=4.00 | rag_emb_grad=1.19e-01
[2026-02-28 05:31:24] Step 6700/10000 | loss=0.3455 | lr=7.68e-06 | grad_norm=1.477 | mask=60.13% (active=3011, masked=4541) | no_ctx=0.00 oracle=0.88 real_rag=0.12 | gc=0.00 | rag_trigger=4.00 | rag_emb_grad=1.03e-01
[2026-02-28 05:31:34] Step 6710/10000 | loss=0.3314 | lr=7.68e-06 | grad_norm=1.492 | mask=65.79% (active=2452, masked=4716) | no_ctx=0.00 oracle=0.62 real_rag=0.38 | gc=0.00 | rag_trigger=4.00 | rag_emb_grad=1.16e-01
[2026-02-28 05:31:43] Step 6720/10000 | loss=0.3303 | lr=7.67e-06 | grad_norm=1.570 | mask=64.94% (active=3133, masked=5803) | no_ctx=0.00 oracle=0.75 real_rag=0.25 | gc=0.00 | rag_trigger=4.00 | rag_emb_grad=1.67e-01
[2026-02-28 05:31:54] Step 6730/10000 | loss=0.3517 | lr=7.66e-06 | grad_norm=1.531 | mask=67.01% (active=2557, masked=5195) | no_ctx=0.00 oracle=0.88 real_rag=0.12 | gc=0.00 | rag_trigger=4.00 | rag_emb_grad=2.19e-01
[2026-02-28 05:32:03] Step 6740/10000 | loss=0.4001 | lr=7.66e-06 | grad_norm=1.523 | mask=64.65% (active=2480, masked=4536) | no_ctx=0.00 oracle=0.25 real_rag=0.75 | gc=0.00 | rag_trigger=4.00 | rag_emb_grad=1.44e-01
[2026-02-28 05:32:13] Step 6750/10000 | loss=0.3842 | lr=7.65e-06 | grad_norm=1.578 | mask=55.18% (active=3159, masked=3889) | no_ctx=0.00 oracle=0.62 real_rag=0.38 | gc=0.00 | rag_trigger=4.00 | rag_emb_grad=1.46e-01
[2026-02-28 05:32:22] Step 6760/10000 | loss=0.3865 | lr=7.64e-06 | grad_norm=1.594 | mask=56.40% (active=2829, masked=3659) | no_ctx=0.00 oracle=0.62 real_rag=0.38 | gc=0.00 | rag_trigger=4.00 | rag_emb_grad=1.40e-01
[2026-02-28 05:32:32] Step 6770/10000 | loss=0.3754 | lr=7.64e-06 | grad_norm=1.555 | mask=64.53% (active=2673, masked=4863) | no_ctx=0.00 oracle=0.62 real_rag=0.38 | gc=0.00 | rag_trigger=4.00 | rag_emb_grad=1.29e-01
[2026-02-28 05:32:43] Step 6780/10000 | loss=0.3911 | lr=7.63e-06 | grad_norm=1.547 | mask=61.72% (active=2588, masked=4172) | no_ctx=0.00 oracle=0.50 real_rag=0.50 | gc=0.00 | rag_trigger=4.00 | rag_emb_grad=1.58e-01
[2026-02-28 05:32:52] Step 6790/10000 | loss=0.3755 | lr=7.62e-06 | grad_norm=1.516 | mask=54.47% (active=3209, masked=3839) | no_ctx=0.00 oracle=0.88 real_rag=0.12 | gc=0.00 | rag_trigger=3.88 | rag_emb_grad=1.20e-01
[2026-02-28 05:33:02] Step 6800/10000 | loss=0.3479 | lr=7.62e-06 | grad_norm=1.586 | mask=61.43% (active=2839, masked=4521) | no_ctx=0.00 oracle=0.75 real_rag=0.25 | gc=0.00 | rag_trigger=4.00 | rag_emb_grad=1.63e-01
[2026-02-28 05:33:12] Step 6810/10000 | loss=0.3465 | lr=7.61e-06 | grad_norm=1.695 | mask=67.87% (active=2272, masked=4800) | no_ctx=0.00 oracle=0.88 real_rag=0.12 | gc=0.00 | rag_trigger=4.00 | rag_emb_grad=1.37e-01
[2026-02-28 05:33:21] Step 6820/10000 | loss=0.3508 | lr=7.60e-06 | grad_norm=1.539 | mask=60.10% (active=3013, masked=4539) | no_ctx=0.00 oracle=0.75 real_rag=0.25 | gc=0.00 | rag_trigger=4.00 | rag_emb_grad=1.26e-01
[2026-02-28 05:33:31] Step 6830/10000 | loss=0.3707 | lr=7.60e-06 | grad_norm=1.664 | mask=66.85% (active=2506, masked=5054) | no_ctx=0.00 oracle=0.50 real_rag=0.50 | gc=0.00 | rag_trigger=4.00 | rag_emb_grad=1.53e-01
[2026-02-28 05:33:42] Step 6840/10000 | loss=0.4053 | lr=7.59e-06 | grad_norm=1.688 | mask=59.65% (active=3454, masked=5106) | no_ctx=0.00 oracle=0.62 real_rag=0.38 | gc=0.00 | rag_trigger=4.00 | rag_emb_grad=2.62e-01
[2026-02-28 05:33:52] Step 6850/10000 | loss=0.3602 | lr=7.58e-06 | grad_norm=1.656 | mask=61.39% (active=2987, masked=4749) | no_ctx=0.00 oracle=0.62 real_rag=0.38 | gc=0.00 | rag_trigger=4.00 | rag_emb_grad=1.28e-01
[2026-02-28 05:34:03] Step 6860/10000 | loss=0.3349 | lr=7.58e-06 | grad_norm=1.594 | mask=60.59% (active=3191, masked=4905) | no_ctx=0.00 oracle=0.88 real_rag=0.12 | gc=0.00 | rag_trigger=4.00 | rag_emb_grad=2.31e-01
[2026-02-28 05:34:13] Step 6870/10000 | loss=0.3864 | lr=7.57e-06 | grad_norm=1.609 | mask=69.39% (active=2407, masked=5457) | no_ctx=0.00 oracle=0.75 real_rag=0.25 | gc=0.00 | rag_trigger=4.00 | rag_emb_grad=1.12e-01
[2026-02-28 05:34:22] Step 6880/10000 | loss=0.3827 | lr=7.56e-06 | grad_norm=1.758 | mask=71.51% (active=2163, masked=5429) | no_ctx=0.00 oracle=0.75 real_rag=0.25 | gc=0.00 | rag_trigger=3.75 | rag_emb_grad=1.67e-01
[2026-02-28 05:34:33] Step 6890/10000 | loss=0.3628 | lr=7.55e-06 | grad_norm=1.562 | mask=56.79% (active=2821, masked=3707) | no_ctx=0.00 oracle=0.75 real_rag=0.25 | gc=0.00 | rag_trigger=4.00 | rag_emb_grad=1.26e-01
[2026-02-28 05:34:42] Step 6900/10000 | loss=0.3546 | lr=7.55e-06 | grad_norm=1.555 | mask=58.25% (active=2812, masked=3924) | no_ctx=0.00 oracle=0.75 real_rag=0.25 | gc=0.00 | rag_trigger=4.00 | rag_emb_grad=1.17e-01
[2026-02-28 05:34:52] Step 6910/10000 | loss=0.3745 | lr=7.54e-06 | grad_norm=2.062 | mask=65.52% (active=1909, masked=3627) | no_ctx=0.00 oracle=0.38 real_rag=0.62 | gc=0.00 | rag_trigger=4.00 | rag_emb_grad=2.36e-01
[2026-02-28 05:35:01] Step 6920/10000 | loss=0.3455 | lr=7.53e-06 | grad_norm=1.633 | mask=64.60% (active=2515, masked=4589) | no_ctx=0.00 oracle=0.88 real_rag=0.12 | gc=0.00 | rag_trigger=4.00 | rag_emb_grad=1.35e-01
[2026-02-28 05:35:11] Step 6930/10000 | loss=0.3550 | lr=7.53e-06 | grad_norm=1.609 | mask=61.56% (active=3109, masked=4979) | no_ctx=0.00 oracle=0.75 real_rag=0.25 | gc=0.00 | rag_trigger=4.00 | rag_emb_grad=1.76e-01
[2026-02-28 05:35:21] Step 6940/10000 | loss=0.3700 | lr=7.52e-06 | grad_norm=1.750 | mask=61.26% (active=3081, masked=4871) | no_ctx=0.00 oracle=0.62 real_rag=0.38 | gc=0.00 | rag_trigger=4.00 | rag_emb_grad=1.70e-01
[2026-02-28 05:35:32] Step 6950/10000 | loss=0.4087 | lr=7.51e-06 | grad_norm=1.609 | mask=61.03% (active=3295, masked=5161) | no_ctx=0.00 oracle=0.75 real_rag=0.25 | gc=0.00 | rag_trigger=4.00 | rag_emb_grad=1.42e-01
[2026-02-28 05:35:43] Step 6960/10000 | loss=0.3787 | lr=7.51e-06 | grad_norm=1.555 | mask=61.07% (active=2741, masked=4299) | no_ctx=0.00 oracle=0.88 real_rag=0.12 | gc=0.00 | rag_trigger=4.00 | rag_emb_grad=1.35e-01
[2026-02-28 05:35:52] Step 6970/10000 | loss=0.3999 | lr=7.50e-06 | grad_norm=1.562 | mask=56.89% (active=2952, masked=3896) | no_ctx=0.00 oracle=0.88 real_rag=0.12 | gc=0.00 | rag_trigger=4.00 | rag_emb_grad=1.33e-01
[2026-02-28 05:36:02] Step 6980/10000 | loss=0.3523 | lr=7.49e-06 | grad_norm=1.727 | mask=60.57% (active=2435, masked=3741) | no_ctx=0.00 oracle=0.75 real_rag=0.25 | gc=0.00 | rag_trigger=4.00 | rag_emb_grad=1.79e-01
[2026-02-28 05:36:12] Step 6990/10000 | loss=0.4040 | lr=7.49e-06 | grad_norm=1.562 | mask=62.12% (active=2988, masked=4900) | no_ctx=0.00 oracle=0.75 real_rag=0.25 | gc=0.00 | rag_trigger=4.00 | rag_emb_grad=1.28e-01
[2026-02-28 05:36:21] Step 7000/10000 | loss=0.3927 | lr=7.48e-06 | grad_norm=1.555 | mask=59.40% (active=2904, masked=4248) | no_ctx=0.00 oracle=0.75 real_rag=0.25 | gc=0.00 | rag_trigger=4.00 | rag_emb_grad=1.38e-01
[2026-02-28 05:36:41] Saved: results/rag_oracle_20260228_033232/P10_rag_token_oracle07_noctx0_8b/checkpoints/step_7000
[2026-02-28 05:36:52] Step 7010/10000 | loss=0.3652 | lr=7.47e-06 | grad_norm=1.633 | mask=53.76% (active=3185, masked=3703) | no_ctx=0.00 oracle=0.25 real_rag=0.75 | gc=0.00 | rag_trigger=4.00 | rag_emb_grad=2.12e-01
[2026-02-28 05:37:02] Step 7020/10000 | loss=0.3701 | lr=7.47e-06 | grad_norm=1.586 | mask=60.12% (active=2887, masked=4353) | no_ctx=0.00 oracle=0.62 real_rag=0.38 | gc=0.00 | rag_trigger=4.00 | rag_emb_grad=1.99e-01
[2026-02-28 05:37:12] Step 7030/10000 | loss=0.3599 | lr=7.46e-06 | grad_norm=1.633 | mask=67.06% (active=2269, masked=4619) | no_ctx=0.00 oracle=0.75 real_rag=0.25 | gc=0.00 | rag_trigger=4.00 | rag_emb_grad=1.55e-01
[2026-02-28 05:37:22] Step 7040/10000 | loss=0.3936 | lr=7.45e-06 | grad_norm=1.477 | mask=63.10% (active=2781, masked=4755) | no_ctx=0.00 oracle=0.62 real_rag=0.38 | gc=0.00 | rag_trigger=4.00 | rag_emb_grad=1.36e-01
[2026-02-28 05:37:32] Step 7050/10000 | loss=0.3430 | lr=7.44e-06 | grad_norm=1.719 | mask=56.41% (active=3006, masked=3890) | no_ctx=0.00 oracle=0.50 real_rag=0.50 | gc=0.00 | rag_trigger=4.00 | rag_emb_grad=1.36e-01
[2026-02-28 05:37:41] Step 7060/10000 | loss=0.3814 | lr=7.44e-06 | grad_norm=1.672 | mask=61.76% (active=2738, masked=4422) | no_ctx=0.00 oracle=0.50 real_rag=0.50 | gc=0.00 | rag_trigger=4.00 | rag_emb_grad=1.27e-01
[2026-02-28 05:37:52] Step 7070/10000 | loss=0.3513 | lr=7.43e-06 | grad_norm=1.445 | mask=64.85% (active=2553, masked=4711) | no_ctx=0.00 oracle=0.62 real_rag=0.38 | gc=0.00 | rag_trigger=4.00 | rag_emb_grad=2.14e-01
[2026-02-28 05:38:01] Step 7080/10000 | loss=0.3966 | lr=7.42e-06 | grad_norm=1.609 | mask=63.71% (active=2523, masked=4429) | no_ctx=0.00 oracle=0.88 real_rag=0.12 | gc=0.00 | rag_trigger=4.00 | rag_emb_grad=1.25e-01
[2026-02-28 05:38:12] Step 7090/10000 | loss=0.3756 | lr=7.42e-06 | grad_norm=1.633 | mask=64.21% (active=2634, masked=4726) | no_ctx=0.00 oracle=0.75 real_rag=0.25 | gc=0.00 | rag_trigger=4.00 | rag_emb_grad=1.66e-01
[2026-02-28 05:38:21] Step 7100/10000 | loss=0.3952 | lr=7.41e-06 | grad_norm=1.680 | mask=64.68% (active=3159, masked=5785) | no_ctx=0.00 oracle=0.88 real_rag=0.12 | gc=0.00 | rag_trigger=4.00 | rag_emb_grad=1.30e-01
[2026-02-28 05:38:31] Step 7110/10000 | loss=0.3718 | lr=7.40e-06 | grad_norm=1.680 | mask=63.68% (active=2685, masked=4707) | no_ctx=0.00 oracle=0.62 real_rag=0.38 | gc=0.00 | rag_trigger=4.00 | rag_emb_grad=1.46e-01
[2026-02-28 05:38:41] Step 7120/10000 | loss=0.3400 | lr=7.40e-06 | grad_norm=1.664 | mask=58.41% (active=2818, masked=3958) | no_ctx=0.00 oracle=0.75 real_rag=0.25 | gc=0.00 | rag_trigger=4.00 | rag_emb_grad=1.12e-01
[2026-02-28 05:38:51] Step 7130/10000 | loss=0.3564 | lr=7.39e-06 | grad_norm=1.672 | mask=62.80% (active=2342, masked=3954) | no_ctx=0.00 oracle=0.38 real_rag=0.62 | gc=0.00 | rag_trigger=4.00 | rag_emb_grad=1.63e-01
[2026-02-28 05:39:01] Step 7140/10000 | loss=0.3824 | lr=7.38e-06 | grad_norm=1.508 | mask=56.00% (active=3365, masked=4283) | no_ctx=0.00 oracle=0.62 real_rag=0.38 | gc=0.00 | rag_trigger=4.00 | rag_emb_grad=1.22e-01
[2026-02-28 05:39:11] Step 7150/10000 | loss=0.3813 | lr=7.37e-06 | grad_norm=1.742 | mask=56.06% (active=2675, masked=3413) | no_ctx=0.00 oracle=0.75 real_rag=0.25 | gc=0.00 | rag_trigger=4.00 | rag_emb_grad=3.26e-01
[2026-02-28 05:39:21] Step 7160/10000 | loss=0.3534 | lr=7.37e-06 | grad_norm=1.750 | mask=69.83% (active=2375, masked=5497) | no_ctx=0.00 oracle=0.62 real_rag=0.38 | gc=0.00 | rag_trigger=4.00 | rag_emb_grad=1.61e-01
[2026-02-28 05:39:30] Step 7170/10000 | loss=0.3338 | lr=7.36e-06 | grad_norm=1.516 | mask=64.70% (active=2437, masked=4467) | no_ctx=0.00 oracle=0.50 real_rag=0.50 | gc=0.00 | rag_trigger=4.00 | rag_emb_grad=1.19e-01
[2026-02-28 05:39:40] Step 7180/10000 | loss=0.3519 | lr=7.35e-06 | grad_norm=1.594 | mask=55.40% (active=3165, masked=3931) | no_ctx=0.00 oracle=0.88 real_rag=0.12 | gc=0.00 | rag_trigger=4.00 | rag_emb_grad=1.47e-01
[2026-02-28 05:39:51] Step 7190/10000 | loss=0.3733 | lr=7.35e-06 | grad_norm=1.602 | mask=65.45% (active=3137, masked=5943) | no_ctx=0.00 oracle=0.38 real_rag=0.62 | gc=0.00 | rag_trigger=4.00 | rag_emb_grad=1.81e-01
[2026-02-28 05:40:00] Step 7200/10000 | loss=0.3285 | lr=7.34e-06 | grad_norm=1.445 | mask=58.52% (active=2509, masked=3539) | no_ctx=0.00 oracle=0.38 real_rag=0.62 | gc=0.00 | rag_trigger=4.00 | rag_emb_grad=1.13e-01
[2026-02-28 05:40:10] Step 7210/10000 | loss=0.4210 | lr=7.33e-06 | grad_norm=1.641 | mask=59.88% (active=2911, masked=4345) | no_ctx=0.00 oracle=0.75 real_rag=0.25 | gc=0.00 | rag_trigger=4.00 | rag_emb_grad=1.26e-01
[2026-02-28 05:40:20] Step 7220/10000 | loss=0.3788 | lr=7.33e-06 | grad_norm=1.422 | mask=58.78% (active=3469, masked=4947) | no_ctx=0.00 oracle=0.62 real_rag=0.38 | gc=0.00 | rag_trigger=4.00 | rag_emb_grad=1.05e-01
[2026-02-28 05:40:30] Step 7230/10000 | loss=0.3483 | lr=7.32e-06 | grad_norm=1.539 | mask=56.44% (active=2579, masked=3341) | no_ctx=0.00 oracle=0.75 real_rag=0.25 | gc=0.00 | rag_trigger=4.00 | rag_emb_grad=1.17e-01
[2026-02-28 05:40:40] Step 7240/10000 | loss=0.3950 | lr=7.31e-06 | grad_norm=1.711 | mask=62.29% (active=2923, masked=4829) | no_ctx=0.00 oracle=0.75 real_rag=0.25 | gc=0.00 | rag_trigger=4.00 | rag_emb_grad=1.58e-01
[2026-02-28 05:40:50] Step 7250/10000 | loss=0.3923 | lr=7.30e-06 | grad_norm=1.727 | mask=67.20% (active=2692, masked=5516) | no_ctx=0.00 oracle=0.75 real_rag=0.25 | gc=0.00 | rag_trigger=4.00 | rag_emb_grad=1.65e-01
[2026-02-28 05:40:59] Step 7260/10000 | loss=0.3981 | lr=7.30e-06 | grad_norm=1.742 | mask=57.05% (active=2402, masked=3190) | no_ctx=0.00 oracle=0.75 real_rag=0.25 | gc=0.00 | rag_trigger=4.00 | rag_emb_grad=1.38e-01
[2026-02-28 05:41:10] Step 7270/10000 | loss=0.3739 | lr=7.29e-06 | grad_norm=1.461 | mask=66.56% (active=3111, masked=6193) | no_ctx=0.00 oracle=0.88 real_rag=0.12 | gc=0.00 | rag_trigger=4.00 | rag_emb_grad=1.30e-01
[2026-02-28 05:41:19] Step 7280/10000 | loss=0.3091 | lr=7.28e-06 | grad_norm=1.461 | mask=64.96% (active=2077, masked=3851) | no_ctx=0.00 oracle=0.88 real_rag=0.12 | gc=0.00 | rag_trigger=4.00 | rag_emb_grad=1.37e-01
[2026-02-28 05:41:30] Step 7290/10000 | loss=0.3426 | lr=7.28e-06 | grad_norm=1.688 | mask=61.56% (active=2660, masked=4260) | no_ctx=0.00 oracle=0.88 real_rag=0.12 | gc=0.00 | rag_trigger=4.00 | rag_emb_grad=1.26e-01
[2026-02-28 05:41:39] Step 7300/10000 | loss=0.3667 | lr=7.27e-06 | grad_norm=1.617 | mask=64.83% (active=2822, masked=5202) | no_ctx=0.00 oracle=0.50 real_rag=0.50 | gc=0.00 | rag_trigger=4.00 | rag_emb_grad=1.75e-01
[2026-02-28 05:41:50] Step 7310/10000 | loss=0.3888 | lr=7.26e-06 | grad_norm=1.664 | mask=59.70% (active=2663, masked=3945) | no_ctx=0.00 oracle=0.88 real_rag=0.12 | gc=0.00 | rag_trigger=4.00 | rag_emb_grad=1.33e-01
[2026-02-28 05:41:59] Step 7320/10000 | loss=0.3697 | lr=7.25e-06 | grad_norm=1.547 | mask=61.27% (active=2618, masked=4142) | no_ctx=0.00 oracle=0.88 real_rag=0.12 | gc=0.00 | rag_trigger=4.00 | rag_emb_grad=9.96e-02
[2026-02-28 05:42:10] Step 7330/10000 | loss=0.3845 | lr=7.25e-06 | grad_norm=1.680 | mask=62.62% (active=3547, masked=5941) | no_ctx=0.00 oracle=0.88 real_rag=0.12 | gc=0.00 | rag_trigger=4.00 | rag_emb_grad=1.46e-01
[2026-02-28 05:42:20] Step 7340/10000 | loss=0.3895 | lr=7.24e-06 | grad_norm=1.562 | mask=62.60% (active=2558, masked=4282) | no_ctx=0.00 oracle=0.75 real_rag=0.25 | gc=0.00 | rag_trigger=4.00 | rag_emb_grad=1.71e-01
[2026-02-28 05:42:30] Step 7350/10000 | loss=0.3869 | lr=7.23e-06 | grad_norm=1.609 | mask=56.38% (active=3165, masked=4091) | no_ctx=0.00 oracle=0.62 real_rag=0.38 | gc=0.00 | rag_trigger=4.00 | rag_emb_grad=1.30e-01
[2026-02-28 05:42:40] Step 7360/10000 | loss=0.3916 | lr=7.23e-06 | grad_norm=1.766 | mask=62.78% (active=2638, masked=4450) | no_ctx=0.00 oracle=0.38 real_rag=0.62 | gc=0.00 | rag_trigger=4.00 | rag_emb_grad=1.24e-01
[2026-02-28 05:42:50] Step 7370/10000 | loss=0.3564 | lr=7.22e-06 | grad_norm=1.711 | mask=61.61% (active=2746, masked=4406) | no_ctx=0.00 oracle=0.50 real_rag=0.50 | gc=0.00 | rag_trigger=4.00 | rag_emb_grad=1.77e-01
[2026-02-28 05:43:00] Step 7380/10000 | loss=0.3342 | lr=7.21e-06 | grad_norm=1.492 | mask=55.08% (active=3522, masked=4318) | no_ctx=0.00 oracle=0.62 real_rag=0.38 | gc=0.00 | rag_trigger=4.00 | rag_emb_grad=1.72e-01
[2026-02-28 05:43:10] Step 7390/10000 | loss=0.3725 | lr=7.20e-06 | grad_norm=1.508 | mask=59.03% (active=3196, masked=4604) | no_ctx=0.00 oracle=0.88 real_rag=0.12 | gc=0.00 | rag_trigger=4.00 | rag_emb_grad=1.38e-01
[2026-02-28 05:43:20] Step 7400/10000 | loss=0.3713 | lr=7.20e-06 | grad_norm=1.891 | mask=64.89% (active=2115, masked=3909) | no_ctx=0.00 oracle=0.62 real_rag=0.38 | gc=0.00 | rag_trigger=4.00 | rag_emb_grad=1.97e-01
[2026-02-28 05:43:31] Step 7410/10000 | loss=0.3911 | lr=7.19e-06 | grad_norm=1.500 | mask=61.89% (active=3771, masked=6125) | no_ctx=0.00 oracle=0.38 real_rag=0.62 | gc=0.00 | rag_trigger=4.00 | rag_emb_grad=1.12e-01
[2026-02-28 05:43:40] Step 7420/10000 | loss=0.3231 | lr=7.18e-06 | grad_norm=1.680 | mask=63.79% (active=2561, masked=4511) | no_ctx=0.00 oracle=0.62 real_rag=0.38 | gc=0.00 | rag_trigger=4.00 | rag_emb_grad=1.60e-01
[2026-02-28 05:43:51] Step 7430/10000 | loss=0.3856 | lr=7.18e-06 | grad_norm=1.688 | mask=58.66% (active=3790, masked=5378) | no_ctx=0.00 oracle=0.88 real_rag=0.12 | gc=0.00 | rag_trigger=4.00 | rag_emb_grad=1.15e-01
[2026-02-28 05:44:01] Step 7440/10000 | loss=0.4113 | lr=7.17e-06 | grad_norm=1.656 | mask=61.54% (active=2778, masked=4446) | no_ctx=0.00 oracle=1.00 real_rag=0.00 | gc=0.00 | rag_trigger=4.00 | rag_emb_grad=1.38e-01
[2026-02-28 05:44:12] Step 7450/10000 | loss=0.3806 | lr=7.16e-06 | grad_norm=1.586 | mask=67.49% (active=2598, masked=5394) | no_ctx=0.00 oracle=1.00 real_rag=0.00 | gc=0.00 | rag_trigger=4.00 | rag_emb_grad=1.34e-01
[2026-02-28 05:44:22] Step 7460/10000 | loss=0.4103 | lr=7.15e-06 | grad_norm=1.711 | mask=65.54% (active=2415, masked=4593) | no_ctx=0.00 oracle=0.62 real_rag=0.38 | gc=0.00 | rag_trigger=4.00 | rag_emb_grad=2.24e-01
[2026-02-28 05:44:32] Step 7470/10000 | loss=0.4045 | lr=7.15e-06 | grad_norm=1.625 | mask=67.88% (active=2891, masked=6109) | no_ctx=0.00 oracle=0.50 real_rag=0.50 | gc=0.00 | rag_trigger=4.00 | rag_emb_grad=1.54e-01
[2026-02-28 05:44:42] Step 7480/10000 | loss=0.3637 | lr=7.14e-06 | grad_norm=1.602 | mask=57.50% (active=2737, masked=3703) | no_ctx=0.00 oracle=0.75 real_rag=0.25 | gc=0.00 | rag_trigger=4.00 | rag_emb_grad=1.50e-01
[2026-02-28 05:44:52] Step 7490/10000 | loss=0.3437 | lr=7.13e-06 | grad_norm=1.531 | mask=67.26% (active=2651, masked=5445) | no_ctx=0.00 oracle=0.88 real_rag=0.12 | gc=0.00 | rag_trigger=4.00 | rag_emb_grad=1.88e-01
[2026-02-28 05:45:02] Step 7500/10000 | loss=0.3904 | lr=7.13e-06 | grad_norm=1.516 | mask=59.12% (active=2999, masked=4337) | no_ctx=0.00 oracle=0.62 real_rag=0.38 | gc=0.00 | rag_trigger=4.00 | rag_emb_grad=1.28e-01
[2026-02-28 05:45:17] Saved: results/rag_oracle_20260228_033232/P10_rag_token_oracle07_noctx0_8b/checkpoints/step_7500
[2026-02-28 05:45:27] Step 7510/10000 | loss=0.4004 | lr=7.12e-06 | grad_norm=1.695 | mask=60.91% (active=2561, masked=3991) | no_ctx=0.00 oracle=0.75 real_rag=0.25 | gc=0.00 | rag_trigger=4.00 | rag_emb_grad=2.30e-01
[2026-02-28 05:45:39] Step 7520/10000 | loss=0.4218 | lr=7.11e-06 | grad_norm=1.656 | mask=66.10% (active=2354, masked=4590) | no_ctx=0.00 oracle=0.75 real_rag=0.25 | gc=0.00 | rag_trigger=4.00 | rag_emb_grad=1.29e-01
[2026-02-28 05:45:49] Step 7530/10000 | loss=0.4025 | lr=7.10e-06 | grad_norm=1.625 | mask=60.87% (active=3212, masked=4996) | no_ctx=0.00 oracle=0.88 real_rag=0.12 | gc=0.00 | rag_trigger=4.00 | rag_emb_grad=1.70e-01
[2026-02-28 05:45:59] Step 7540/10000 | loss=0.3735 | lr=7.10e-06 | grad_norm=1.812 | mask=63.23% (active=2586, masked=4446) | no_ctx=0.00 oracle=0.75 real_rag=0.25 | gc=0.00 | rag_trigger=4.00 | rag_emb_grad=1.55e-01
[2026-02-28 05:46:09] Step 7550/10000 | loss=0.3390 | lr=7.09e-06 | grad_norm=1.656 | mask=62.64% (active=2469, masked=4139) | no_ctx=0.00 oracle=0.88 real_rag=0.12 | gc=0.00 | rag_trigger=4.00 | rag_emb_grad=1.34e-01
[2026-02-28 05:46:19] Step 7560/10000 | loss=0.4196 | lr=7.08e-06 | grad_norm=1.656 | mask=61.80% (active=3539, masked=5725) | no_ctx=0.00 oracle=0.75 real_rag=0.25 | gc=0.00 | rag_trigger=4.00 | rag_emb_grad=1.46e-01
[2026-02-28 05:46:30] Step 7570/10000 | loss=0.4126 | lr=7.08e-06 | grad_norm=1.711 | mask=62.47% (active=2582, masked=4298) | no_ctx=0.00 oracle=0.75 real_rag=0.25 | gc=0.00 | rag_trigger=4.00 | rag_emb_grad=1.55e-01
[2026-02-28 05:46:40] Step 7580/10000 | loss=0.3406 | lr=7.07e-06 | grad_norm=1.523 | mask=54.38% (active=2971, masked=3541) | no_ctx=0.00 oracle=0.62 real_rag=0.38 | gc=0.00 | rag_trigger=4.00 | rag_emb_grad=1.46e-01
[2026-02-28 05:46:51] Step 7590/10000 | loss=0.4642 | lr=7.06e-06 | grad_norm=1.867 | mask=66.38% (active=2480, masked=4896) | no_ctx=0.00 oracle=0.62 real_rag=0.38 | gc=0.00 | rag_trigger=4.00 | rag_emb_grad=1.53e-01
[2026-02-28 05:47:00] Step 7600/10000 | loss=0.3829 | lr=7.05e-06 | grad_norm=1.656 | mask=66.98% (active=2982, masked=6050) | no_ctx=0.00 oracle=0.88 real_rag=0.12 | gc=0.00 | rag_trigger=4.00 | rag_emb_grad=1.37e-01
[2026-02-28 05:47:10] Step 7610/10000 | loss=0.3312 | lr=7.05e-06 | grad_norm=1.523 | mask=59.64% (active=2431, masked=3593) | no_ctx=0.00 oracle=0.62 real_rag=0.38 | gc=0.00 | rag_trigger=4.00 | rag_emb_grad=1.65e-01
[2026-02-28 05:47:20] Step 7620/10000 | loss=0.3744 | lr=7.04e-06 | grad_norm=1.555 | mask=65.49% (active=2943, masked=5585) | no_ctx=0.00 oracle=0.75 real_rag=0.25 | gc=0.00 | rag_trigger=4.00 | rag_emb_grad=2.06e-01
[2026-02-28 05:47:30] Step 7630/10000 | loss=0.3995 | lr=7.03e-06 | grad_norm=1.641 | mask=61.31% (active=2832, masked=4488) | no_ctx=0.00 oracle=0.38 real_rag=0.62 | gc=0.00 | rag_trigger=4.00 | rag_emb_grad=1.42e-01
[2026-02-28 05:47:40] Step 7640/10000 | loss=0.3934 | lr=7.02e-06 | grad_norm=1.719 | mask=69.39% (active=2863, masked=6489) | no_ctx=0.00 oracle=0.75 real_rag=0.25 | gc=0.00 | rag_trigger=4.00 | rag_emb_grad=1.89e-01
[2026-02-28 05:47:50] Step 7650/10000 | loss=0.3589 | lr=7.02e-06 | grad_norm=1.531 | mask=62.35% (active=3310, masked=5482) | no_ctx=0.00 oracle=0.75 real_rag=0.25 | gc=0.00 | rag_trigger=4.00 | rag_emb_grad=1.12e-01
[2026-02-28 05:47:59] Step 7660/10000 | loss=0.3534 | lr=7.01e-06 | grad_norm=1.711 | mask=70.24% (active=2493, masked=5883) | no_ctx=0.00 oracle=0.75 real_rag=0.25 | gc=0.00 | rag_trigger=3.75 | rag_emb_grad=2.08e-01
[2026-02-28 05:48:09] Step 7670/10000 | loss=0.3606 | lr=7.00e-06 | grad_norm=1.719 | mask=65.20% (active=2113, masked=3959) | no_ctx=0.00 oracle=0.88 real_rag=0.12 | gc=0.00 | rag_trigger=4.00 | rag_emb_grad=1.86e-01
[2026-02-28 05:48:20] Step 7680/10000 | loss=0.3765 | lr=7.00e-06 | grad_norm=1.602 | mask=68.42% (active=2842, masked=6158) | no_ctx=0.00 oracle=0.38 real_rag=0.62 | gc=0.00 | rag_trigger=4.00 | rag_emb_grad=1.55e-01
[2026-02-28 05:48:30] Step 7690/10000 | loss=0.3861 | lr=6.99e-06 | grad_norm=1.445 | mask=66.40% (active=2384, masked=4712) | no_ctx=0.00 oracle=0.75 real_rag=0.25 | gc=0.00 | rag_trigger=4.00 | rag_emb_grad=1.16e-01
[2026-02-28 05:48:40] Step 7700/10000 | loss=0.3651 | lr=6.98e-06 | grad_norm=1.742 | mask=67.59% (active=2012, masked=4196) | no_ctx=0.00 oracle=0.50 real_rag=0.50 | gc=0.00 | rag_trigger=4.00 | rag_emb_grad=1.74e-01
[2026-02-28 05:48:50] Step 7710/10000 | loss=0.4058 | lr=6.97e-06 | grad_norm=1.492 | mask=54.09% (active=3001, masked=3535) | no_ctx=0.00 oracle=0.75 real_rag=0.25 | gc=0.00 | rag_trigger=4.00 | rag_emb_grad=9.86e-02
[2026-02-28 05:49:00] Step 7720/10000 | loss=0.3446 | lr=6.97e-06 | grad_norm=1.773 | mask=67.93% (active=2273, masked=4815) | no_ctx=0.00 oracle=0.88 real_rag=0.12 | gc=0.00 | rag_trigger=3.88 | rag_emb_grad=2.73e-01
[2026-02-28 05:49:10] Step 7730/10000 | loss=0.3495 | lr=6.96e-06 | grad_norm=1.617 | mask=61.91% (active=2441, masked=3967) | no_ctx=0.00 oracle=0.62 real_rag=0.38 | gc=0.00 | rag_trigger=4.00 | rag_emb_grad=1.66e-01
[2026-02-28 05:49:20] Step 7740/10000 | loss=0.3623 | lr=6.95e-06 | grad_norm=1.648 | mask=56.68% (active=2599, masked=3401) | no_ctx=0.00 oracle=0.75 real_rag=0.25 | gc=0.00 | rag_trigger=4.00 | rag_emb_grad=1.78e-01
[2026-02-28 05:49:31] Step 7750/10000 | loss=0.3668 | lr=6.94e-06 | grad_norm=1.664 | mask=68.30% (active=2374, masked=5114) | no_ctx=0.00 oracle=0.75 real_rag=0.25 | gc=0.00 | rag_trigger=4.00 | rag_emb_grad=2.01e-01
[2026-02-28 05:49:42] Step 7760/10000 | loss=0.4035 | lr=6.94e-06 | grad_norm=1.695 | mask=59.53% (active=3199, masked=4705) | no_ctx=0.00 oracle=0.38 real_rag=0.62 | gc=0.00 | rag_trigger=4.00 | rag_emb_grad=1.57e-01
[2026-02-28 05:49:52] Step 7770/10000 | loss=0.3592 | lr=6.93e-06 | grad_norm=1.531 | mask=64.05% (active=2862, masked=5098) | no_ctx=0.00 oracle=0.88 real_rag=0.12 | gc=0.00 | rag_trigger=4.00 | rag_emb_grad=1.36e-01
[2026-02-28 05:50:02] Step 7780/10000 | loss=0.4002 | lr=6.92e-06 | grad_norm=1.531 | mask=54.46% (active=3636, masked=4348) | no_ctx=0.00 oracle=0.62 real_rag=0.38 | gc=0.00 | rag_trigger=4.00 | rag_emb_grad=1.41e-01
[2026-02-28 05:50:12] Step 7790/10000 | loss=0.3895 | lr=6.91e-06 | grad_norm=1.789 | mask=67.81% (active=2104, masked=4432) | no_ctx=0.00 oracle=0.88 real_rag=0.12 | gc=0.00 | rag_trigger=4.00 | rag_emb_grad=2.01e-01
[2026-02-28 05:50:23] Step 7800/10000 | loss=0.3833 | lr=6.91e-06 | grad_norm=1.484 | mask=60.33% (active=3224, masked=4904) | no_ctx=0.00 oracle=1.00 real_rag=0.00 | gc=0.00 | rag_trigger=4.00 | rag_emb_grad=2.14e-01
[2026-02-28 05:50:32] Step 7810/10000 | loss=0.3416 | lr=6.90e-06 | grad_norm=1.641 | mask=64.07% (active=2633, masked=4695) | no_ctx=0.00 oracle=0.88 real_rag=0.12 | gc=0.00 | rag_trigger=4.00 | rag_emb_grad=1.29e-01
[2026-02-28 05:50:42] Step 7820/10000 | loss=0.3600 | lr=6.89e-06 | grad_norm=1.594 | mask=59.04% (active=2392, masked=3448) | no_ctx=0.00 oracle=0.88 real_rag=0.12 | gc=0.00 | rag_trigger=4.00 | rag_emb_grad=1.73e-01
[2026-02-28 05:50:53] Step 7830/10000 | loss=0.3971 | lr=6.89e-06 | grad_norm=1.562 | mask=62.62% (active=3406, masked=5706) | no_ctx=0.00 oracle=0.75 real_rag=0.25 | gc=0.00 | rag_trigger=4.00 | rag_emb_grad=1.22e-01
[2026-02-28 05:51:03] Step 7840/10000 | loss=0.3760 | lr=6.88e-06 | grad_norm=1.695 | mask=65.01% (active=2729, masked=5071) | no_ctx=0.00 oracle=1.00 real_rag=0.00 | gc=0.00 | rag_trigger=4.00 | rag_emb_grad=2.14e-01
[2026-02-28 05:51:13] Step 7850/10000 | loss=0.3750 | lr=6.87e-06 | grad_norm=1.656 | mask=65.76% (active=2517, masked=4835) | no_ctx=0.00 oracle=0.62 real_rag=0.38 | gc=0.00 | rag_trigger=3.88 | rag_emb_grad=2.12e-01
[2026-02-28 05:51:23] Step 7860/10000 | loss=0.3984 | lr=6.86e-06 | grad_norm=1.797 | mask=57.82% (active=2909, masked=3987) | no_ctx=0.00 oracle=0.50 real_rag=0.50 | gc=0.00 | rag_trigger=4.00 | rag_emb_grad=1.94e-01
[2026-02-28 05:51:34] Step 7870/10000 | loss=0.3786 | lr=6.86e-06 | grad_norm=1.469 | mask=65.14% (active=2563, masked=4789) | no_ctx=0.00 oracle=0.88 real_rag=0.12 | gc=0.00 | rag_trigger=4.00 | rag_emb_grad=1.04e-01
[2026-02-28 05:51:43] Step 7880/10000 | loss=0.3306 | lr=6.85e-06 | grad_norm=1.516 | mask=62.32% (active=2879, masked=4761) | no_ctx=0.00 oracle=0.62 real_rag=0.38 | gc=0.00 | rag_trigger=3.88 | rag_emb_grad=1.60e-01
[2026-02-28 05:51:54] Step 7890/10000 | loss=0.4079 | lr=6.84e-06 | grad_norm=1.523 | mask=65.51% (active=3071, masked=5833) | no_ctx=0.00 oracle=0.75 real_rag=0.25 | gc=0.00 | rag_trigger=4.00 | rag_emb_grad=1.61e-01
[2026-02-28 05:52:05] Step 7900/10000 | loss=0.4239 | lr=6.83e-06 | grad_norm=1.719 | mask=66.26% (active=2748, masked=5396) | no_ctx=0.00 oracle=0.62 real_rag=0.38 | gc=0.00 | rag_trigger=4.00 | rag_emb_grad=1.50e-01
[2026-02-28 05:52:14] Step 7910/10000 | loss=0.3652 | lr=6.83e-06 | grad_norm=1.641 | mask=63.39% (active=2346, masked=4062) | no_ctx=0.00 oracle=0.75 real_rag=0.25 | gc=0.00 | rag_trigger=4.00 | rag_emb_grad=1.76e-01
[2026-02-28 05:52:24] Step 7920/10000 | loss=0.3532 | lr=6.82e-06 | grad_norm=1.672 | mask=60.82% (active=2755, masked=4277) | no_ctx=0.00 oracle=0.50 real_rag=0.50 | gc=0.00 | rag_trigger=4.00 | rag_emb_grad=1.58e-01
[2026-02-28 05:52:35] Step 7930/10000 | loss=0.4102 | lr=6.81e-06 | grad_norm=1.641 | mask=61.98% (active=2990, masked=4874) | no_ctx=0.00 oracle=0.62 real_rag=0.38 | gc=0.00 | rag_trigger=4.00 | rag_emb_grad=2.64e-01
[2026-02-28 05:52:45] Step 7940/10000 | loss=0.3804 | lr=6.80e-06 | grad_norm=1.758 | mask=53.53% (active=2870, masked=3306) | no_ctx=0.00 oracle=0.62 real_rag=0.38 | gc=0.00 | rag_trigger=3.88 | rag_emb_grad=1.37e-01
[2026-02-28 05:52:56] Step 7950/10000 | loss=0.3697 | lr=6.80e-06 | grad_norm=1.602 | mask=65.91% (active=2572, masked=4972) | no_ctx=0.00 oracle=0.62 real_rag=0.38 | gc=0.00 | rag_trigger=4.00 | rag_emb_grad=1.60e-01
[2026-02-28 05:53:05] Step 7960/10000 | loss=0.3061 | lr=6.79e-06 | grad_norm=1.703 | mask=68.32% (active=2139, masked=4613) | no_ctx=0.00 oracle=0.75 real_rag=0.25 | gc=0.00 | rag_trigger=4.00 | rag_emb_grad=2.04e-01
[2026-02-28 05:53:14] Step 7970/10000 | loss=0.3648 | lr=6.78e-06 | grad_norm=1.461 | mask=61.10% (active=2605, masked=4091) | no_ctx=0.00 oracle=0.88 real_rag=0.12 | gc=0.00 | rag_trigger=4.00 | rag_emb_grad=1.51e-01
[2026-02-28 05:53:24] Step 7980/10000 | loss=0.3733 | lr=6.77e-06 | grad_norm=1.555 | mask=61.33% (active=2667, masked=4229) | no_ctx=0.00 oracle=0.75 real_rag=0.25 | gc=0.00 | rag_trigger=4.00 | rag_emb_grad=1.74e-01
[2026-02-28 05:53:34] Step 7990/10000 | loss=0.3878 | lr=6.77e-06 | grad_norm=1.750 | mask=60.63% (active=2721, masked=4191) | no_ctx=0.00 oracle=0.75 real_rag=0.25 | gc=0.00 | rag_trigger=4.00 | rag_emb_grad=1.96e-01
[2026-02-28 05:53:45] Step 8000/10000 | loss=0.3988 | lr=6.76e-06 | grad_norm=1.773 | mask=56.72% (active=3480, masked=4560) | no_ctx=0.00 oracle=0.75 real_rag=0.25 | gc=0.00 | rag_trigger=4.00 | rag_emb_grad=1.70e-01
[2026-02-28 05:54:01] Saved: results/rag_oracle_20260228_033232/P10_rag_token_oracle07_noctx0_8b/checkpoints/step_8000
[2026-02-28 05:54:11] Step 8010/10000 | loss=0.3584 | lr=6.75e-06 | grad_norm=1.648 | mask=67.18% (active=2828, masked=5788) | no_ctx=0.00 oracle=0.62 real_rag=0.38 | gc=0.00 | rag_trigger=4.00 | rag_emb_grad=2.05e-01
[2026-02-28 05:54:21] Step 8020/10000 | loss=0.3658 | lr=6.74e-06 | grad_norm=1.562 | mask=66.94% (active=2907, masked=5885) | no_ctx=0.00 oracle=0.75 real_rag=0.25 | gc=0.00 | rag_trigger=4.00 | rag_emb_grad=1.35e-01
[2026-02-28 05:54:31] Step 8030/10000 | loss=0.4201 | lr=6.74e-06 | grad_norm=1.648 | mask=62.82% (active=2799, masked=4729) | no_ctx=0.00 oracle=0.25 real_rag=0.75 | gc=0.00 | rag_trigger=4.00 | rag_emb_grad=1.37e-01
[2026-02-28 05:54:41] Step 8040/10000 | loss=0.3379 | lr=6.73e-06 | grad_norm=1.555 | mask=64.80% (active=3047, masked=5609) | no_ctx=0.00 oracle=0.75 real_rag=0.25 | gc=0.00 | rag_trigger=4.00 | rag_emb_grad=1.57e-01
[2026-02-28 05:54:51] Step 8050/10000 | loss=0.3709 | lr=6.72e-06 | grad_norm=1.688 | mask=57.09% (active=3309, masked=4403) | no_ctx=0.00 oracle=0.62 real_rag=0.38 | gc=0.00 | rag_trigger=4.00 | rag_emb_grad=2.08e-01
[2026-02-28 05:55:00] Step 8060/10000 | loss=0.3709 | lr=6.71e-06 | grad_norm=1.617 | mask=58.50% (active=2968, masked=4184) | no_ctx=0.00 oracle=0.62 real_rag=0.38 | gc=0.00 | rag_trigger=4.00 | rag_emb_grad=2.60e-01
[2026-02-28 05:55:10] Step 8070/10000 | loss=0.3746 | lr=6.71e-06 | grad_norm=1.594 | mask=50.91% (active=3138, masked=3254) | no_ctx=0.00 oracle=0.75 real_rag=0.25 | gc=0.00 | rag_trigger=4.00 | rag_emb_grad=1.36e-01
[2026-02-28 05:55:20] Step 8080/10000 | loss=0.3573 | lr=6.70e-06 | grad_norm=1.680 | mask=61.53% (active=2588, masked=4140) | no_ctx=0.00 oracle=0.50 real_rag=0.50 | gc=0.00 | rag_trigger=4.00 | rag_emb_grad=1.20e-01
[2026-02-28 05:55:30] Step 8090/10000 | loss=0.3632 | lr=6.69e-06 | grad_norm=1.703 | mask=70.13% (active=2507, masked=5885) | no_ctx=0.00 oracle=0.50 real_rag=0.50 | gc=0.00 | rag_trigger=4.00 | rag_emb_grad=1.99e-01
[2026-02-28 05:55:40] Step 8100/10000 | loss=0.3297 | lr=6.68e-06 | grad_norm=1.586 | mask=52.96% (active=2653, masked=2987) | no_ctx=0.00 oracle=0.75 real_rag=0.25 | gc=0.00 | rag_trigger=4.00 | rag_emb_grad=1.73e-01
[2026-02-28 05:55:50] Step 8110/10000 | loss=0.3936 | lr=6.68e-06 | grad_norm=1.672 | mask=63.80% (active=2534, masked=4466) | no_ctx=0.00 oracle=0.50 real_rag=0.50 | gc=0.00 | rag_trigger=4.00 | rag_emb_grad=2.85e-01
[2026-02-28 05:55:59] Step 8120/10000 | loss=0.4027 | lr=6.67e-06 | grad_norm=1.719 | mask=61.84% (active=2375, masked=3849) | no_ctx=0.00 oracle=0.88 real_rag=0.12 | gc=0.00 | rag_trigger=4.00 | rag_emb_grad=1.61e-01
[2026-02-28 05:56:10] Step 8130/10000 | loss=0.3963 | lr=6.66e-06 | grad_norm=1.594 | mask=65.18% (active=3343, masked=6257) | no_ctx=0.00 oracle=0.62 real_rag=0.38 | gc=0.00 | rag_trigger=4.00 | rag_emb_grad=1.06e-01
[2026-02-28 05:56:20] Step 8140/10000 | loss=0.3562 | lr=6.65e-06 | grad_norm=1.492 | mask=66.37% (active=2895, masked=5713) | no_ctx=0.00 oracle=0.62 real_rag=0.38 | gc=0.00 | rag_trigger=4.00 | rag_emb_grad=2.08e-01
[2026-02-28 05:56:30] Step 8150/10000 | loss=0.3554 | lr=6.65e-06 | grad_norm=1.656 | mask=56.42% (active=3068, masked=3972) | no_ctx=0.00 oracle=0.62 real_rag=0.38 | gc=0.00 | rag_trigger=4.00 | rag_emb_grad=1.53e-01
[2026-02-28 05:56:40] Step 8160/10000 | loss=0.3617 | lr=6.64e-06 | grad_norm=1.719 | mask=60.40% (active=3133, masked=4779) | no_ctx=0.00 oracle=0.62 real_rag=0.38 | gc=0.00 | rag_trigger=4.00 | rag_emb_grad=1.42e-01
[2026-02-28 05:56:50] Step 8170/10000 | loss=0.3642 | lr=6.63e-06 | grad_norm=1.500 | mask=66.69% (active=2718, masked=5442) | no_ctx=0.00 oracle=0.50 real_rag=0.50 | gc=0.00 | rag_trigger=4.00 | rag_emb_grad=1.90e-01
[2026-02-28 05:56:59] Step 8180/10000 | loss=0.3236 | lr=6.62e-06 | grad_norm=1.492 | mask=58.79% (active=2611, masked=3725) | no_ctx=0.00 oracle=0.75 real_rag=0.25 | gc=0.00 | rag_trigger=3.88 | rag_emb_grad=1.25e-01
[2026-02-28 05:57:08] Step 8190/10000 | loss=0.3204 | lr=6.62e-06 | grad_norm=1.516 | mask=59.91% (active=2303, masked=3441) | no_ctx=0.00 oracle=0.62 real_rag=0.38 | gc=0.00 | rag_trigger=4.00 | rag_emb_grad=1.75e-01
[2026-02-28 05:57:17] Step 8200/10000 | loss=0.3161 | lr=6.61e-06 | grad_norm=1.773 | mask=64.85% (active=2573, masked=4747) | no_ctx=0.00 oracle=0.88 real_rag=0.12 | gc=0.00 | rag_trigger=4.00 | rag_emb_grad=1.82e-01
[2026-02-28 05:57:27] Step 8210/10000 | loss=0.3443 | lr=6.60e-06 | grad_norm=1.516 | mask=59.04% (active=2425, masked=3495) | no_ctx=0.00 oracle=0.88 real_rag=0.12 | gc=0.00 | rag_trigger=4.00 | rag_emb_grad=1.91e-01
[2026-02-28 05:57:37] Step 8220/10000 | loss=0.3424 | lr=6.59e-06 | grad_norm=1.680 | mask=59.35% (active=3044, masked=4444) | no_ctx=0.00 oracle=0.50 real_rag=0.50 | gc=0.00 | rag_trigger=4.00 | rag_emb_grad=2.58e-01
[2026-02-28 05:57:47] Step 8230/10000 | loss=0.3415 | lr=6.59e-06 | grad_norm=1.500 | mask=62.74% (active=3157, masked=5315) | no_ctx=0.00 oracle=0.62 real_rag=0.38 | gc=0.00 | rag_trigger=4.00 | rag_emb_grad=1.61e-01
[2026-02-28 05:57:57] Step 8240/10000 | loss=0.3398 | lr=6.58e-06 | grad_norm=1.531 | mask=60.93% (active=2560, masked=3992) | no_ctx=0.00 oracle=0.75 real_rag=0.25 | gc=0.00 | rag_trigger=4.00 | rag_emb_grad=1.36e-01
[2026-02-28 05:58:07] Step 8250/10000 | loss=0.3853 | lr=6.57e-06 | grad_norm=1.609 | mask=59.11% (active=2882, masked=4166) | no_ctx=0.00 oracle=0.62 real_rag=0.38 | gc=0.00 | rag_trigger=4.00 | rag_emb_grad=1.71e-01
[2026-02-28 05:58:16] Step 8260/10000 | loss=0.4064 | lr=6.56e-06 | grad_norm=1.680 | mask=63.65% (active=2856, masked=5000) | no_ctx=0.00 oracle=0.50 real_rag=0.50 | gc=0.00 | rag_trigger=4.00 | rag_emb_grad=2.00e-01
[2026-02-28 05:58:26] Step 8270/10000 | loss=0.3612 | lr=6.56e-06 | grad_norm=1.641 | mask=66.43% (active=2965, masked=5867) | no_ctx=0.00 oracle=1.00 real_rag=0.00 | gc=0.00 | rag_trigger=4.00 | rag_emb_grad=1.83e-01
[2026-02-28 05:58:35] Step 8280/10000 | loss=0.3458 | lr=6.55e-06 | grad_norm=1.727 | mask=53.47% (active=3190, masked=3666) | no_ctx=0.00 oracle=0.50 real_rag=0.50 | gc=0.00 | rag_trigger=4.00 | rag_emb_grad=1.88e-01
[2026-02-28 05:58:45] Step 8290/10000 | loss=0.3472 | lr=6.54e-06 | grad_norm=1.602 | mask=67.91% (active=2218, masked=4694) | no_ctx=0.00 oracle=0.62 real_rag=0.38 | gc=0.00 | rag_trigger=4.00 | rag_emb_grad=1.91e-01
[2026-02-28 05:58:55] Step 8300/10000 | loss=0.3603 | lr=6.53e-06 | grad_norm=1.703 | mask=63.20% (active=2594, masked=4454) | no_ctx=0.00 oracle=0.50 real_rag=0.50 | gc=0.00 | rag_trigger=4.00 | rag_emb_grad=2.08e-01
[2026-02-28 05:59:04] Step 8310/10000 | loss=0.3542 | lr=6.53e-06 | grad_norm=1.625 | mask=61.44% (active=2659, masked=4237) | no_ctx=0.00 oracle=0.88 real_rag=0.12 | gc=0.00 | rag_trigger=4.00 | rag_emb_grad=1.47e-01
[2026-02-28 05:59:14] Step 8320/10000 | loss=0.4206 | lr=6.52e-06 | grad_norm=1.680 | mask=61.88% (active=2394, masked=3886) | no_ctx=0.00 oracle=0.88 real_rag=0.12 | gc=0.00 | rag_trigger=4.00 | rag_emb_grad=1.79e-01
[2026-02-28 05:59:24] Step 8330/10000 | loss=0.3706 | lr=6.51e-06 | grad_norm=1.664 | mask=66.94% (active=2589, masked=5243) | no_ctx=0.00 oracle=0.38 real_rag=0.62 | gc=0.00 | rag_trigger=4.00 | rag_emb_grad=2.44e-01
[2026-02-28 05:59:34] Step 8340/10000 | loss=0.3390 | lr=6.50e-06 | grad_norm=1.672 | mask=67.23% (active=3432, masked=7040) | no_ctx=0.00 oracle=0.62 real_rag=0.38 | gc=0.00 | rag_trigger=4.00 | rag_emb_grad=1.79e-01
[2026-02-28 05:59:43] Step 8350/10000 | loss=0.3461 | lr=6.50e-06 | grad_norm=1.594 | mask=57.35% (active=3057, masked=4111) | no_ctx=0.00 oracle=0.38 real_rag=0.62 | gc=0.00 | rag_trigger=4.00 | rag_emb_grad=1.80e-01
[2026-02-28 05:59:53] Step 8360/10000 | loss=0.4199 | lr=6.49e-06 | grad_norm=1.516 | mask=57.05% (active=3281, masked=4359) | no_ctx=0.00 oracle=0.75 real_rag=0.25 | gc=0.00 | rag_trigger=4.00 | rag_emb_grad=1.23e-01
[2026-02-28 06:00:04] Step 8370/10000 | loss=0.4317 | lr=6.48e-06 | grad_norm=1.742 | mask=71.56% (active=2284, masked=5748) | no_ctx=0.00 oracle=0.75 real_rag=0.25 | gc=0.00 | rag_trigger=4.00 | rag_emb_grad=1.39e-01
[2026-02-28 06:00:14] Step 8380/10000 | loss=0.3751 | lr=6.47e-06 | grad_norm=1.625 | mask=63.78% (active=2848, masked=5016) | no_ctx=0.00 oracle=1.00 real_rag=0.00 | gc=0.00 | rag_trigger=4.00 | rag_emb_grad=1.60e-01
[2026-02-28 06:00:24] Step 8390/10000 | loss=0.3825 | lr=6.47e-06 | grad_norm=1.562 | mask=56.46% (active=3386, masked=4390) | no_ctx=0.00 oracle=0.50 real_rag=0.50 | gc=0.00 | rag_trigger=4.00 | rag_emb_grad=1.53e-01
[2026-02-28 06:00:34] Step 8400/10000 | loss=0.3979 | lr=6.46e-06 | grad_norm=1.727 | mask=59.78% (active=2690, masked=3998) | no_ctx=0.00 oracle=0.88 real_rag=0.12 | gc=0.00 | rag_trigger=4.00 | rag_emb_grad=1.68e-01
[2026-02-28 06:00:44] Step 8410/10000 | loss=0.3527 | lr=6.45e-06 | grad_norm=1.508 | mask=61.68% (active=2931, masked=4717) | no_ctx=0.00 oracle=0.75 real_rag=0.25 | gc=0.00 | rag_trigger=4.00 | rag_emb_grad=1.43e-01
[2026-02-28 06:00:56] Step 8420/10000 | loss=0.4048 | lr=6.44e-06 | grad_norm=1.523 | mask=63.70% (active=3087, masked=5417) | no_ctx=0.00 oracle=0.88 real_rag=0.12 | gc=0.00 | rag_trigger=4.00 | rag_emb_grad=1.40e-01
[2026-02-28 06:01:05] Step 8430/10000 | loss=0.3304 | lr=6.44e-06 | grad_norm=1.562 | mask=65.33% (active=2091, masked=3941) | no_ctx=0.00 oracle=0.75 real_rag=0.25 | gc=0.00 | rag_trigger=4.00 | rag_emb_grad=1.84e-01
[2026-02-28 06:01:15] Step 8440/10000 | loss=0.3622 | lr=6.43e-06 | grad_norm=1.609 | mask=59.04% (active=2523, masked=3637) | no_ctx=0.00 oracle=0.75 real_rag=0.25 | gc=0.00 | rag_trigger=4.00 | rag_emb_grad=1.53e-01
[2026-02-28 06:01:25] Step 8450/10000 | loss=0.3748 | lr=6.42e-06 | grad_norm=1.539 | mask=60.36% (active=2645, masked=4027) | no_ctx=0.00 oracle=0.75 real_rag=0.25 | gc=0.00 | rag_trigger=4.00 | rag_emb_grad=1.46e-01
[2026-02-28 06:01:35] Step 8460/10000 | loss=0.3790 | lr=6.41e-06 | grad_norm=1.578 | mask=61.64% (active=2575, masked=4137) | no_ctx=0.00 oracle=0.88 real_rag=0.12 | gc=0.00 | rag_trigger=4.00 | rag_emb_grad=1.22e-01
[2026-02-28 06:01:44] Step 8470/10000 | loss=0.3703 | lr=6.41e-06 | grad_norm=1.656 | mask=57.57% (active=2539, masked=3445) | no_ctx=0.00 oracle=0.75 real_rag=0.25 | gc=0.00 | rag_trigger=4.00 | rag_emb_grad=1.55e-01
[2026-02-28 06:01:54] Step 8480/10000 | loss=0.3625 | lr=6.40e-06 | grad_norm=1.898 | mask=71.72% (active=2676, masked=6788) | no_ctx=0.00 oracle=0.88 real_rag=0.12 | gc=0.00 | rag_trigger=4.00 | rag_emb_grad=1.90e-01
[2026-02-28 06:02:04] Step 8490/10000 | loss=0.4236 | lr=6.39e-06 | grad_norm=1.789 | mask=58.82% (active=2866, masked=4094) | no_ctx=0.00 oracle=0.62 real_rag=0.38 | gc=0.00 | rag_trigger=4.00 | rag_emb_grad=1.32e-01
[2026-02-28 06:02:14] Step 8500/10000 | loss=0.4051 | lr=6.38e-06 | grad_norm=1.500 | mask=63.52% (active=2980, masked=5188) | no_ctx=0.00 oracle=0.75 real_rag=0.25 | gc=0.00 | rag_trigger=4.00 | rag_emb_grad=1.23e-01
[2026-02-28 06:02:26] Saved: results/rag_oracle_20260228_033232/P10_rag_token_oracle07_noctx0_8b/checkpoints/step_8500
[2026-02-28 06:02:35] Step 8510/10000 | loss=0.3601 | lr=6.37e-06 | grad_norm=1.688 | mask=65.45% (active=1852, masked=3508) | no_ctx=0.00 oracle=0.50 real_rag=0.50 | gc=0.00 | rag_trigger=3.75 | rag_emb_grad=2.68e-01
[2026-02-28 06:02:45] Step 8520/10000 | loss=0.3725 | lr=6.37e-06 | grad_norm=1.617 | mask=59.16% (active=3241, masked=4695) | no_ctx=0.00 oracle=0.62 real_rag=0.38 | gc=0.00 | rag_trigger=4.00 | rag_emb_grad=1.38e-01
[2026-02-28 06:02:55] Step 8530/10000 | loss=0.4005 | lr=6.36e-06 | grad_norm=1.594 | mask=57.46% (active=2685, masked=3627) | no_ctx=0.00 oracle=0.62 real_rag=0.38 | gc=0.00 | rag_trigger=4.00 | rag_emb_grad=2.15e-01
[2026-02-28 06:03:05] Step 8540/10000 | loss=0.4060 | lr=6.35e-06 | grad_norm=1.383 | mask=67.04% (active=4024, masked=8184) | no_ctx=0.00 oracle=0.88 real_rag=0.12 | gc=0.00 | rag_trigger=4.00 | rag_emb_grad=1.06e-01
[2026-02-28 06:03:16] Step 8550/10000 | loss=0.4153 | lr=6.34e-06 | grad_norm=1.883 | mask=61.72% (active=3007, masked=4849) | no_ctx=0.00 oracle=0.75 real_rag=0.25 | gc=0.00 | rag_trigger=4.00 | rag_emb_grad=1.75e-01
[2026-02-28 06:03:26] Step 8560/10000 | loss=0.4030 | lr=6.34e-06 | grad_norm=1.648 | mask=62.73% (active=2317, masked=3899) | no_ctx=0.00 oracle=0.62 real_rag=0.38 | gc=0.00 | rag_trigger=4.00 | rag_emb_grad=1.41e-01
[2026-02-28 06:03:35] Step 8570/10000 | loss=0.3650 | lr=6.33e-06 | grad_norm=1.602 | mask=60.51% (active=2815, masked=4313) | no_ctx=0.00 oracle=0.50 real_rag=0.50 | gc=0.00 | rag_trigger=4.00 | rag_emb_grad=1.99e-01
[2026-02-28 06:03:46] Step 8580/10000 | loss=0.4021 | lr=6.32e-06 | grad_norm=1.531 | mask=66.91% (active=2017, masked=4079) | no_ctx=0.00 oracle=0.50 real_rag=0.50 | gc=0.00 | rag_trigger=4.00 | rag_emb_grad=1.46e-01
[2026-02-28 06:03:56] Step 8590/10000 | loss=0.3714 | lr=6.31e-06 | grad_norm=1.547 | mask=62.96% (active=2504, masked=4256) | no_ctx=0.00 oracle=0.88 real_rag=0.12 | gc=0.00 | rag_trigger=4.00 | rag_emb_grad=1.56e-01
[2026-02-28 06:04:07] Step 8600/10000 | loss=0.3915 | lr=6.31e-06 | grad_norm=1.594 | mask=59.85% (active=2502, masked=3730) | no_ctx=0.00 oracle=1.00 real_rag=0.00 | gc=0.00 | rag_trigger=4.00 | rag_emb_grad=1.72e-01
[2026-02-28 06:04:16] Step 8610/10000 | loss=0.3537 | lr=6.30e-06 | grad_norm=1.531 | mask=58.46% (active=2991, masked=4209) | no_ctx=0.00 oracle=0.88 real_rag=0.12 | gc=0.00 | rag_trigger=4.00 | rag_emb_grad=1.45e-01
[2026-02-28 06:04:27] Step 8620/10000 | loss=0.3587 | lr=6.29e-06 | grad_norm=1.516 | mask=58.47% (active=3595, masked=5061) | no_ctx=0.00 oracle=0.62 real_rag=0.38 | gc=0.00 | rag_trigger=4.00 | rag_emb_grad=1.37e-01
[2026-02-28 06:04:36] Step 8630/10000 | loss=0.3738 | lr=6.28e-06 | grad_norm=1.633 | mask=67.23% (active=2611, masked=5357) | no_ctx=0.00 oracle=0.62 real_rag=0.38 | gc=0.00 | rag_trigger=4.00 | rag_emb_grad=1.29e-01
[2026-02-28 06:04:47] Step 8640/10000 | loss=0.4244 | lr=6.27e-06 | grad_norm=1.609 | mask=64.97% (active=3413, masked=6331) | no_ctx=0.00 oracle=0.62 real_rag=0.38 | gc=0.00 | rag_trigger=4.00 | rag_emb_grad=9.38e-02
[2026-02-28 06:04:58] Step 8650/10000 | loss=0.3764 | lr=6.27e-06 | grad_norm=1.570 | mask=67.32% (active=2716, masked=5596) | no_ctx=0.00 oracle=0.50 real_rag=0.50 | gc=0.00 | rag_trigger=4.00 | rag_emb_grad=1.04e-01
[2026-02-28 06:05:08] Step 8660/10000 | loss=0.4240 | lr=6.26e-06 | grad_norm=1.664 | mask=62.52% (active=3199, masked=5337) | no_ctx=0.00 oracle=0.75 real_rag=0.25 | gc=0.00 | rag_trigger=4.00 | rag_emb_grad=1.64e-01
[2026-02-28 06:05:18] Step 8670/10000 | loss=0.4071 | lr=6.25e-06 | grad_norm=1.672 | mask=64.81% (active=2891, masked=5325) | no_ctx=0.00 oracle=0.62 real_rag=0.38 | gc=0.00 | rag_trigger=4.00 | rag_emb_grad=1.56e-01
[2026-02-28 06:05:28] Step 8680/10000 | loss=0.3887 | lr=6.24e-06 | grad_norm=1.625 | mask=61.46% (active=2775, masked=4425) | no_ctx=0.00 oracle=0.75 real_rag=0.25 | gc=0.00 | rag_trigger=4.00 | rag_emb_grad=1.98e-01
[2026-02-28 06:05:37] Step 8690/10000 | loss=0.3794 | lr=6.24e-06 | grad_norm=1.617 | mask=63.44% (active=2931, masked=5085) | no_ctx=0.00 oracle=0.75 real_rag=0.25 | gc=0.00 | rag_trigger=4.00 | rag_emb_grad=1.44e-01
[2026-02-28 06:05:47] Step 8700/10000 | loss=0.3145 | lr=6.23e-06 | grad_norm=1.523 | mask=69.98% (active=2435, masked=5677) | no_ctx=0.00 oracle=0.75 real_rag=0.25 | gc=0.00 | rag_trigger=4.00 | rag_emb_grad=1.38e-01
[2026-02-28 06:05:57] Step 8710/10000 | loss=0.3579 | lr=6.22e-06 | grad_norm=1.602 | mask=60.10% (active=3278, masked=4938) | no_ctx=0.00 oracle=0.75 real_rag=0.25 | gc=0.00 | rag_trigger=4.00 | rag_emb_grad=1.41e-01
[2026-02-28 06:06:06] Step 8720/10000 | loss=0.3487 | lr=6.21e-06 | grad_norm=1.766 | mask=67.51% (active=2877, masked=5979) | no_ctx=0.00 oracle=0.38 real_rag=0.62 | gc=0.00 | rag_trigger=4.00 | rag_emb_grad=2.12e-01
[2026-02-28 06:06:16] Step 8730/10000 | loss=0.3856 | lr=6.21e-06 | grad_norm=1.578 | mask=65.05% (active=1806, masked=3362) | no_ctx=0.00 oracle=0.88 real_rag=0.12 | gc=0.00 | rag_trigger=4.00 | rag_emb_grad=1.50e-01
[2026-02-28 06:06:26] Step 8740/10000 | loss=0.3370 | lr=6.20e-06 | grad_norm=1.719 | mask=60.96% (active=2864, masked=4472) | no_ctx=0.00 oracle=0.75 real_rag=0.25 | gc=0.00 | rag_trigger=4.00 | rag_emb_grad=1.95e-01
[2026-02-28 06:06:36] Step 8750/10000 | loss=0.3874 | lr=6.19e-06 | grad_norm=1.859 | mask=65.87% (active=2807, masked=5417) | no_ctx=0.00 oracle=0.38 real_rag=0.62 | gc=0.00 | rag_trigger=4.00 | rag_emb_grad=2.30e-01
[2026-02-28 06:06:47] Step 8760/10000 | loss=0.4351 | lr=6.18e-06 | grad_norm=1.891 | mask=62.00% (active=2897, masked=4727) | no_ctx=0.00 oracle=0.75 real_rag=0.25 | gc=0.00 | rag_trigger=4.00 | rag_emb_grad=1.56e-01
[2026-02-28 06:06:56] Step 8770/10000 | loss=0.3512 | lr=6.17e-06 | grad_norm=1.727 | mask=62.89% (active=2651, masked=4493) | no_ctx=0.00 oracle=0.88 real_rag=0.12 | gc=0.00 | rag_trigger=4.00 | rag_emb_grad=1.73e-01
[2026-02-28 06:07:05] Step 8780/10000 | loss=0.3992 | lr=6.17e-06 | grad_norm=1.508 | mask=53.20% (active=2486, masked=2826) | no_ctx=0.00 oracle=0.88 real_rag=0.12 | gc=0.00 | rag_trigger=4.00 | rag_emb_grad=1.95e-01
[2026-02-28 06:07:16] Step 8790/10000 | loss=0.3796 | lr=6.16e-06 | grad_norm=1.641 | mask=64.05% (active=2367, masked=4217) | no_ctx=0.00 oracle=0.75 real_rag=0.25 | gc=0.00 | rag_trigger=4.00 | rag_emb_grad=2.49e-01
[2026-02-28 06:07:25] Step 8800/10000 | loss=0.3381 | lr=6.15e-06 | grad_norm=1.680 | mask=58.48% (active=2963, masked=4173) | no_ctx=0.00 oracle=0.38 real_rag=0.62 | gc=0.00 | rag_trigger=4.00 | rag_emb_grad=1.47e-01
[2026-02-28 06:07:35] Step 8810/10000 | loss=0.4045 | lr=6.14e-06 | grad_norm=1.578 | mask=62.26% (active=2470, masked=4074) | no_ctx=0.00 oracle=0.62 real_rag=0.38 | gc=0.00 | rag_trigger=4.00 | rag_emb_grad=1.84e-01
[2026-02-28 06:07:45] Step 8820/10000 | loss=0.3504 | lr=6.14e-06 | grad_norm=1.508 | mask=55.37% (active=3035, masked=3765) | no_ctx=0.00 oracle=0.75 real_rag=0.25 | gc=0.00 | rag_trigger=4.00 | rag_emb_grad=1.53e-01
[2026-02-28 06:07:55] Step 8830/10000 | loss=0.3827 | lr=6.13e-06 | grad_norm=1.586 | mask=56.55% (active=2638, masked=3434) | no_ctx=0.00 oracle=0.62 real_rag=0.38 | gc=0.00 | rag_trigger=4.00 | rag_emb_grad=1.14e-01
[2026-02-28 06:08:05] Step 8840/10000 | loss=0.3816 | lr=6.12e-06 | grad_norm=1.617 | mask=64.66% (active=2584, masked=4728) | no_ctx=0.00 oracle=1.00 real_rag=0.00 | gc=0.00 | rag_trigger=4.00 | rag_emb_grad=1.19e-01
[2026-02-28 06:08:15] Step 8850/10000 | loss=0.3502 | lr=6.11e-06 | grad_norm=1.664 | mask=66.96% (active=2183, masked=4425) | no_ctx=0.00 oracle=0.88 real_rag=0.12 | gc=0.00 | rag_trigger=4.00 | rag_emb_grad=1.30e-01
[2026-02-28 06:08:25] Step 8860/10000 | loss=0.3634 | lr=6.11e-06 | grad_norm=1.477 | mask=54.95% (active=2714, masked=3310) | no_ctx=0.00 oracle=0.62 real_rag=0.38 | gc=0.00 | rag_trigger=4.00 | rag_emb_grad=1.63e-01
[2026-02-28 06:08:35] Step 8870/10000 | loss=0.3546 | lr=6.10e-06 | grad_norm=1.477 | mask=62.41% (active=2779, masked=4613) | no_ctx=0.00 oracle=0.62 real_rag=0.38 | gc=0.00 | rag_trigger=4.00 | rag_emb_grad=1.06e-01
[2026-02-28 06:08:45] Step 8880/10000 | loss=0.3589 | lr=6.09e-06 | grad_norm=1.586 | mask=61.80% (active=3178, masked=5142) | no_ctx=0.00 oracle=0.88 real_rag=0.12 | gc=0.00 | rag_trigger=4.00 | rag_emb_grad=1.45e-01
[2026-02-28 06:08:55] Step 8890/10000 | loss=0.3769 | lr=6.08e-06 | grad_norm=1.812 | mask=64.13% (active=2439, masked=4361) | no_ctx=0.00 oracle=0.75 real_rag=0.25 | gc=0.00 | rag_trigger=4.00 | rag_emb_grad=1.91e-01
[2026-02-28 06:09:05] Step 8900/10000 | loss=0.3590 | lr=6.07e-06 | grad_norm=1.602 | mask=62.37% (active=3152, masked=5224) | no_ctx=0.00 oracle=0.38 real_rag=0.62 | gc=0.00 | rag_trigger=4.00 | rag_emb_grad=1.22e-01
[2026-02-28 06:09:15] Step 8910/10000 | loss=0.3734 | lr=6.07e-06 | grad_norm=1.664 | mask=55.93% (active=2637, masked=3347) | no_ctx=0.00 oracle=0.75 real_rag=0.25 | gc=0.00 | rag_trigger=4.00 | rag_emb_grad=1.49e-01
[2026-02-28 06:09:26] Step 8920/10000 | loss=0.3917 | lr=6.06e-06 | grad_norm=1.633 | mask=64.93% (active=2971, masked=5501) | no_ctx=0.00 oracle=0.88 real_rag=0.12 | gc=0.00 | rag_trigger=4.00 | rag_emb_grad=1.35e-01
[2026-02-28 06:09:36] Step 8930/10000 | loss=0.3907 | lr=6.05e-06 | grad_norm=1.852 | mask=66.75% (active=3024, masked=6072) | no_ctx=0.00 oracle=0.75 real_rag=0.25 | gc=0.00 | rag_trigger=4.00 | rag_emb_grad=1.46e-01
[2026-02-28 06:09:45] Step 8940/10000 | loss=0.3743 | lr=6.04e-06 | grad_norm=1.555 | mask=60.59% (active=2595, masked=3989) | no_ctx=0.00 oracle=0.50 real_rag=0.50 | gc=0.00 | rag_trigger=4.00 | rag_emb_grad=1.57e-01
[2026-02-28 06:09:56] Step 8950/10000 | loss=0.3359 | lr=6.04e-06 | grad_norm=1.594 | mask=64.68% (active=2484, masked=4548) | no_ctx=0.00 oracle=0.75 real_rag=0.25 | gc=0.00 | rag_trigger=4.00 | rag_emb_grad=1.42e-01
[2026-02-28 06:10:07] Step 8960/10000 | loss=0.4031 | lr=6.03e-06 | grad_norm=1.672 | mask=61.00% (active=3070, masked=4802) | no_ctx=0.00 oracle=0.62 real_rag=0.38 | gc=0.00 | rag_trigger=4.00 | rag_emb_grad=1.59e-01
[2026-02-28 06:10:17] Step 8970/10000 | loss=0.4153 | lr=6.02e-06 | grad_norm=1.656 | mask=60.97% (active=3197, masked=4995) | no_ctx=0.00 oracle=0.88 real_rag=0.12 | gc=0.00 | rag_trigger=4.00 | rag_emb_grad=1.94e-01
[2026-02-28 06:10:27] Step 8980/10000 | loss=0.4064 | lr=6.01e-06 | grad_norm=1.617 | mask=64.80% (active=3103, masked=5713) | no_ctx=0.00 oracle=0.50 real_rag=0.50 | gc=0.00 | rag_trigger=4.00 | rag_emb_grad=2.48e-01
[2026-02-28 06:10:38] Step 8990/10000 | loss=0.4468 | lr=6.00e-06 | grad_norm=1.648 | mask=69.03% (active=2589, masked=5771) | no_ctx=0.00 oracle=0.25 real_rag=0.75 | gc=0.00 | rag_trigger=4.00 | rag_emb_grad=1.38e-01
[2026-02-28 06:10:47] Step 9000/10000 | loss=0.3508 | lr=6.00e-06 | grad_norm=1.594 | mask=64.35% (active=2598, masked=4690) | no_ctx=0.00 oracle=0.62 real_rag=0.38 | gc=0.00 | rag_trigger=4.00 | rag_emb_grad=1.77e-01
[2026-02-28 06:11:10] Saved: results/rag_oracle_20260228_033232/P10_rag_token_oracle07_noctx0_8b/checkpoints/step_9000
[2026-02-28 06:11:20] Step 9010/10000 | loss=0.4197 | lr=5.99e-06 | grad_norm=1.625 | mask=63.06% (active=2441, masked=4167) | no_ctx=0.00 oracle=0.75 real_rag=0.25 | gc=0.00 | rag_trigger=4.00 | rag_emb_grad=1.72e-01
[2026-02-28 06:11:30] Step 9020/10000 | loss=0.3729 | lr=5.98e-06 | grad_norm=1.703 | mask=65.91% (active=2329, masked=4503) | no_ctx=0.00 oracle=0.62 real_rag=0.38 | gc=0.00 | rag_trigger=4.00 | rag_emb_grad=1.45e-01
[2026-02-28 06:11:41] Step 9030/10000 | loss=0.3926 | lr=5.97e-06 | grad_norm=1.547 | mask=54.75% (active=3421, masked=4139) | no_ctx=0.00 oracle=0.62 real_rag=0.38 | gc=0.00 | rag_trigger=4.00 | rag_emb_grad=1.60e-01
[2026-02-28 06:11:52] Step 9040/10000 | loss=0.4180 | lr=5.97e-06 | grad_norm=1.609 | mask=64.70% (active=3725, masked=6827) | no_ctx=0.00 oracle=0.88 real_rag=0.12 | gc=0.00 | rag_trigger=4.00 | rag_emb_grad=1.31e-01
[2026-02-28 06:12:02] Step 9050/10000 | loss=0.3937 | lr=5.96e-06 | grad_norm=1.703 | mask=66.63% (active=2910, masked=5810) | no_ctx=0.00 oracle=0.88 real_rag=0.12 | gc=0.00 | rag_trigger=4.00 | rag_emb_grad=1.52e-01
[2026-02-28 06:12:11] Step 9060/10000 | loss=0.3417 | lr=5.95e-06 | grad_norm=1.609 | mask=60.66% (active=2590, masked=3994) | no_ctx=0.00 oracle=0.38 real_rag=0.62 | gc=0.00 | rag_trigger=4.00 | rag_emb_grad=1.69e-01
[2026-02-28 06:12:21] Step 9070/10000 | loss=0.3637 | lr=5.94e-06 | grad_norm=1.516 | mask=57.51% (active=2546, masked=3446) | no_ctx=0.00 oracle=0.75 real_rag=0.25 | gc=0.00 | rag_trigger=4.00 | rag_emb_grad=1.69e-01
[2026-02-28 06:12:31] Step 9080/10000 | loss=0.3410 | lr=5.93e-06 | grad_norm=1.625 | mask=55.71% (active=2891, masked=3637) | no_ctx=0.00 oracle=0.50 real_rag=0.50 | gc=0.00 | rag_trigger=4.00 | rag_emb_grad=1.73e-01
[2026-02-28 06:12:40] Step 9090/10000 | loss=0.3273 | lr=5.93e-06 | grad_norm=1.625 | mask=65.01% (active=2519, masked=4681) | no_ctx=0.00 oracle=0.62 real_rag=0.38 | gc=0.00 | rag_trigger=4.00 | rag_emb_grad=1.84e-01
[2026-02-28 06:12:50] Step 9100/10000 | loss=0.3936 | lr=5.92e-06 | grad_norm=1.609 | mask=58.64% (active=2756, masked=3908) | no_ctx=0.00 oracle=0.88 real_rag=0.12 | gc=0.00 | rag_trigger=4.00 | rag_emb_grad=1.10e-01
[2026-02-28 06:13:00] Step 9110/10000 | loss=0.3561 | lr=5.91e-06 | grad_norm=1.570 | mask=66.47% (active=2087, masked=4137) | no_ctx=0.00 oracle=0.62 real_rag=0.38 | gc=0.00 | rag_trigger=4.00 | rag_emb_grad=1.29e-01
[2026-02-28 06:13:10] Step 9120/10000 | loss=0.3955 | lr=5.90e-06 | grad_norm=1.836 | mask=63.78% (active=2680, masked=4720) | no_ctx=0.00 oracle=0.62 real_rag=0.38 | gc=0.00 | rag_trigger=4.00 | rag_emb_grad=2.04e-01
[2026-02-28 06:13:19] Step 9130/10000 | loss=0.3566 | lr=5.89e-06 | grad_norm=1.477 | mask=58.00% (active=2466, masked=3406) | no_ctx=0.00 oracle=0.62 real_rag=0.38 | gc=0.00 | rag_trigger=4.00 | rag_emb_grad=1.69e-01
[2026-02-28 06:13:29] Step 9140/10000 | loss=0.3502 | lr=5.89e-06 | grad_norm=1.523 | mask=56.21% (active=2487, masked=3193) | no_ctx=0.00 oracle=0.75 real_rag=0.25 | gc=0.00 | rag_trigger=4.00 | rag_emb_grad=1.46e-01
[2026-02-28 06:13:39] Step 9150/10000 | loss=0.3364 | lr=5.88e-06 | grad_norm=1.531 | mask=56.73% (active=2866, masked=3758) | no_ctx=0.00 oracle=0.88 real_rag=0.12 | gc=0.00 | rag_trigger=4.00 | rag_emb_grad=1.63e-01
[2026-02-28 06:13:49] Step 9160/10000 | loss=0.3633 | lr=5.87e-06 | grad_norm=1.492 | mask=67.97% (active=3095, masked=6569) | no_ctx=0.00 oracle=0.75 real_rag=0.25 | gc=0.00 | rag_trigger=4.00 | rag_emb_grad=1.21e-01
[2026-02-28 06:13:59] Step 9170/10000 | loss=0.3315 | lr=5.86e-06 | grad_norm=1.727 | mask=63.17% (active=3188, masked=5468) | no_ctx=0.00 oracle=0.75 real_rag=0.25 | gc=0.00 | rag_trigger=4.00 | rag_emb_grad=2.93e-01
[2026-02-28 06:14:08] Step 9180/10000 | loss=0.3177 | lr=5.86e-06 | grad_norm=1.500 | mask=61.87% (active=2355, masked=3821) | no_ctx=0.00 oracle=0.88 real_rag=0.12 | gc=0.00 | rag_trigger=4.00 | rag_emb_grad=2.18e-01
[2026-02-28 06:14:18] Step 9190/10000 | loss=0.3533 | lr=5.85e-06 | grad_norm=1.586 | mask=62.60% (active=2322, masked=3886) | no_ctx=0.00 oracle=0.75 real_rag=0.25 | gc=0.00 | rag_trigger=3.88 | rag_emb_grad=2.10e-01
[2026-02-28 06:14:27] Step 9200/10000 | loss=0.3549 | lr=5.84e-06 | grad_norm=1.695 | mask=58.35% (active=2459, masked=3445) | no_ctx=0.00 oracle=0.75 real_rag=0.25 | gc=0.00 | rag_trigger=4.00 | rag_emb_grad=2.49e-01
[2026-02-28 06:14:36] Step 9210/10000 | loss=0.3379 | lr=5.83e-06 | grad_norm=1.656 | mask=58.93% (active=2763, masked=3965) | no_ctx=0.00 oracle=0.62 real_rag=0.38 | gc=0.00 | rag_trigger=4.00 | rag_emb_grad=1.90e-01
[2026-02-28 06:14:46] Step 9220/10000 | loss=0.3596 | lr=5.82e-06 | grad_norm=1.531 | mask=58.89% (active=3128, masked=4480) | no_ctx=0.00 oracle=0.38 real_rag=0.62 | gc=0.00 | rag_trigger=4.00 | rag_emb_grad=1.76e-01
[2026-02-28 06:14:57] Step 9230/10000 | loss=0.4462 | lr=5.82e-06 | grad_norm=1.617 | mask=65.53% (active=3039, masked=5777) | no_ctx=0.00 oracle=0.88 real_rag=0.12 | gc=0.00 | rag_trigger=4.00 | rag_emb_grad=1.79e-01
[2026-02-28 06:15:07] Step 9240/10000 | loss=0.3816 | lr=5.81e-06 | grad_norm=1.734 | mask=59.74% (active=2973, masked=4411) | no_ctx=0.00 oracle=0.38 real_rag=0.62 | gc=0.00 | rag_trigger=4.00 | rag_emb_grad=1.42e-01
[2026-02-28 06:15:17] Step 9250/10000 | loss=0.3947 | lr=5.80e-06 | grad_norm=1.836 | mask=59.00% (active=2493, masked=3587) | no_ctx=0.00 oracle=0.50 real_rag=0.50 | gc=0.00 | rag_trigger=4.00 | rag_emb_grad=2.25e-01
[2026-02-28 06:15:26] Step 9260/10000 | loss=0.3533 | lr=5.79e-06 | grad_norm=1.508 | mask=56.97% (active=2819, masked=3733) | no_ctx=0.00 oracle=0.75 real_rag=0.25 | gc=0.00 | rag_trigger=4.00 | rag_emb_grad=1.06e-01
[2026-02-28 06:15:36] Step 9270/10000 | loss=0.3869 | lr=5.79e-06 | grad_norm=1.773 | mask=56.54% (active=3376, masked=4392) | no_ctx=0.00 oracle=0.50 real_rag=0.50 | gc=0.00 | rag_trigger=4.00 | rag_emb_grad=1.53e-01
[2026-02-28 06:15:46] Step 9280/10000 | loss=0.3488 | lr=5.78e-06 | grad_norm=1.492 | mask=59.55% (active=2592, masked=3816) | no_ctx=0.00 oracle=0.88 real_rag=0.12 | gc=0.00 | rag_trigger=4.00 | rag_emb_grad=1.15e-01
[2026-02-28 06:15:56] Step 9290/10000 | loss=0.3205 | lr=5.77e-06 | grad_norm=1.633 | mask=61.00% (active=2696, masked=4216) | no_ctx=0.00 oracle=0.88 real_rag=0.12 | gc=0.00 | rag_trigger=4.00 | rag_emb_grad=1.66e-01
[2026-02-28 06:16:06] Step 9300/10000 | loss=0.4046 | lr=5.76e-06 | grad_norm=1.625 | mask=61.90% (active=3252, masked=5284) | no_ctx=0.00 oracle=0.62 real_rag=0.38 | gc=0.00 | rag_trigger=4.00 | rag_emb_grad=1.36e-01
[2026-02-28 06:16:15] Step 9310/10000 | loss=0.3494 | lr=5.75e-06 | grad_norm=1.688 | mask=58.17% (active=2677, masked=3723) | no_ctx=0.00 oracle=0.88 real_rag=0.12 | gc=0.00 | rag_trigger=4.00 | rag_emb_grad=1.69e-01
[2026-02-28 06:16:25] Step 9320/10000 | loss=0.3565 | lr=5.75e-06 | grad_norm=1.797 | mask=64.55% (active=2337, masked=4255) | no_ctx=0.00 oracle=0.50 real_rag=0.50 | gc=0.00 | rag_trigger=4.00 | rag_emb_grad=2.46e-01
[2026-02-28 06:16:36] Step 9330/10000 | loss=0.3707 | lr=5.74e-06 | grad_norm=1.523 | mask=68.16% (active=2336, masked=5000) | no_ctx=0.00 oracle=0.62 real_rag=0.38 | gc=0.00 | rag_trigger=4.00 | rag_emb_grad=1.75e-01
[2026-02-28 06:16:45] Step 9340/10000 | loss=0.3420 | lr=5.73e-06 | grad_norm=1.656 | mask=56.16% (active=2532, masked=3244) | no_ctx=0.00 oracle=0.62 real_rag=0.38 | gc=0.00 | rag_trigger=4.00 | rag_emb_grad=1.90e-01
[2026-02-28 06:16:55] Step 9350/10000 | loss=0.3511 | lr=5.72e-06 | grad_norm=1.492 | mask=59.32% (active=3160, masked=4608) | no_ctx=0.00 oracle=0.75 real_rag=0.25 | gc=0.00 | rag_trigger=4.00 | rag_emb_grad=1.37e-01
[2026-02-28 06:17:05] Step 9360/10000 | loss=0.3829 | lr=5.71e-06 | grad_norm=1.703 | mask=60.50% (active=2629, masked=4027) | no_ctx=0.00 oracle=0.88 real_rag=0.12 | gc=0.00 | rag_trigger=4.00 | rag_emb_grad=2.02e-01
[2026-02-28 06:17:15] Step 9370/10000 | loss=0.3703 | lr=5.71e-06 | grad_norm=1.641 | mask=68.86% (active=2516, masked=5564) | no_ctx=0.00 oracle=0.75 real_rag=0.25 | gc=0.00 | rag_trigger=4.00 | rag_emb_grad=1.30e-01
[2026-02-28 06:17:24] Step 9380/10000 | loss=0.3505 | lr=5.70e-06 | grad_norm=1.711 | mask=61.50% (active=2815, masked=4497) | no_ctx=0.00 oracle=0.62 real_rag=0.38 | gc=0.00 | rag_trigger=4.00 | rag_emb_grad=1.46e-01
[2026-02-28 06:17:34] Step 9390/10000 | loss=0.3720 | lr=5.69e-06 | grad_norm=1.781 | mask=71.59% (active=2316, masked=5836) | no_ctx=0.00 oracle=0.50 real_rag=0.50 | gc=0.00 | rag_trigger=4.00 | rag_emb_grad=2.09e-01
[2026-02-28 06:17:44] Step 9400/10000 | loss=0.3412 | lr=5.68e-06 | grad_norm=1.570 | mask=62.10% (active=2962, masked=4854) | no_ctx=0.00 oracle=0.50 real_rag=0.50 | gc=0.00 | rag_trigger=4.00 | rag_emb_grad=1.31e-01
[2026-02-28 06:17:55] Step 9410/10000 | loss=0.4227 | lr=5.68e-06 | grad_norm=1.648 | mask=64.62% (active=3060, masked=5588) | no_ctx=0.00 oracle=0.75 real_rag=0.25 | gc=0.00 | rag_trigger=4.00 | rag_emb_grad=1.36e-01
[2026-02-28 06:18:05] Step 9420/10000 | loss=0.3347 | lr=5.67e-06 | grad_norm=1.789 | mask=60.59% (active=2847, masked=4377) | no_ctx=0.00 oracle=0.88 real_rag=0.12 | gc=0.00 | rag_trigger=4.00 | rag_emb_grad=1.88e-01
[2026-02-28 06:18:15] Step 9430/10000 | loss=0.3516 | lr=5.66e-06 | grad_norm=1.562 | mask=64.17% (active=2405, masked=4307) | no_ctx=0.00 oracle=0.50 real_rag=0.50 | gc=0.00 | rag_trigger=4.00 | rag_emb_grad=1.61e-01
[2026-02-28 06:18:25] Step 9440/10000 | loss=0.4266 | lr=5.65e-06 | grad_norm=1.711 | mask=61.35% (active=2733, masked=4339) | no_ctx=0.00 oracle=0.88 real_rag=0.12 | gc=0.00 | rag_trigger=4.00 | rag_emb_grad=1.34e-01
[2026-02-28 06:18:35] Step 9450/10000 | loss=0.3861 | lr=5.64e-06 | grad_norm=1.680 | mask=63.46% (active=2628, masked=4564) | no_ctx=0.00 oracle=0.88 real_rag=0.12 | gc=0.00 | rag_trigger=4.00 | rag_emb_grad=1.82e-01
[2026-02-28 06:18:44] Step 9460/10000 | loss=0.3882 | lr=5.64e-06 | grad_norm=1.766 | mask=64.62% (active=2315, masked=4229) | no_ctx=0.00 oracle=0.75 real_rag=0.25 | gc=0.00 | rag_trigger=4.00 | rag_emb_grad=1.68e-01
[2026-02-28 06:18:54] Step 9470/10000 | loss=0.3721 | lr=5.63e-06 | grad_norm=1.734 | mask=64.47% (active=2396, masked=4348) | no_ctx=0.00 oracle=0.50 real_rag=0.50 | gc=0.00 | rag_trigger=4.00 | rag_emb_grad=1.89e-01
[2026-02-28 06:19:05] Step 9480/10000 | loss=0.3936 | lr=5.62e-06 | grad_norm=1.539 | mask=67.94% (active=2878, masked=6098) | no_ctx=0.00 oracle=0.88 real_rag=0.12 | gc=0.00 | rag_trigger=4.00 | rag_emb_grad=1.44e-01
[2026-02-28 06:19:15] Step 9490/10000 | loss=0.3885 | lr=5.61e-06 | grad_norm=1.625 | mask=64.85% (active=2885, masked=5323) | no_ctx=0.00 oracle=0.62 real_rag=0.38 | gc=0.00 | rag_trigger=4.00 | rag_emb_grad=1.59e-01
[2026-02-28 06:19:25] Step 9500/10000 | loss=0.3796 | lr=5.60e-06 | grad_norm=1.586 | mask=59.91% (active=2970, masked=4438) | no_ctx=0.00 oracle=0.75 real_rag=0.25 | gc=0.00 | rag_trigger=4.00 | rag_emb_grad=1.67e-01
[2026-02-28 06:19:50] Saved: results/rag_oracle_20260228_033232/P10_rag_token_oracle07_noctx0_8b/checkpoints/step_9500
[2026-02-28 06:20:00] Step 9510/10000 | loss=0.3895 | lr=5.60e-06 | grad_norm=1.570 | mask=64.37% (active=2725, masked=4923) | no_ctx=0.00 oracle=0.25 real_rag=0.75 | gc=0.00 | rag_trigger=4.00 | rag_emb_grad=1.78e-01
[2026-02-28 06:20:10] Step 9520/10000 | loss=0.3227 | lr=5.59e-06 | grad_norm=1.531 | mask=65.34% (active=3352, masked=6320) | no_ctx=0.00 oracle=0.62 real_rag=0.38 | gc=0.00 | rag_trigger=4.00 | rag_emb_grad=1.54e-01
[2026-02-28 06:20:19] Step 9530/10000 | loss=0.3173 | lr=5.58e-06 | grad_norm=1.570 | mask=62.57% (active=2575, masked=4305) | no_ctx=0.00 oracle=0.62 real_rag=0.38 | gc=0.00 | rag_trigger=4.00 | rag_emb_grad=1.38e-01
[2026-02-28 06:20:30] Step 9540/10000 | loss=0.3628 | lr=5.57e-06 | grad_norm=1.617 | mask=57.74% (active=2816, masked=3848) | no_ctx=0.00 oracle=0.62 real_rag=0.38 | gc=0.00 | rag_trigger=4.00 | rag_emb_grad=2.17e-01
[2026-02-28 06:20:39] Step 9550/10000 | loss=0.3413 | lr=5.56e-06 | grad_norm=1.742 | mask=62.40% (active=2575, masked=4273) | no_ctx=0.00 oracle=0.62 real_rag=0.38 | gc=0.00 | rag_trigger=4.00 | rag_emb_grad=1.56e-01
[2026-02-28 06:20:49] Step 9560/10000 | loss=0.3895 | lr=5.56e-06 | grad_norm=1.422 | mask=63.49% (active=2982, masked=5186) | no_ctx=0.00 oracle=0.88 real_rag=0.12 | gc=0.00 | rag_trigger=4.00 | rag_emb_grad=1.35e-01
[2026-02-28 06:21:00] Step 9570/10000 | loss=0.3942 | lr=5.55e-06 | grad_norm=1.594 | mask=57.81% (active=2555, masked=3501) | no_ctx=0.00 oracle=0.75 real_rag=0.25 | gc=0.00 | rag_trigger=4.00 | rag_emb_grad=1.74e-01
[2026-02-28 06:21:09] Step 9580/10000 | loss=0.3162 | lr=5.54e-06 | grad_norm=1.492 | mask=60.06% (active=2262, masked=3402) | no_ctx=0.00 oracle=0.75 real_rag=0.25 | gc=0.00 | rag_trigger=4.00 | rag_emb_grad=1.75e-01
[2026-02-28 06:21:19] Step 9590/10000 | loss=0.3920 | lr=5.53e-06 | grad_norm=1.609 | mask=58.81% (active=2900, masked=4140) | no_ctx=0.00 oracle=0.62 real_rag=0.38 | gc=0.00 | rag_trigger=4.00 | rag_emb_grad=1.92e-01
[2026-02-28 06:21:29] Step 9600/10000 | loss=0.3314 | lr=5.53e-06 | grad_norm=1.508 | mask=65.40% (active=2389, masked=4515) | no_ctx=0.00 oracle=0.75 real_rag=0.25 | gc=0.00 | rag_trigger=4.00 | rag_emb_grad=1.31e-01
[2026-02-28 06:21:39] Step 9610/10000 | loss=0.2965 | lr=5.52e-06 | grad_norm=1.609 | mask=65.30% (active=3428, masked=6452) | no_ctx=0.00 oracle=0.75 real_rag=0.25 | gc=0.00 | rag_trigger=4.00 | rag_emb_grad=1.29e-01
[2026-02-28 06:21:49] Step 9620/10000 | loss=0.3745 | lr=5.51e-06 | grad_norm=1.641 | mask=61.19% (active=2869, masked=4523) | no_ctx=0.00 oracle=0.88 real_rag=0.12 | gc=0.00 | rag_trigger=4.00 | rag_emb_grad=1.16e-01
[2026-02-28 06:21:59] Step 9630/10000 | loss=0.4038 | lr=5.50e-06 | grad_norm=1.555 | mask=64.83% (active=2822, masked=5202) | no_ctx=0.00 oracle=0.62 real_rag=0.38 | gc=0.00 | rag_trigger=4.00 | rag_emb_grad=1.45e-01
[2026-02-28 06:22:08] Step 9640/10000 | loss=0.3542 | lr=5.49e-06 | grad_norm=1.555 | mask=58.81% (active=2254, masked=3218) | no_ctx=0.00 oracle=0.88 real_rag=0.12 | gc=0.00 | rag_trigger=4.00 | rag_emb_grad=1.51e-01
[2026-02-28 06:22:18] Step 9650/10000 | loss=0.3646 | lr=5.49e-06 | grad_norm=1.609 | mask=63.07% (active=2517, masked=4299) | no_ctx=0.00 oracle=0.62 real_rag=0.38 | gc=0.00 | rag_trigger=4.00 | rag_emb_grad=1.77e-01
[2026-02-28 06:22:27] Step 9660/10000 | loss=0.3405 | lr=5.48e-06 | grad_norm=1.617 | mask=62.49% (active=2920, masked=4864) | no_ctx=0.00 oracle=0.88 real_rag=0.12 | gc=0.00 | rag_trigger=4.00 | rag_emb_grad=1.74e-01
[2026-02-28 06:22:37] Step 9670/10000 | loss=0.3738 | lr=5.47e-06 | grad_norm=1.781 | mask=67.41% (active=2542, masked=5258) | no_ctx=0.00 oracle=0.62 real_rag=0.38 | gc=0.00 | rag_trigger=4.00 | rag_emb_grad=1.74e-01
[2026-02-28 06:22:47] Step 9680/10000 | loss=0.3644 | lr=5.46e-06 | grad_norm=1.641 | mask=60.79% (active=3190, masked=4946) | no_ctx=0.00 oracle=0.50 real_rag=0.50 | gc=0.00 | rag_trigger=4.00 | rag_emb_grad=1.80e-01
[2026-02-28 06:22:58] Step 9690/10000 | loss=0.3825 | lr=5.45e-06 | grad_norm=1.672 | mask=67.11% (active=2631, masked=5369) | no_ctx=0.00 oracle=0.62 real_rag=0.38 | gc=0.00 | rag_trigger=4.00 | rag_emb_grad=1.61e-01
[2026-02-28 06:23:07] Step 9700/10000 | loss=0.3391 | lr=5.45e-06 | grad_norm=1.648 | mask=60.45% (active=2319, masked=3545) | no_ctx=0.00 oracle=0.50 real_rag=0.50 | gc=0.00 | rag_trigger=4.00 | rag_emb_grad=1.74e-01
[2026-02-28 06:23:17] Step 9710/10000 | loss=0.4011 | lr=5.44e-06 | grad_norm=1.547 | mask=63.83% (active=2937, masked=5183) | no_ctx=0.00 oracle=0.75 real_rag=0.25 | gc=0.00 | rag_trigger=4.00 | rag_emb_grad=1.52e-01
[2026-02-28 06:23:27] Step 9720/10000 | loss=0.3694 | lr=5.43e-06 | grad_norm=1.906 | mask=65.08% (active=2732, masked=5092) | no_ctx=0.00 oracle=0.38 real_rag=0.62 | gc=0.00 | rag_trigger=4.00 | rag_emb_grad=3.09e-01
[2026-02-28 06:23:37] Step 9730/10000 | loss=0.3307 | lr=5.42e-06 | grad_norm=1.555 | mask=67.18% (active=2728, masked=5584) | no_ctx=0.00 oracle=0.62 real_rag=0.38 | gc=0.00 | rag_trigger=4.00 | rag_emb_grad=1.65e-01
[2026-02-28 06:23:46] Step 9740/10000 | loss=0.3669 | lr=5.41e-06 | grad_norm=1.484 | mask=69.26% (active=2644, masked=5956) | no_ctx=0.00 oracle=0.75 real_rag=0.25 | gc=0.00 | rag_trigger=4.00 | rag_emb_grad=1.53e-01
[2026-02-28 06:23:56] Step 9750/10000 | loss=0.3612 | lr=5.41e-06 | grad_norm=1.602 | mask=55.11% (active=2898, masked=3558) | no_ctx=0.00 oracle=0.75 real_rag=0.25 | gc=0.00 | rag_trigger=3.88 | rag_emb_grad=1.54e-01
[2026-02-28 06:24:05] Step 9760/10000 | loss=0.3683 | lr=5.40e-06 | grad_norm=1.820 | mask=61.09% (active=2285, masked=3587) | no_ctx=0.00 oracle=0.62 real_rag=0.38 | gc=0.00 | rag_trigger=4.00 | rag_emb_grad=1.92e-01
[2026-02-28 06:24:14] Step 9770/10000 | loss=0.3408 | lr=5.39e-06 | grad_norm=1.523 | mask=62.68% (active=2932, masked=4924) | no_ctx=0.00 oracle=0.75 real_rag=0.25 | gc=0.00 | rag_trigger=4.00 | rag_emb_grad=1.32e-01
[2026-02-28 06:24:25] Step 9780/10000 | loss=0.3779 | lr=5.38e-06 | grad_norm=1.625 | mask=70.96% (active=3022, masked=7386) | no_ctx=0.00 oracle=0.50 real_rag=0.50 | gc=0.00 | rag_trigger=4.00 | rag_emb_grad=1.73e-01
[2026-02-28 06:24:37] Step 9790/10000 | loss=0.3670 | lr=5.38e-06 | grad_norm=1.570 | mask=73.81% (active=2826, masked=7966) | no_ctx=0.00 oracle=0.38 real_rag=0.62 | gc=0.00 | rag_trigger=4.00 | rag_emb_grad=1.46e-01
[2026-02-28 06:24:46] Step 9800/10000 | loss=0.3575 | lr=5.37e-06 | grad_norm=1.641 | mask=63.68% (active=2641, masked=4631) | no_ctx=0.00 oracle=0.88 real_rag=0.12 | gc=0.00 | rag_trigger=3.75 | rag_emb_grad=1.41e-01
[2026-02-28 06:24:56] Step 9810/10000 | loss=0.3958 | lr=5.36e-06 | grad_norm=1.586 | mask=63.89% (active=3192, masked=5648) | no_ctx=0.00 oracle=0.50 real_rag=0.50 | gc=0.00 | rag_trigger=4.00 | rag_emb_grad=1.75e-01
[2026-02-28 06:25:06] Step 9820/10000 | loss=0.3388 | lr=5.35e-06 | grad_norm=1.492 | mask=62.02% (active=2628, masked=4292) | no_ctx=0.00 oracle=1.00 real_rag=0.00 | gc=0.00 | rag_trigger=4.00 | rag_emb_grad=1.35e-01
[2026-02-28 06:25:16] Step 9830/10000 | loss=0.3747 | lr=5.34e-06 | grad_norm=1.508 | mask=59.14% (active=2677, masked=3875) | no_ctx=0.00 oracle=0.75 real_rag=0.25 | gc=0.00 | rag_trigger=4.00 | rag_emb_grad=1.64e-01
[2026-02-28 06:25:26] Step 9840/10000 | loss=0.3621 | lr=5.34e-06 | grad_norm=1.578 | mask=56.33% (active=2868, masked=3700) | no_ctx=0.00 oracle=0.62 real_rag=0.38 | gc=0.00 | rag_trigger=4.00 | rag_emb_grad=1.32e-01
[2026-02-28 06:25:36] Step 9850/10000 | loss=0.3604 | lr=5.33e-06 | grad_norm=1.562 | mask=64.26% (active=2496, masked=4488) | no_ctx=0.00 oracle=0.88 real_rag=0.12 | gc=0.00 | rag_trigger=4.00 | rag_emb_grad=1.43e-01
[2026-02-28 06:25:46] Step 9860/10000 | loss=0.3594 | lr=5.32e-06 | grad_norm=1.586 | mask=60.57% (active=3274, masked=5030) | no_ctx=0.00 oracle=0.38 real_rag=0.62 | gc=0.00 | rag_trigger=4.00 | rag_emb_grad=1.40e-01
[2026-02-28 06:25:56] Step 9870/10000 | loss=0.3598 | lr=5.31e-06 | grad_norm=1.539 | mask=58.15% (active=2317, masked=3219) | no_ctx=0.00 oracle=1.00 real_rag=0.00 | gc=0.00 | rag_trigger=4.00 | rag_emb_grad=1.95e-01
[2026-02-28 06:26:06] Step 9880/10000 | loss=0.3492 | lr=5.30e-06 | grad_norm=1.672 | mask=65.94% (active=3016, masked=5840) | no_ctx=0.00 oracle=0.88 real_rag=0.12 | gc=0.00 | rag_trigger=4.00 | rag_emb_grad=1.75e-01
[2026-02-28 06:26:15] Step 9890/10000 | loss=0.3788 | lr=5.30e-06 | grad_norm=1.469 | mask=59.41% (active=3065, masked=4487) | no_ctx=0.00 oracle=1.00 real_rag=0.00 | gc=0.00 | rag_trigger=4.00 | rag_emb_grad=1.64e-01
[2026-02-28 06:26:26] Step 9900/10000 | loss=0.3594 | lr=5.29e-06 | grad_norm=1.805 | mask=64.86% (active=2879, masked=5313) | no_ctx=0.00 oracle=0.62 real_rag=0.38 | gc=0.00 | rag_trigger=3.88 | rag_emb_grad=2.06e-01
[2026-02-28 06:26:36] Step 9910/10000 | loss=0.3750 | lr=5.28e-06 | grad_norm=1.727 | mask=58.66% (active=2937, masked=4167) | no_ctx=0.00 oracle=0.62 real_rag=0.38 | gc=0.00 | rag_trigger=4.00 | rag_emb_grad=1.72e-01
[2026-02-28 06:26:46] Step 9920/10000 | loss=0.3503 | lr=5.27e-06 | grad_norm=1.703 | mask=64.88% (active=2360, masked=4360) | no_ctx=0.00 oracle=0.75 real_rag=0.25 | gc=0.00 | rag_trigger=4.00 | rag_emb_grad=1.79e-01
[2026-02-28 06:26:56] Step 9930/10000 | loss=0.3742 | lr=5.26e-06 | grad_norm=1.469 | mask=68.15% (active=2512, masked=5376) | no_ctx=0.00 oracle=0.62 real_rag=0.38 | gc=0.00 | rag_trigger=4.00 | rag_emb_grad=1.04e-01
[2026-02-28 06:27:06] Step 9940/10000 | loss=0.4226 | lr=5.26e-06 | grad_norm=1.727 | mask=55.74% (active=3725, masked=4691) | no_ctx=0.00 oracle=0.88 real_rag=0.12 | gc=0.00 | rag_trigger=4.00 | rag_emb_grad=1.29e-01
[2026-02-28 06:27:16] Step 9950/10000 | loss=0.3552 | lr=5.25e-06 | grad_norm=1.609 | mask=66.37% (active=2077, masked=4099) | no_ctx=0.00 oracle=0.88 real_rag=0.12 | gc=0.00 | rag_trigger=4.00 | rag_emb_grad=1.50e-01
[2026-02-28 06:27:27] Step 9960/10000 | loss=0.4005 | lr=5.24e-06 | grad_norm=1.609 | mask=61.32% (active=2358, masked=3738) | no_ctx=0.00 oracle=0.75 real_rag=0.25 | gc=0.00 | rag_trigger=4.00 | rag_emb_grad=1.74e-01
[2026-02-28 06:27:37] Step 9970/10000 | loss=0.3454 | lr=5.23e-06 | grad_norm=1.539 | mask=53.98% (active=2835, masked=3325) | no_ctx=0.00 oracle=0.88 real_rag=0.12 | gc=0.00 | rag_trigger=4.00 | rag_emb_grad=1.15e-01
[2026-02-28 06:27:46] Step 9980/10000 | loss=0.3686 | lr=5.22e-06 | grad_norm=1.469 | mask=64.20% (active=2661, masked=4771) | no_ctx=0.00 oracle=1.00 real_rag=0.00 | gc=0.00 | rag_trigger=4.00 | rag_emb_grad=1.24e-01
[2026-02-28 06:27:56] Step 9990/10000 | loss=0.3605 | lr=5.22e-06 | grad_norm=1.609 | mask=66.61% (active=2920, masked=5824) | no_ctx=0.00 oracle=0.88 real_rag=0.12 | gc=0.00 | rag_trigger=4.00 | rag_emb_grad=1.73e-01
[2026-02-28 06:28:06] Step 10000/10000 | loss=0.4015 | lr=5.21e-06 | grad_norm=1.781 | mask=61.56% (active=3266, masked=5230) | no_ctx=0.00 oracle=0.75 real_rag=0.25 | gc=0.00 | rag_trigger=4.00 | rag_emb_grad=1.74e-01
[2026-02-28 06:28:19] Saved: results/rag_oracle_20260228_033232/P10_rag_token_oracle07_noctx0_8b/checkpoints/step_10000
[2026-02-28 06:28:36] Training complete! Final: results/rag_oracle_20260228_033232/P10_rag_token_oracle07_noctx0_8b/checkpoints/step_10000
