[2026-03-02 19:57:49] ======================================================================
[2026-03-02 19:57:49] RAG Token Training: P14_rag_token_oracle07_noctx0_70b
[2026-03-02 19:57:49] no_context=0.00, oracle=0.70, real_rag=0.30, max_rag=4
[2026-03-02 19:57:49] ======================================================================
[2026-03-02 19:57:49] 🤖 Loading base model: llava-llama
[2026-03-02 19:57:49] 📂 Model path: results/base_model/E43_merged
[2026-03-02 19:57:49] ⚡ Flash attention: False
[2026-03-02 19:57:49] 💾 Quantization: 8bit=False, 4bit=False
[2026-03-02 19:59:28] ✅ Base model loaded successfully
[2026-03-02 19:59:28] 📊 Model config: hidden_size=8192, vocab_size=128267
[2026-03-02 19:59:28] 🔤 Tokenizer vocab size: 128267
[2026-03-02 19:59:28] 🔧 Per-organ input dims: {'whole_ct': 512, 'lung': 256, 'heart': 256, 'esophagus': 256, 'aorta': 256}
[2026-03-02 19:59:29] 🔧 Projector: independent (5 MLPs), 2-layer, per-organ dims={'whole_ct': 512, 'lung': 256, 'heart': 256, 'esophagus': 256, 'aorta': 256}, tokens_per_embedding=1
[2026-03-02 19:59:29] 🔧 Projector initialized: 256 -> 8192
[2026-03-02 19:59:30] 📦 Loaded projector.pt from merged dir: 20 keys
[2026-03-02 19:59:30] 🎯 Added 4 task tokens + 5 organ tokens + 1 provided token
[2026-03-02 19:59:30] 🔤 Final tokenizer vocab size: 128267
[2026-03-02 19:59:30] 📋 Using config-specified target modules: ['down_proj', 'gate_proj', 'k_proj', 'o_proj', 'q_proj', 'up_proj', 'v_proj']
[2026-03-02 19:59:44] 🎯 Training mode: LoRA fine-tuning
[2026-03-02 19:59:44] 🔧 LoRA config: r=32, alpha=64, dropout=0.05
[2026-03-02 19:59:44] 🎯 Target modules (7): ['down_proj', 'gate_proj', 'k_proj', 'o_proj', 'q_proj', 'up_proj', 'v_proj']
[2026-03-02 19:59:44] 🔒 Projector FROZEN (freeze_projector=True)
[2026-03-02 19:59:44] 📈 Training summary:
[2026-03-02 19:59:44]    🎯 Total parameters: 71316.28M
[2026-03-02 19:59:44]    🔥 Trainable parameters: 2515.71M (3.5%)
[2026-03-02 19:59:44]    📱 Device: cuda, dtype: torch.bfloat16
[2026-03-02 19:59:45] Added 3 RAG tokens: ['<|ret_start|>', '<|ret_end|>', '[RAG]']
[2026-03-02 19:59:45] Final vocab size: 128270
[2026-03-02 19:59:45] ret_start_id=128267, ret_end_id=128268, rag_token_id=128269
[2026-03-02 19:59:45] RagTokenDataset: no_context=0.00, oracle=0.70, real_rag=0.30, max_rag_per_sample=4
[2026-03-02 19:59:45] Loading CSV reports: /orange/xujie/liang.renjie/DATA/dataset/CT-RATE/dataset/radiology_text_reports/train_reports.csv
[2026-03-02 19:59:45]   47149 reports loaded from CSV
[2026-03-02 19:59:45]   Loading precomputed context: results/P2_rag/oracle/oracle_context_top3.jsonl
[2026-03-02 20:00:00]     Index: 861951 (sample_id, sentence) pairs from 46407 samples
[2026-03-02 20:00:01]   Loading precomputed context: results/P2_rag/real_retrieval/retrieval_context_top3.jsonl
[2026-03-02 20:00:19]     Index: 861951 (sample_id, sentence) pairs from 46407 samples
[2026-03-02 20:00:22]   Skipped 742 samples without embeddings
[2026-03-02 20:00:22]   Final: 46407 samples
[2026-03-02 20:00:22] Dataset: 46407 items | Steps: 10000 | Output: results/rag_oracle_20260302_195748/P14_rag_token_oracle07_noctx0_70b
[2026-03-02 20:00:48] Saved: results/rag_oracle_20260302_195748/P14_rag_token_oracle07_noctx0_70b/checkpoints/step_1
[2026-03-02 20:01:07] Step 10/10000 | loss=0.9071 | mask=59.59% (active=1175, masked=1733) | no_ctx=0.00 oracle=0.75 real_rag=0.25 | gc=0.00 | rag_trigger=4.00 | rag_emb_grad=2.05e-01
[2026-03-02 20:01:25] Step 20/10000 | loss=0.8253 | mask=54.11% (active=1083, masked=1277) | no_ctx=0.00 oracle=0.25 real_rag=0.75 | gc=0.00 | rag_trigger=4.00 | rag_emb_grad=4.49e-01
[2026-03-02 20:01:44] Step 30/10000 | loss=0.7706 | mask=64.57% (active=999, masked=1821) | no_ctx=0.00 oracle=1.00 real_rag=0.00 | gc=0.00 | rag_trigger=4.00 | rag_emb_grad=6.48e-01
[2026-03-02 20:02:03] Step 40/10000 | loss=0.7723 | lr=2.50e-07 | grad_norm=3.719 | mask=57.43% (active=1277, masked=1723) | no_ctx=0.00 oracle=0.50 real_rag=0.50 | gc=0.00 | rag_trigger=4.00 | rag_emb_grad=8.32e-01
[2026-03-02 20:02:24] Step 50/10000 | loss=0.8742 | mask=56.83% (active=1423, masked=1873) | no_ctx=0.00 oracle=1.00 real_rag=0.00 | gc=0.00 | rag_trigger=4.00 | rag_emb_grad=1.87e-01
[2026-03-02 20:02:45] Step 60/10000 | loss=0.8988 | mask=63.60% (active=1063, masked=1857) | no_ctx=0.00 oracle=1.00 real_rag=0.00 | gc=0.00 | rag_trigger=4.00 | rag_emb_grad=4.00e-01
[2026-03-02 20:03:06] Step 70/10000 | loss=0.8940 | mask=55.63% (active=1970, masked=2470) | no_ctx=0.00 oracle=0.50 real_rag=0.50 | gc=0.00 | rag_trigger=4.00 | rag_emb_grad=5.51e-01
[2026-03-02 20:03:27] Step 80/10000 | loss=0.8321 | lr=5.00e-07 | grad_norm=3.594 | mask=64.73% (active=1408, masked=2584) | no_ctx=0.00 oracle=0.50 real_rag=0.50 | gc=0.00 | rag_trigger=4.00 | rag_emb_grad=8.12e-01
[2026-03-02 20:03:48] Step 90/10000 | loss=0.8210 | mask=53.45% (active=1620, masked=1860) | no_ctx=0.00 oracle=0.75 real_rag=0.25 | gc=0.00 | rag_trigger=4.00 | rag_emb_grad=2.29e-01
[2026-03-02 20:04:10] Step 100/10000 | loss=0.8810 | mask=59.14% (active=1494, masked=2162) | no_ctx=0.00 oracle=0.50 real_rag=0.50 | gc=0.00 | rag_trigger=4.00 | rag_emb_grad=3.36e-01
[2026-03-02 20:04:30] Step 110/10000 | loss=0.8580 | mask=58.64% (active=1110, masked=1574) | no_ctx=0.00 oracle=0.50 real_rag=0.50 | gc=0.00 | rag_trigger=4.00 | rag_emb_grad=6.68e-01
[2026-03-02 20:04:51] Step 120/10000 | loss=0.8643 | lr=7.50e-07 | grad_norm=3.328 | mask=52.33% (active=1430, masked=1570) | no_ctx=0.00 oracle=0.75 real_rag=0.25 | gc=0.00 | rag_trigger=4.00 | rag_emb_grad=7.54e-01
[2026-03-02 20:05:13] Step 130/10000 | loss=0.8994 | mask=60.20% (active=1342, masked=2030) | no_ctx=0.00 oracle=1.00 real_rag=0.00 | gc=0.00 | rag_trigger=4.00 | rag_emb_grad=2.16e-01
[2026-03-02 20:05:35] Step 140/10000 | loss=0.8388 | mask=58.67% (active=1339, masked=1901) | no_ctx=0.00 oracle=0.75 real_rag=0.25 | gc=0.00 | rag_trigger=4.00 | rag_emb_grad=3.18e-01
[2026-03-02 20:05:55] Step 150/10000 | loss=0.8439 | mask=63.08% (active=991, masked=1693) | no_ctx=0.00 oracle=0.25 real_rag=0.75 | gc=0.00 | rag_trigger=4.00 | rag_emb_grad=5.78e-01
[2026-03-02 20:06:16] Step 160/10000 | loss=0.8358 | lr=1.00e-06 | grad_norm=3.234 | mask=59.11% (active=1351, masked=1953) | no_ctx=0.00 oracle=0.75 real_rag=0.25 | gc=0.00 | rag_trigger=4.00 | rag_emb_grad=7.62e-01
[2026-03-02 20:06:36] Step 170/10000 | loss=0.8344 | mask=55.58% (active=1489, masked=1863) | no_ctx=0.00 oracle=0.25 real_rag=0.75 | gc=0.00 | rag_trigger=4.00 | rag_emb_grad=1.91e-01
[2026-03-02 20:06:56] Step 180/10000 | loss=0.8110 | mask=57.71% (active=1959, masked=2673) | no_ctx=0.00 oracle=0.75 real_rag=0.25 | gc=0.00 | rag_trigger=4.00 | rag_emb_grad=3.89e-01
[2026-03-02 20:07:15] Step 190/10000 | loss=0.7768 | mask=59.29% (active=1039, masked=1513) | no_ctx=0.00 oracle=1.00 real_rag=0.00 | gc=0.00 | rag_trigger=4.00 | rag_emb_grad=6.95e-01
[2026-03-02 20:07:35] Step 200/10000 | loss=0.8263 | lr=1.25e-06 | grad_norm=3.438 | mask=52.52% (active=1415, masked=1565) | no_ctx=0.00 oracle=0.75 real_rag=0.25 | gc=0.00 | rag_trigger=4.00 | rag_emb_grad=8.24e-01
[2026-03-02 20:07:55] Step 210/10000 | loss=0.8180 | mask=59.52% (active=1122, masked=1650) | no_ctx=0.00 oracle=0.50 real_rag=0.50 | gc=0.00 | rag_trigger=4.00 | rag_emb_grad=2.19e-01
[2026-03-02 20:08:17] Step 220/10000 | loss=0.8596 | mask=56.01% (active=1457, masked=1855) | no_ctx=0.00 oracle=0.25 real_rag=0.75 | gc=0.00 | rag_trigger=4.00 | rag_emb_grad=3.69e-01
[2026-03-02 20:08:38] Step 230/10000 | loss=0.8327 | mask=45.81% (active=2120, masked=1792) | no_ctx=0.00 oracle=0.75 real_rag=0.25 | gc=0.00 | rag_trigger=4.00 | rag_emb_grad=5.66e-01
[2026-03-02 20:09:00] Step 240/10000 | loss=0.8320 | lr=1.50e-06 | grad_norm=3.266 | mask=55.33% (active=1349, masked=1671) | no_ctx=0.00 oracle=0.50 real_rag=0.50 | gc=0.00 | rag_trigger=4.00 | rag_emb_grad=7.89e-01
[2026-03-02 20:09:20] Step 250/10000 | loss=0.7938 | mask=60.13% (active=1011, masked=1525) | no_ctx=0.00 oracle=0.50 real_rag=0.50 | gc=0.00 | rag_trigger=4.00 | rag_emb_grad=2.43e-01
[2026-03-02 20:09:41] Step 260/10000 | loss=0.7818 | mask=61.03% (active=1071, masked=1677) | no_ctx=0.00 oracle=1.00 real_rag=0.00 | gc=0.00 | rag_trigger=4.00 | rag_emb_grad=3.87e-01
[2026-03-02 20:10:03] Step 270/10000 | loss=0.8242 | mask=57.21% (active=1157, masked=1547) | no_ctx=0.00 oracle=0.75 real_rag=0.25 | gc=0.00 | rag_trigger=4.00 | rag_emb_grad=5.39e-01
[2026-03-02 20:10:22] Step 280/10000 | loss=0.7377 | lr=1.75e-06 | grad_norm=3.609 | mask=57.70% (active=1450, masked=1978) | no_ctx=0.00 oracle=0.75 real_rag=0.25 | gc=0.00 | rag_trigger=4.00 | rag_emb_grad=8.63e-01
[2026-03-02 20:10:44] Step 290/10000 | loss=0.7888 | mask=61.53% (active=1405, masked=2247) | no_ctx=0.00 oracle=0.50 real_rag=0.50 | gc=0.00 | rag_trigger=4.00 | rag_emb_grad=1.89e-01
[2026-03-02 20:11:05] Step 300/10000 | loss=0.8103 | mask=45.89% (active=1606, masked=1362) | no_ctx=0.00 oracle=0.75 real_rag=0.25 | gc=0.00 | rag_trigger=4.00 | rag_emb_grad=4.02e-01
[2026-03-02 20:11:25] Step 310/10000 | loss=0.7752 | mask=62.94% (active=1103, masked=1873) | no_ctx=0.00 oracle=0.75 real_rag=0.25 | gc=0.00 | rag_trigger=4.00 | rag_emb_grad=6.09e-01
[2026-03-02 20:11:46] Step 320/10000 | loss=0.7907 | lr=2.00e-06 | grad_norm=2.875 | mask=58.59% (active=1403, masked=1985) | no_ctx=0.00 oracle=0.75 real_rag=0.25 | gc=0.00 | rag_trigger=4.00 | rag_emb_grad=6.25e-01
[2026-03-02 20:12:08] Step 330/10000 | loss=0.8202 | mask=56.69% (active=1017, masked=1331) | no_ctx=0.00 oracle=1.00 real_rag=0.00 | gc=0.00 | rag_trigger=4.00 | rag_emb_grad=2.01e-01
[2026-03-02 20:12:29] Step 340/10000 | loss=0.7252 | mask=55.98% (active=1208, masked=1536) | no_ctx=0.00 oracle=0.75 real_rag=0.25 | gc=0.00 | rag_trigger=4.00 | rag_emb_grad=2.99e-01
[2026-03-02 20:12:50] Step 350/10000 | loss=0.8279 | mask=60.23% (active=1271, masked=1925) | no_ctx=0.00 oracle=0.50 real_rag=0.50 | gc=0.00 | rag_trigger=4.00 | rag_emb_grad=4.84e-01
[2026-03-02 20:13:15] Step 360/10000 | loss=0.7273 | lr=2.25e-06 | grad_norm=2.250 | mask=61.25% (active=930, masked=1470) | no_ctx=0.00 oracle=0.75 real_rag=0.25 | gc=0.00 | rag_trigger=4.00 | rag_emb_grad=3.67e-01
[2026-03-02 20:13:36] Step 370/10000 | loss=0.7435 | mask=56.43% (active=1464, masked=1896) | no_ctx=0.00 oracle=1.00 real_rag=0.00 | gc=0.00 | rag_trigger=4.00 | rag_emb_grad=1.26e-01
[2026-03-02 20:13:57] Step 380/10000 | loss=0.8011 | mask=51.24% (active=1687, masked=1773) | no_ctx=0.00 oracle=0.75 real_rag=0.25 | gc=0.00 | rag_trigger=4.00 | rag_emb_grad=1.67e-01
[2026-03-02 20:14:19] Step 390/10000 | loss=0.6905 | mask=57.41% (active=1310, masked=1766) | no_ctx=0.00 oracle=0.75 real_rag=0.25 | gc=0.00 | rag_trigger=4.00 | rag_emb_grad=2.43e-01
[2026-03-02 20:14:39] Step 400/10000 | loss=0.7296 | lr=2.50e-06 | grad_norm=2.172 | mask=58.14% (active=1127, masked=1565) | no_ctx=0.00 oracle=0.75 real_rag=0.25 | gc=0.00 | rag_trigger=4.00 | rag_emb_grad=3.28e-01
[2026-03-02 20:14:58] Step 410/10000 | loss=0.7414 | mask=55.25% (active=1287, masked=1589) | no_ctx=0.00 oracle=1.00 real_rag=0.00 | gc=0.00 | rag_trigger=4.00 | rag_emb_grad=6.45e-02
[2026-03-02 20:15:20] Step 420/10000 | loss=0.7573 | mask=58.29% (active=1590, masked=2222) | no_ctx=0.00 oracle=0.50 real_rag=0.50 | gc=0.00 | rag_trigger=4.00 | rag_emb_grad=1.33e-01
[2026-03-02 20:15:43] Step 430/10000 | loss=0.7573 | mask=56.66% (active=1543, masked=2017) | no_ctx=0.00 oracle=0.75 real_rag=0.25 | gc=0.00 | rag_trigger=4.00 | rag_emb_grad=1.88e-01
[2026-03-02 20:16:07] Step 440/10000 | loss=0.7577 | lr=2.75e-06 | grad_norm=1.773 | mask=57.36% (active=1332, masked=1792) | no_ctx=0.00 oracle=0.75 real_rag=0.25 | gc=0.00 | rag_trigger=4.00 | rag_emb_grad=2.79e-01
[2026-03-02 20:16:29] Step 450/10000 | loss=0.6554 | mask=51.80% (active=1471, masked=1581) | no_ctx=0.00 oracle=0.50 real_rag=0.50 | gc=0.00 | rag_trigger=4.00 | rag_emb_grad=7.42e-02
[2026-03-02 20:16:52] Step 460/10000 | loss=0.7152 | mask=48.80% (active=1700, masked=1620) | no_ctx=0.00 oracle=0.75 real_rag=0.25 | gc=0.00 | rag_trigger=4.00 | rag_emb_grad=1.36e-01
[2026-03-02 20:17:12] Step 470/10000 | loss=0.7259 | mask=55.79% (active=1358, masked=1714) | no_ctx=0.00 oracle=0.75 real_rag=0.25 | gc=0.00 | rag_trigger=4.00 | rag_emb_grad=1.85e-01
[2026-03-02 20:17:34] Step 480/10000 | loss=0.7636 | lr=3.00e-06 | grad_norm=1.406 | mask=65.00% (active=1470, masked=2730) | no_ctx=0.00 oracle=1.00 real_rag=0.00 | gc=0.00 | rag_trigger=4.00 | rag_emb_grad=1.98e-01
[2026-03-02 20:17:56] Step 490/10000 | loss=0.7880 | mask=64.80% (active=1494, masked=2750) | no_ctx=0.00 oracle=0.75 real_rag=0.25 | gc=0.00 | rag_trigger=4.00 | rag_emb_grad=2.99e-02
[2026-03-02 20:18:19] Step 500/10000 | loss=0.6662 | mask=62.79% (active=1341, masked=2263) | no_ctx=0.00 oracle=1.00 real_rag=0.00 | gc=0.00 | rag_trigger=4.00 | rag_emb_grad=5.40e-02
[2026-03-02 20:19:14] Saved: results/rag_oracle_20260302_195748/P14_rag_token_oracle07_noctx0_70b/checkpoints/step_500
[2026-03-02 20:19:35] Step 510/10000 | loss=0.7509 | mask=67.01% (active=987, masked=2005) | no_ctx=0.00 oracle=0.50 real_rag=0.50 | gc=0.00 | rag_trigger=4.00 | rag_emb_grad=7.91e-02
[2026-03-02 20:19:57] Step 520/10000 | loss=0.6925 | lr=3.25e-06 | grad_norm=1.086 | mask=47.55% (active=1626, masked=1474) | no_ctx=0.00 oracle=1.00 real_rag=0.00 | gc=0.00 | rag_trigger=4.00 | rag_emb_grad=9.47e-02
[2026-03-02 20:20:17] Step 530/10000 | loss=0.6260 | mask=67.84% (active=1226, masked=2586) | no_ctx=0.00 oracle=0.50 real_rag=0.50 | gc=0.00 | rag_trigger=4.00 | rag_emb_grad=3.12e-02
[2026-03-02 20:20:39] Step 540/10000 | loss=0.6654 | mask=66.66% (active=1235, masked=2469) | no_ctx=0.00 oracle=0.50 real_rag=0.50 | gc=0.00 | rag_trigger=4.00 | rag_emb_grad=5.88e-02
[2026-03-02 20:20:59] Step 550/10000 | loss=0.5994 | mask=56.28% (active=1364, masked=1756) | no_ctx=0.00 oracle=0.50 real_rag=0.50 | gc=0.00 | rag_trigger=4.00 | rag_emb_grad=5.32e-02
[2026-03-02 20:21:20] Step 560/10000 | loss=0.6977 | lr=3.50e-06 | grad_norm=1.266 | mask=58.73% (active=1101, masked=1567) | no_ctx=0.00 oracle=0.75 real_rag=0.25 | gc=0.00 | rag_trigger=4.00 | rag_emb_grad=8.64e-02
[2026-03-02 20:21:40] Step 570/10000 | loss=0.6757 | mask=60.23% (active=1193, masked=1807) | no_ctx=0.00 oracle=1.00 real_rag=0.00 | gc=0.00 | rag_trigger=4.00 | rag_emb_grad=3.12e-02
[2026-03-02 20:22:02] Step 580/10000 | loss=0.7305 | mask=50.80% (active=1287, masked=1329) | no_ctx=0.00 oracle=0.75 real_rag=0.25 | gc=0.00 | rag_trigger=4.00 | rag_emb_grad=4.10e-02
[2026-03-02 20:22:23] Step 590/10000 | loss=0.6483 | mask=72.26% (active=1166, masked=3038) | no_ctx=0.00 oracle=0.25 real_rag=0.75 | gc=0.00 | rag_trigger=4.00 | rag_emb_grad=7.71e-02
[2026-03-02 20:22:43] Step 600/10000 | loss=0.6575 | lr=3.75e-06 | grad_norm=1.070 | mask=59.31% (active=1154, masked=1682) | no_ctx=0.00 oracle=0.50 real_rag=0.50 | gc=0.00 | rag_trigger=4.00 | rag_emb_grad=5.49e-02
[2026-03-02 20:23:03] Step 610/10000 | loss=0.6688 | mask=64.55% (active=950, masked=1730) | no_ctx=0.00 oracle=0.75 real_rag=0.25 | gc=0.00 | rag_trigger=4.00 | rag_emb_grad=2.94e-02
[2026-03-02 20:23:25] Step 620/10000 | loss=0.5976 | mask=56.49% (active=1173, masked=1523) | no_ctx=0.00 oracle=0.25 real_rag=0.75 | gc=0.00 | rag_trigger=4.00 | rag_emb_grad=4.42e-02
[2026-03-02 20:23:47] Step 630/10000 | loss=0.6973 | mask=61.37% (active=1145, masked=1819) | no_ctx=0.00 oracle=0.75 real_rag=0.25 | gc=0.00 | rag_trigger=4.00 | rag_emb_grad=4.44e-02
[2026-03-02 20:24:07] Step 640/10000 | loss=0.6088 | lr=4.00e-06 | grad_norm=1.180 | mask=61.53% (active=1288, masked=2060) | no_ctx=0.00 oracle=0.50 real_rag=0.50 | gc=0.00 | rag_trigger=4.00 | rag_emb_grad=6.93e-02
[2026-03-02 20:24:29] Step 650/10000 | loss=0.7177 | mask=52.73% (active=1590, masked=1774) | no_ctx=0.00 oracle=0.75 real_rag=0.25 | gc=0.00 | rag_trigger=4.00 | rag_emb_grad=3.05e-02
[2026-03-02 20:24:50] Step 660/10000 | loss=0.6540 | mask=52.90% (active=1590, masked=1786) | no_ctx=0.00 oracle=0.75 real_rag=0.25 | gc=0.00 | rag_trigger=4.00 | rag_emb_grad=4.27e-02
[2026-03-02 20:25:11] Step 670/10000 | loss=0.5914 | mask=50.70% (active=1767, masked=1817) | no_ctx=0.00 oracle=0.75 real_rag=0.25 | gc=0.00 | rag_trigger=4.00 | rag_emb_grad=6.49e-02
[2026-03-02 20:25:30] Step 680/10000 | loss=0.6169 | lr=4.25e-06 | grad_norm=1.062 | mask=58.52% (active=1057, masked=1491) | no_ctx=0.00 oracle=0.75 real_rag=0.25 | gc=0.00 | rag_trigger=4.00 | rag_emb_grad=6.30e-02
[2026-03-02 20:25:49] Step 690/10000 | loss=0.5880 | mask=53.63% (active=1365, masked=1579) | no_ctx=0.00 oracle=0.25 real_rag=0.75 | gc=0.00 | rag_trigger=4.00 | rag_emb_grad=1.88e-02
[2026-03-02 20:26:11] Step 700/10000 | loss=0.6757 | mask=60.80% (active=1231, masked=1909) | no_ctx=0.00 oracle=0.75 real_rag=0.25 | gc=0.00 | rag_trigger=4.00 | rag_emb_grad=2.82e-02
[2026-03-02 20:26:32] Step 710/10000 | loss=0.7025 | mask=63.48% (active=1271, masked=2209) | no_ctx=0.00 oracle=0.50 real_rag=0.50 | gc=0.00 | rag_trigger=4.00 | rag_emb_grad=4.35e-02
[2026-03-02 20:26:54] Step 720/10000 | loss=0.5999 | lr=4.50e-06 | grad_norm=1.023 | mask=59.63% (active=1639, masked=2421) | no_ctx=0.00 oracle=0.50 real_rag=0.50 | gc=0.00 | rag_trigger=4.00 | rag_emb_grad=5.10e-02
[2026-03-02 20:27:15] Step 730/10000 | loss=0.6557 | mask=55.19% (active=1156, masked=1424) | no_ctx=0.00 oracle=0.50 real_rag=0.50 | gc=0.00 | rag_trigger=4.00 | rag_emb_grad=4.64e-02
[2026-03-02 20:27:34] Step 740/10000 | loss=0.5966 | mask=65.30% (active=966, masked=1818) | no_ctx=0.00 oracle=0.50 real_rag=0.50 | gc=0.00 | rag_trigger=4.00 | rag_emb_grad=4.17e-02
[2026-03-02 20:27:56] Step 750/10000 | loss=0.5943 | mask=54.60% (active=1489, masked=1791) | no_ctx=0.00 oracle=0.50 real_rag=0.50 | gc=0.00 | rag_trigger=4.00 | rag_emb_grad=3.91e-02
[2026-03-02 20:28:19] Step 760/10000 | loss=0.6407 | lr=4.75e-06 | grad_norm=0.969 | mask=57.07% (active=1343, masked=1785) | no_ctx=0.00 oracle=0.75 real_rag=0.25 | gc=0.00 | rag_trigger=4.00 | rag_emb_grad=5.25e-02
[2026-03-02 20:28:40] Step 770/10000 | loss=0.5536 | mask=64.42% (active=2025, masked=3667) | no_ctx=0.00 oracle=1.00 real_rag=0.00 | gc=0.00 | rag_trigger=4.00 | rag_emb_grad=1.68e-02
[2026-03-02 20:29:00] Step 780/10000 | loss=0.5537 | mask=59.75% (active=1040, masked=1544) | no_ctx=0.00 oracle=1.00 real_rag=0.00 | gc=0.00 | rag_trigger=4.00 | rag_emb_grad=3.15e-02
[2026-03-02 20:29:20] Step 790/10000 | loss=0.6048 | mask=58.78% (active=1202, masked=1714) | no_ctx=0.00 oracle=0.25 real_rag=0.75 | gc=0.00 | rag_trigger=4.00 | rag_emb_grad=4.35e-02
[2026-03-02 20:29:43] Step 800/10000 | loss=0.7064 | lr=5.00e-06 | grad_norm=1.023 | mask=61.16% (active=1423, masked=2241) | no_ctx=0.00 oracle=1.00 real_rag=0.00 | gc=0.00 | rag_trigger=4.00 | rag_emb_grad=5.44e-02
[2026-03-02 20:30:02] Step 810/10000 | loss=0.5838 | mask=64.73% (active=927, masked=1701) | no_ctx=0.00 oracle=0.75 real_rag=0.25 | gc=0.00 | rag_trigger=4.00 | rag_emb_grad=2.91e-02
[2026-03-02 20:30:24] Step 820/10000 | loss=0.6510 | mask=56.63% (active=1355, masked=1769) | no_ctx=0.00 oracle=0.75 real_rag=0.25 | gc=0.00 | rag_trigger=4.00 | rag_emb_grad=2.66e-02
[2026-03-02 20:30:44] Step 830/10000 | loss=0.6185 | mask=56.98% (active=1215, masked=1609) | no_ctx=0.00 oracle=1.00 real_rag=0.00 | gc=0.00 | rag_trigger=4.00 | rag_emb_grad=4.20e-02
[2026-03-02 20:31:06] Step 840/10000 | loss=0.6663 | lr=5.25e-06 | grad_norm=0.973 | mask=62.42% (active=1601, masked=2659) | no_ctx=0.00 oracle=0.50 real_rag=0.50 | gc=0.00 | rag_trigger=4.00 | rag_emb_grad=3.83e-02
[2026-03-02 20:31:28] Step 850/10000 | loss=0.6785 | mask=66.38% (active=1381, masked=2727) | no_ctx=0.00 oracle=1.00 real_rag=0.00 | gc=0.00 | rag_trigger=4.00 | rag_emb_grad=2.03e-02
[2026-03-02 20:31:48] Step 860/10000 | loss=0.6050 | mask=56.99% (active=1237, masked=1639) | no_ctx=0.00 oracle=0.50 real_rag=0.50 | gc=0.00 | rag_trigger=4.00 | rag_emb_grad=3.20e-02
[2026-03-02 20:32:09] Step 870/10000 | loss=0.7027 | mask=56.84% (active=1193, masked=1571) | no_ctx=0.00 oracle=0.50 real_rag=0.50 | gc=0.00 | rag_trigger=4.00 | rag_emb_grad=2.91e-02
[2026-03-02 20:32:30] Step 880/10000 | loss=0.6229 | lr=5.50e-06 | grad_norm=1.078 | mask=58.07% (active=1414, masked=1958) | no_ctx=0.00 oracle=0.75 real_rag=0.25 | gc=0.00 | rag_trigger=4.00 | rag_emb_grad=3.11e-02
[2026-03-02 20:32:52] Step 890/10000 | loss=0.6127 | mask=55.29% (active=1824, masked=2256) | no_ctx=0.00 oracle=1.00 real_rag=0.00 | gc=0.00 | rag_trigger=4.00 | rag_emb_grad=1.45e-02
[2026-03-02 20:33:13] Step 900/10000 | loss=0.6234 | mask=66.78% (active=1148, masked=2308) | no_ctx=0.00 oracle=0.75 real_rag=0.25 | gc=0.00 | rag_trigger=4.00 | rag_emb_grad=2.58e-02
[2026-03-02 20:33:36] Step 910/10000 | loss=0.6613 | mask=50.53% (active=1399, masked=1429) | no_ctx=0.00 oracle=0.75 real_rag=0.25 | gc=0.00 | rag_trigger=4.00 | rag_emb_grad=2.82e-02
[2026-03-02 20:33:58] Step 920/10000 | loss=0.6280 | lr=5.75e-06 | grad_norm=0.969 | mask=56.50% (active=1594, masked=2070) | no_ctx=0.00 oracle=0.25 real_rag=0.75 | gc=0.00 | rag_trigger=4.00 | rag_emb_grad=3.52e-02
[2026-03-02 20:34:19] Step 930/10000 | loss=0.5219 | mask=64.17% (active=794, masked=1422) | no_ctx=0.00 oracle=0.75 real_rag=0.25 | gc=0.00 | rag_trigger=4.00 | rag_emb_grad=2.17e-02
[2026-03-02 20:34:39] Step 940/10000 | loss=0.6495 | mask=53.77% (active=1690, masked=1966) | no_ctx=0.00 oracle=1.00 real_rag=0.00 | gc=0.00 | rag_trigger=4.00 | rag_emb_grad=2.60e-02
[2026-03-02 20:34:59] Step 950/10000 | loss=0.5248 | mask=62.43% (active=1617, masked=2687) | no_ctx=0.00 oracle=0.50 real_rag=0.50 | gc=0.00 | rag_trigger=4.00 | rag_emb_grad=4.20e-02
[2026-03-02 20:35:20] Step 960/10000 | loss=0.6086 | lr=6.00e-06 | grad_norm=0.996 | mask=61.60% (active=1189, masked=1907) | no_ctx=0.00 oracle=0.75 real_rag=0.25 | gc=0.00 | rag_trigger=4.00 | rag_emb_grad=3.27e-02
[2026-03-02 20:35:41] Step 970/10000 | loss=0.5624 | mask=57.47% (active=1434, masked=1938) | no_ctx=0.00 oracle=0.75 real_rag=0.25 | gc=0.00 | rag_trigger=4.00 | rag_emb_grad=1.95e-02
[2026-03-02 20:36:03] Step 980/10000 | loss=0.6127 | mask=59.83% (active=1700, masked=2532) | no_ctx=0.00 oracle=0.75 real_rag=0.25 | gc=0.00 | rag_trigger=4.00 | rag_emb_grad=3.22e-02
[2026-03-02 20:36:22] Step 990/10000 | loss=0.6396 | mask=50.20% (active=1522, masked=1534) | no_ctx=0.00 oracle=0.75 real_rag=0.25 | gc=0.00 | rag_trigger=4.00 | rag_emb_grad=4.10e-02
[2026-03-02 20:36:43] Step 1000/10000 | loss=0.6764 | lr=6.25e-06 | grad_norm=0.980 | mask=58.67% (active=1673, masked=2375) | no_ctx=0.00 oracle=0.50 real_rag=0.50 | gc=0.00 | rag_trigger=4.00 | rag_emb_grad=4.22e-02
[2026-03-02 20:37:22] Saved: results/rag_oracle_20260302_195748/P14_rag_token_oracle07_noctx0_70b/checkpoints/step_1000
[2026-03-02 20:37:40] Step 1010/10000 | loss=0.5279 | mask=65.81% (active=971, masked=1869) | no_ctx=0.00 oracle=0.25 real_rag=0.75 | gc=0.00 | rag_trigger=4.00 | rag_emb_grad=1.83e-02
[2026-03-02 20:38:03] Step 1020/10000 | loss=0.5929 | mask=60.58% (active=1446, masked=2222) | no_ctx=0.00 oracle=0.75 real_rag=0.25 | gc=0.00 | rag_trigger=4.00 | rag_emb_grad=2.69e-02
[2026-03-02 20:38:23] Step 1030/10000 | loss=0.5884 | mask=63.43% (active=1764, masked=3060) | no_ctx=0.00 oracle=1.00 real_rag=0.00 | gc=0.00 | rag_trigger=4.00 | rag_emb_grad=2.70e-02
[2026-03-02 20:38:43] Step 1040/10000 | loss=0.6800 | lr=6.50e-06 | grad_norm=1.016 | mask=56.64% (active=1202, masked=1570) | no_ctx=0.00 oracle=0.75 real_rag=0.25 | gc=0.00 | rag_trigger=4.00 | rag_emb_grad=4.61e-02
[2026-03-02 20:39:05] Step 1050/10000 | loss=0.6346 | mask=51.79% (active=1911, masked=2053) | no_ctx=0.00 oracle=0.50 real_rag=0.50 | gc=0.00 | rag_trigger=4.00 | rag_emb_grad=1.43e-02
[2026-03-02 20:39:26] Step 1060/10000 | loss=0.5108 | mask=56.02% (active=1395, masked=1777) | no_ctx=0.00 oracle=1.00 real_rag=0.00 | gc=0.00 | rag_trigger=4.00 | rag_emb_grad=2.28e-02
[2026-03-02 20:39:48] Step 1070/10000 | loss=0.5926 | mask=59.88% (active=1380, masked=2060) | no_ctx=0.00 oracle=1.00 real_rag=0.00 | gc=0.00 | rag_trigger=4.00 | rag_emb_grad=2.87e-02
[2026-03-02 20:40:08] Step 1080/10000 | loss=0.6052 | lr=6.75e-06 | grad_norm=1.008 | mask=57.97% (active=1340, masked=1848) | no_ctx=0.00 oracle=0.75 real_rag=0.25 | gc=0.00 | rag_trigger=4.00 | rag_emb_grad=4.71e-02
[2026-03-02 20:40:30] Step 1090/10000 | loss=0.6791 | mask=56.67% (active=1482, masked=1938) | no_ctx=0.00 oracle=1.00 real_rag=0.00 | gc=0.00 | rag_trigger=4.00 | rag_emb_grad=1.43e-02
[2026-03-02 20:40:50] Step 1100/10000 | loss=0.6668 | mask=57.23% (active=1391, masked=1861) | no_ctx=0.00 oracle=0.50 real_rag=0.50 | gc=0.00 | rag_trigger=4.00 | rag_emb_grad=2.73e-02
[2026-03-02 20:41:10] Step 1110/10000 | loss=0.5816 | mask=60.77% (active=1326, masked=2054) | no_ctx=0.00 oracle=0.25 real_rag=0.75 | gc=0.00 | rag_trigger=4.00 | rag_emb_grad=3.00e-02
[2026-03-02 20:41:32] Step 1120/10000 | loss=0.6147 | lr=7.00e-06 | grad_norm=0.910 | mask=60.88% (active=1676, masked=2608) | no_ctx=0.00 oracle=0.50 real_rag=0.50 | gc=0.00 | rag_trigger=4.00 | rag_emb_grad=2.39e-02
[2026-03-02 20:41:51] Step 1130/10000 | loss=0.5323 | mask=60.04% (active=900, masked=1352) | no_ctx=0.00 oracle=0.75 real_rag=0.25 | gc=0.00 | rag_trigger=4.00 | rag_emb_grad=2.29e-02
[2026-03-02 20:42:13] Step 1140/10000 | loss=0.5875 | mask=56.36% (active=1351, masked=1745) | no_ctx=0.00 oracle=0.50 real_rag=0.50 | gc=0.00 | rag_trigger=4.00 | rag_emb_grad=2.67e-02
[2026-03-02 20:42:32] Step 1150/10000 | loss=0.5802 | mask=58.14% (active=1450, masked=2014) | no_ctx=0.00 oracle=0.75 real_rag=0.25 | gc=0.00 | rag_trigger=4.00 | rag_emb_grad=3.34e-02
[2026-03-02 20:42:54] Step 1160/10000 | loss=0.6183 | lr=7.25e-06 | grad_norm=0.875 | mask=59.05% (active=1551, masked=2237) | no_ctx=0.00 oracle=1.00 real_rag=0.00 | gc=0.00 | rag_trigger=4.00 | rag_emb_grad=2.59e-02
[2026-03-02 20:43:16] Step 1170/10000 | loss=0.6888 | mask=63.71% (active=1273, masked=2235) | no_ctx=0.00 oracle=1.00 real_rag=0.00 | gc=0.00 | rag_trigger=4.00 | rag_emb_grad=1.82e-02
[2026-03-02 20:43:38] Step 1180/10000 | loss=0.6509 | mask=57.10% (active=1383, masked=1841) | no_ctx=0.00 oracle=0.50 real_rag=0.50 | gc=0.00 | rag_trigger=4.00 | rag_emb_grad=2.03e-02
[2026-03-02 20:43:59] Step 1190/10000 | loss=0.5768 | mask=57.66% (active=1475, masked=2009) | no_ctx=0.00 oracle=0.75 real_rag=0.25 | gc=0.00 | rag_trigger=4.00 | rag_emb_grad=2.87e-02
[2026-03-02 20:44:21] Step 1200/10000 | loss=0.6251 | lr=7.50e-06 | grad_norm=0.957 | mask=70.28% (active=1033, masked=2443) | no_ctx=0.00 oracle=1.00 real_rag=0.00 | gc=0.00 | rag_trigger=4.00 | rag_emb_grad=3.76e-02
[2026-03-02 20:44:41] Step 1210/10000 | loss=0.5602 | mask=56.05% (active=1060, masked=1352) | no_ctx=0.00 oracle=0.25 real_rag=0.75 | gc=0.00 | rag_trigger=4.00 | rag_emb_grad=1.54e-02
[2026-03-02 20:45:04] Step 1220/10000 | loss=0.5876 | mask=62.28% (active=1515, masked=2501) | no_ctx=0.00 oracle=0.75 real_rag=0.25 | gc=0.00 | rag_trigger=4.00 | rag_emb_grad=1.88e-02
[2026-03-02 20:45:23] Step 1230/10000 | loss=0.5556 | mask=60.54% (active=985, masked=1511) | no_ctx=0.00 oracle=0.25 real_rag=0.75 | gc=0.00 | rag_trigger=4.00 | rag_emb_grad=2.97e-02
[2026-03-02 20:45:44] Step 1240/10000 | loss=0.5972 | lr=7.75e-06 | grad_norm=1.039 | mask=61.93% (active=1535, masked=2497) | no_ctx=0.00 oracle=0.75 real_rag=0.25 | gc=0.00 | rag_trigger=4.00 | rag_emb_grad=3.59e-02
[2026-03-02 20:46:03] Step 1250/10000 | loss=0.5805 | mask=60.69% (active=1096, masked=1692) | no_ctx=0.00 oracle=0.25 real_rag=0.75 | gc=0.00 | rag_trigger=4.00 | rag_emb_grad=1.45e-02
[2026-03-02 20:46:26] Step 1260/10000 | loss=0.6193 | mask=57.33% (active=1357, masked=1823) | no_ctx=0.00 oracle=0.50 real_rag=0.50 | gc=0.00 | rag_trigger=4.00 | rag_emb_grad=1.93e-02
[2026-03-02 20:46:48] Step 1270/10000 | loss=0.6080 | mask=56.03% (active=1685, masked=2147) | no_ctx=0.00 oracle=0.25 real_rag=0.75 | gc=0.00 | rag_trigger=4.00 | rag_emb_grad=2.09e-02
[2026-03-02 20:47:08] Step 1280/10000 | loss=0.5114 | lr=8.00e-06 | grad_norm=1.016 | mask=52.00% (active=1486, masked=1610) | no_ctx=0.00 oracle=0.75 real_rag=0.25 | gc=0.00 | rag_trigger=4.00 | rag_emb_grad=3.10e-02
[2026-03-02 20:47:29] Step 1290/10000 | loss=0.5456 | mask=64.52% (active=880, masked=1600) | no_ctx=0.00 oracle=0.50 real_rag=0.50 | gc=0.00 | rag_trigger=4.00 | rag_emb_grad=1.30e-02
[2026-03-02 20:47:49] Step 1300/10000 | loss=0.5099 | mask=54.79% (active=1132, masked=1372) | no_ctx=0.00 oracle=0.50 real_rag=0.50 | gc=0.00 | rag_trigger=4.00 | rag_emb_grad=1.93e-02
[2026-03-02 20:48:14] Step 1310/10000 | loss=0.6659 | mask=66.27% (active=1456, masked=2860) | no_ctx=0.00 oracle=0.75 real_rag=0.25 | gc=0.00 | rag_trigger=4.00 | rag_emb_grad=2.39e-02
[2026-03-02 20:48:33] Step 1320/10000 | loss=0.5082 | lr=8.25e-06 | grad_norm=0.910 | mask=56.74% (active=1258, masked=1650) | no_ctx=0.00 oracle=1.00 real_rag=0.00 | gc=0.00 | rag_trigger=4.00 | rag_emb_grad=3.32e-02
[2026-03-02 20:48:56] Step 1330/10000 | loss=0.7228 | mask=58.22% (active=1424, masked=1984) | no_ctx=0.00 oracle=0.75 real_rag=0.25 | gc=0.00 | rag_trigger=4.00 | rag_emb_grad=1.92e-02
[2026-03-02 20:49:16] Step 1340/10000 | loss=0.5734 | mask=64.03% (active=1302, masked=2318) | no_ctx=0.00 oracle=0.25 real_rag=0.75 | gc=0.00 | rag_trigger=4.00 | rag_emb_grad=2.44e-02
[2026-03-02 20:49:37] Step 1350/10000 | loss=0.5475 | mask=62.75% (active=1347, masked=2269) | no_ctx=0.00 oracle=0.75 real_rag=0.25 | gc=0.00 | rag_trigger=4.00 | rag_emb_grad=3.54e-02
[2026-03-02 20:49:57] Step 1360/10000 | loss=0.5600 | lr=8.50e-06 | grad_norm=0.906 | mask=52.26% (active=1308, masked=1432) | no_ctx=0.00 oracle=0.50 real_rag=0.50 | gc=0.00 | rag_trigger=4.00 | rag_emb_grad=3.47e-02
[2026-03-02 20:50:17] Step 1370/10000 | loss=0.6526 | mask=53.25% (active=1496, masked=1704) | no_ctx=0.00 oracle=1.00 real_rag=0.00 | gc=0.00 | rag_trigger=4.00 | rag_emb_grad=1.54e-02
[2026-03-02 20:50:38] Step 1380/10000 | loss=0.6265 | mask=49.35% (active=1641, masked=1599) | no_ctx=0.00 oracle=1.00 real_rag=0.00 | gc=0.00 | rag_trigger=4.00 | rag_emb_grad=2.51e-02
[2026-03-02 20:51:00] Step 1390/10000 | loss=0.6394 | mask=59.20% (active=1965, masked=2851) | no_ctx=0.00 oracle=0.50 real_rag=0.50 | gc=0.00 | rag_trigger=4.00 | rag_emb_grad=2.84e-02
[2026-03-02 20:51:21] Step 1400/10000 | loss=0.5625 | lr=8.75e-06 | grad_norm=0.961 | mask=64.31% (active=1496, masked=2696) | no_ctx=0.00 oracle=0.50 real_rag=0.50 | gc=0.00 | rag_trigger=4.00 | rag_emb_grad=3.20e-02
[2026-03-02 20:51:41] Step 1410/10000 | loss=0.6378 | mask=51.74% (active=1579, masked=1693) | no_ctx=0.00 oracle=1.00 real_rag=0.00 | gc=0.00 | rag_trigger=4.00 | rag_emb_grad=2.25e-02
[2026-03-02 20:52:00] Step 1420/10000 | loss=0.5374 | mask=53.92% (active=1585, masked=1855) | no_ctx=0.00 oracle=0.50 real_rag=0.50 | gc=0.00 | rag_trigger=4.00 | rag_emb_grad=2.17e-02
[2026-03-02 20:52:21] Step 1430/10000 | loss=0.6055 | mask=52.13% (active=1396, masked=1520) | no_ctx=0.00 oracle=0.50 real_rag=0.50 | gc=0.00 | rag_trigger=4.00 | rag_emb_grad=2.11e-02
[2026-03-02 20:52:43] Step 1440/10000 | loss=0.6531 | lr=9.00e-06 | grad_norm=0.941 | mask=59.43% (active=1157, masked=1695) | no_ctx=0.00 oracle=0.75 real_rag=0.25 | gc=0.00 | rag_trigger=4.00 | rag_emb_grad=2.49e-02
[2026-03-02 20:53:04] Step 1450/10000 | loss=0.5687 | mask=63.83% (active=1425, masked=2515) | no_ctx=0.00 oracle=0.50 real_rag=0.50 | gc=0.00 | rag_trigger=4.00 | rag_emb_grad=1.55e-02
[2026-03-02 20:53:24] Step 1460/10000 | loss=0.5099 | mask=56.36% (active=1421, masked=1835) | no_ctx=0.00 oracle=0.75 real_rag=0.25 | gc=0.00 | rag_trigger=4.00 | rag_emb_grad=1.72e-02
[2026-03-02 20:53:47] Step 1470/10000 | loss=0.6530 | mask=59.65% (active=2016, masked=2980) | no_ctx=0.00 oracle=0.50 real_rag=0.50 | gc=0.00 | rag_trigger=4.00 | rag_emb_grad=2.40e-02
[2026-03-02 20:54:09] Step 1480/10000 | loss=0.6158 | lr=9.25e-06 | grad_norm=0.957 | mask=60.70% (active=1775, masked=2741) | no_ctx=0.00 oracle=0.75 real_rag=0.25 | gc=0.00 | rag_trigger=4.00 | rag_emb_grad=3.71e-02
[2026-03-02 20:54:30] Step 1490/10000 | loss=0.6305 | mask=65.62% (active=1305, masked=2491) | no_ctx=0.00 oracle=0.50 real_rag=0.50 | gc=0.00 | rag_trigger=4.00 | rag_emb_grad=1.60e-02
[2026-03-02 20:54:51] Step 1500/10000 | loss=0.6415 | mask=59.70% (active=1346, masked=1994) | no_ctx=0.00 oracle=1.00 real_rag=0.00 | gc=0.00 | rag_trigger=4.00 | rag_emb_grad=1.92e-02
[2026-03-02 20:55:26] Saved: results/rag_oracle_20260302_195748/P14_rag_token_oracle07_noctx0_70b/checkpoints/step_1500
[2026-03-02 20:55:47] Step 1510/10000 | loss=0.5743 | mask=60.15% (active=1613, masked=2435) | no_ctx=0.00 oracle=0.50 real_rag=0.50 | gc=0.00 | rag_trigger=4.00 | rag_emb_grad=3.49e-02
[2026-03-02 20:56:10] Step 1520/10000 | loss=0.6626 | lr=9.50e-06 | grad_norm=1.148 | mask=61.58% (active=1695, masked=2717) | no_ctx=0.00 oracle=0.50 real_rag=0.50 | gc=0.00 | rag_trigger=4.00 | rag_emb_grad=3.17e-02
[2026-03-02 20:56:30] Step 1530/10000 | loss=0.5823 | mask=63.83% (active=1010, masked=1782) | no_ctx=0.00 oracle=0.75 real_rag=0.25 | gc=0.00 | rag_trigger=4.00 | rag_emb_grad=1.39e-02
[2026-03-02 20:56:52] Step 1540/10000 | loss=0.6009 | mask=62.97% (active=936, masked=1592) | no_ctx=0.00 oracle=0.50 real_rag=0.50 | gc=0.00 | rag_trigger=4.00 | rag_emb_grad=2.12e-02
[2026-03-02 20:57:14] Step 1550/10000 | loss=0.5625 | mask=71.36% (active=1455, masked=3625) | no_ctx=0.00 oracle=0.75 real_rag=0.25 | gc=0.00 | rag_trigger=4.00 | rag_emb_grad=2.28e-02
[2026-03-02 20:57:34] Step 1560/10000 | loss=0.5342 | lr=9.75e-06 | grad_norm=0.965 | mask=57.58% (active=1208, masked=1640) | no_ctx=0.00 oracle=1.00 real_rag=0.00 | gc=0.00 | rag_trigger=4.00 | rag_emb_grad=3.81e-02
[2026-03-02 20:57:57] Step 1570/10000 | loss=0.6264 | mask=52.46% (active=1989, masked=2195) | no_ctx=0.00 oracle=0.50 real_rag=0.50 | gc=0.00 | rag_trigger=4.00 | rag_emb_grad=8.06e-03
[2026-03-02 20:58:19] Step 1580/10000 | loss=0.6054 | mask=55.23% (active=1112, masked=1372) | no_ctx=0.00 oracle=0.75 real_rag=0.25 | gc=0.00 | rag_trigger=4.00 | rag_emb_grad=1.68e-02
[2026-03-02 20:58:40] Step 1590/10000 | loss=0.6152 | mask=63.56% (active=1290, masked=2250) | no_ctx=0.00 oracle=0.50 real_rag=0.50 | gc=0.00 | rag_trigger=4.00 | rag_emb_grad=3.54e-02
[2026-03-02 20:59:02] Step 1600/10000 | loss=0.4470 | lr=1.00e-05 | grad_norm=0.875 | mask=62.36% (active=1042, masked=1726) | no_ctx=0.00 oracle=0.50 real_rag=0.50 | gc=0.00 | rag_trigger=4.00 | rag_emb_grad=2.31e-02
[2026-03-02 20:59:24] Step 1610/10000 | loss=0.6163 | mask=51.02% (active=1975, masked=2057) | no_ctx=0.00 oracle=0.25 real_rag=0.75 | gc=0.00 | rag_trigger=4.00 | rag_emb_grad=1.29e-02
[2026-03-02 20:59:44] Step 1620/10000 | loss=0.5101 | mask=53.65% (active=1359, masked=1573) | no_ctx=0.00 oracle=0.50 real_rag=0.50 | gc=0.00 | rag_trigger=4.00 | rag_emb_grad=1.81e-02
[2026-03-02 21:00:04] Step 1630/10000 | loss=0.5469 | mask=53.78% (active=1346, masked=1566) | no_ctx=0.00 oracle=1.00 real_rag=0.00 | gc=0.00 | rag_trigger=4.00 | rag_emb_grad=2.38e-02
[2026-03-02 21:00:23] Step 1640/10000 | loss=0.5131 | lr=1.00e-05 | grad_norm=0.988 | mask=63.08% (active=1106, masked=1890) | no_ctx=0.00 oracle=0.75 real_rag=0.25 | gc=0.00 | rag_trigger=4.00 | rag_emb_grad=3.30e-02
[2026-03-02 21:00:43] Step 1650/10000 | loss=0.5273 | mask=60.48% (active=1293, masked=1979) | no_ctx=0.00 oracle=0.75 real_rag=0.25 | gc=0.00 | rag_trigger=4.00 | rag_emb_grad=1.55e-02
[2026-03-02 21:01:04] Step 1660/10000 | loss=0.5944 | mask=66.66% (active=1123, masked=2245) | no_ctx=0.00 oracle=1.00 real_rag=0.00 | gc=0.00 | rag_trigger=4.00 | rag_emb_grad=2.44e-02
[2026-03-02 21:01:25] Step 1670/10000 | loss=0.5878 | mask=65.99% (active=1540, masked=2988) | no_ctx=0.00 oracle=0.50 real_rag=0.50 | gc=0.00 | rag_trigger=4.00 | rag_emb_grad=3.49e-02
[2026-03-02 21:01:46] Step 1680/10000 | loss=0.5629 | lr=1.00e-05 | grad_norm=0.871 | mask=53.12% (active=2031, masked=2301) | no_ctx=0.00 oracle=0.50 real_rag=0.50 | gc=0.00 | rag_trigger=4.00 | rag_emb_grad=2.84e-02
[2026-03-02 21:02:07] Step 1690/10000 | loss=0.5289 | mask=59.80% (active=1494, masked=2222) | no_ctx=0.00 oracle=1.00 real_rag=0.00 | gc=0.00 | rag_trigger=4.00 | rag_emb_grad=1.36e-02
[2026-03-02 21:02:27] Step 1700/10000 | loss=0.6054 | mask=62.22% (active=1283, masked=2113) | no_ctx=0.00 oracle=0.75 real_rag=0.25 | gc=0.00 | rag_trigger=4.00 | rag_emb_grad=2.27e-02
[2026-03-02 21:02:48] Step 1710/10000 | loss=0.5993 | mask=64.68% (active=1417, masked=2595) | no_ctx=0.00 oracle=0.50 real_rag=0.50 | gc=0.00 | rag_trigger=4.00 | rag_emb_grad=2.01e-02
[2026-03-02 21:03:09] Step 1720/10000 | loss=0.6003 | lr=1.00e-05 | grad_norm=0.941 | mask=54.59% (active=1446, masked=1738) | no_ctx=0.00 oracle=0.25 real_rag=0.75 | gc=0.00 | rag_trigger=4.00 | rag_emb_grad=2.73e-02
[2026-03-02 21:03:31] Step 1730/10000 | loss=0.5897 | mask=52.65% (active=1161, masked=1291) | no_ctx=0.00 oracle=0.50 real_rag=0.50 | gc=0.00 | rag_trigger=4.00 | rag_emb_grad=9.89e-03
[2026-03-02 21:03:51] Step 1740/10000 | loss=0.6029 | mask=66.21% (active=980, masked=1920) | no_ctx=0.00 oracle=0.50 real_rag=0.50 | gc=0.00 | rag_trigger=4.00 | rag_emb_grad=2.81e-02
[2026-03-02 21:04:12] Step 1750/10000 | loss=0.5584 | mask=47.68% (active=1578, masked=1438) | no_ctx=0.00 oracle=0.75 real_rag=0.25 | gc=0.00 | rag_trigger=4.00 | rag_emb_grad=3.22e-02
[2026-03-02 21:04:33] Step 1760/10000 | loss=0.4633 | lr=1.00e-05 | grad_norm=1.273 | mask=55.69% (active=1455, masked=1829) | no_ctx=0.00 oracle=0.50 real_rag=0.50 | gc=0.00 | rag_trigger=4.00 | rag_emb_grad=4.42e-02
[2026-03-02 21:04:54] Step 1770/10000 | loss=0.6303 | mask=55.98% (active=1326, masked=1686) | no_ctx=0.00 oracle=1.00 real_rag=0.00 | gc=0.00 | rag_trigger=4.00 | rag_emb_grad=1.09e-02
[2026-03-02 21:05:14] Step 1780/10000 | loss=0.5547 | mask=58.92% (active=981, masked=1407) | no_ctx=0.00 oracle=0.75 real_rag=0.25 | gc=0.00 | rag_trigger=4.00 | rag_emb_grad=1.45e-02
[2026-03-02 21:05:33] Step 1790/10000 | loss=0.4756 | mask=57.78% (active=1405, masked=1923) | no_ctx=0.00 oracle=1.00 real_rag=0.00 | gc=0.00 | rag_trigger=4.00 | rag_emb_grad=2.14e-02
[2026-03-02 21:05:56] Step 1800/10000 | loss=0.5484 | lr=1.00e-05 | grad_norm=1.039 | mask=56.78% (active=1549, masked=2035) | no_ctx=0.00 oracle=0.75 real_rag=0.25 | gc=0.00 | rag_trigger=4.00 | rag_emb_grad=3.86e-02
[2026-03-02 21:06:17] Step 1810/10000 | loss=0.5640 | mask=49.71% (active=1563, masked=1545) | no_ctx=0.00 oracle=0.50 real_rag=0.50 | gc=0.00 | rag_trigger=4.00 | rag_emb_grad=1.42e-02
[2026-03-02 21:06:38] Step 1820/10000 | loss=0.5122 | mask=61.32% (active=2084, masked=3304) | no_ctx=0.00 oracle=0.75 real_rag=0.25 | gc=0.00 | rag_trigger=4.00 | rag_emb_grad=2.17e-02
[2026-03-02 21:06:59] Step 1830/10000 | loss=0.5379 | mask=57.96% (active=1352, masked=1864) | no_ctx=0.00 oracle=1.00 real_rag=0.00 | gc=0.00 | rag_trigger=4.00 | rag_emb_grad=2.73e-02
[2026-03-02 21:07:19] Step 1840/10000 | loss=0.5562 | lr=1.00e-05 | grad_norm=0.898 | mask=53.45% (active=1469, masked=1687) | no_ctx=0.00 oracle=0.75 real_rag=0.25 | gc=0.00 | rag_trigger=4.00 | rag_emb_grad=3.12e-02
[2026-03-02 21:07:40] Step 1850/10000 | loss=0.4951 | mask=61.33% (active=945, masked=1499) | no_ctx=0.00 oracle=0.50 real_rag=0.50 | gc=0.00 | rag_trigger=4.00 | rag_emb_grad=1.52e-02
[2026-03-02 21:08:02] Step 1860/10000 | loss=0.5707 | mask=56.04% (active=1092, masked=1392) | no_ctx=0.00 oracle=0.75 real_rag=0.25 | gc=0.00 | rag_trigger=4.00 | rag_emb_grad=1.73e-02
[2026-03-02 21:08:24] Step 1870/10000 | loss=0.6240 | mask=58.24% (active=1734, masked=2418) | no_ctx=0.00 oracle=0.75 real_rag=0.25 | gc=0.00 | rag_trigger=4.00 | rag_emb_grad=1.76e-02
[2026-03-02 21:08:47] Step 1880/10000 | loss=0.6167 | lr=1.00e-05 | grad_norm=0.941 | mask=57.17% (active=1552, masked=2072) | no_ctx=0.00 oracle=0.75 real_rag=0.25 | gc=0.00 | rag_trigger=4.00 | rag_emb_grad=3.06e-02
[2026-03-02 21:09:08] Step 1890/10000 | loss=0.5802 | mask=56.57% (active=1242, masked=1618) | no_ctx=0.00 oracle=0.75 real_rag=0.25 | gc=0.00 | rag_trigger=4.00 | rag_emb_grad=1.39e-02
[2026-03-02 21:09:27] Step 1900/10000 | loss=0.5191 | mask=66.74% (active=1071, masked=2149) | no_ctx=0.00 oracle=0.50 real_rag=0.50 | gc=0.00 | rag_trigger=4.00 | rag_emb_grad=1.99e-02
[2026-03-02 21:09:48] Step 1910/10000 | loss=0.5464 | mask=66.34% (active=1877, masked=3699) | no_ctx=0.00 oracle=0.75 real_rag=0.25 | gc=0.00 | rag_trigger=4.00 | rag_emb_grad=2.73e-02
[2026-03-02 21:10:08] Step 1920/10000 | loss=0.4946 | lr=1.00e-05 | grad_norm=0.879 | mask=63.44% (active=1126, masked=1954) | no_ctx=0.00 oracle=0.50 real_rag=0.50 | gc=0.00 | rag_trigger=4.00 | rag_emb_grad=2.50e-02
[2026-03-02 21:10:32] Step 1930/10000 | loss=0.6394 | mask=59.23% (active=1629, masked=2367) | no_ctx=0.00 oracle=0.75 real_rag=0.25 | gc=0.00 | rag_trigger=4.00 | rag_emb_grad=1.35e-02
[2026-03-02 21:10:52] Step 1940/10000 | loss=0.5494 | mask=57.42% (active=1778, masked=2398) | no_ctx=0.00 oracle=0.75 real_rag=0.25 | gc=0.00 | rag_trigger=4.00 | rag_emb_grad=1.99e-02
[2026-03-02 21:11:15] Step 1950/10000 | loss=0.5931 | mask=53.41% (active=1532, masked=1756) | no_ctx=0.00 oracle=0.50 real_rag=0.50 | gc=0.00 | rag_trigger=4.00 | rag_emb_grad=2.86e-02
[2026-03-02 21:11:36] Step 1960/10000 | loss=0.5917 | lr=1.00e-05 | grad_norm=1.188 | mask=57.29% (active=1394, masked=1870) | no_ctx=0.00 oracle=0.75 real_rag=0.25 | gc=0.00 | rag_trigger=4.00 | rag_emb_grad=3.11e-02
[2026-03-02 21:11:55] Step 1970/10000 | loss=0.4448 | mask=56.75% (active=1396, masked=1832) | no_ctx=0.00 oracle=0.75 real_rag=0.25 | gc=0.00 | rag_trigger=4.00 | rag_emb_grad=1.13e-02
[2026-03-02 21:12:17] Step 1980/10000 | loss=0.6157 | mask=61.29% (active=1265, masked=2003) | no_ctx=0.00 oracle=0.50 real_rag=0.50 | gc=0.00 | rag_trigger=4.00 | rag_emb_grad=2.15e-02
[2026-03-02 21:12:39] Step 1990/10000 | loss=0.6105 | mask=61.16% (active=1156, masked=1820) | no_ctx=0.00 oracle=0.75 real_rag=0.25 | gc=0.00 | rag_trigger=4.00 | rag_emb_grad=2.36e-02
[2026-03-02 21:13:02] Step 2000/10000 | loss=0.6533 | lr=1.00e-05 | grad_norm=1.000 | mask=53.42% (active=1485, masked=1703) | no_ctx=0.00 oracle=1.00 real_rag=0.00 | gc=0.00 | rag_trigger=4.00 | rag_emb_grad=1.88e-02
[2026-03-02 21:13:47] Saved: results/rag_oracle_20260302_195748/P14_rag_token_oracle07_noctx0_70b/checkpoints/step_2000
[2026-03-02 21:14:08] Step 2010/10000 | loss=0.6647 | mask=49.91% (active=1693, masked=1687) | no_ctx=0.00 oracle=0.75 real_rag=0.25 | gc=0.00 | rag_trigger=4.00 | rag_emb_grad=1.59e-02
[2026-03-02 21:14:31] Step 2020/10000 | loss=0.6011 | mask=58.44% (active=1619, masked=2277) | no_ctx=0.00 oracle=0.75 real_rag=0.25 | gc=0.00 | rag_trigger=4.00 | rag_emb_grad=1.66e-02
[2026-03-02 21:14:50] Step 2030/10000 | loss=0.4990 | mask=57.69% (active=1056, masked=1440) | no_ctx=0.00 oracle=0.75 real_rag=0.25 | gc=0.00 | rag_trigger=4.00 | rag_emb_grad=2.40e-02
[2026-03-02 21:15:11] Step 2040/10000 | loss=0.5981 | lr=1.00e-05 | grad_norm=1.000 | mask=54.55% (active=1429, masked=1715) | no_ctx=0.00 oracle=0.50 real_rag=0.50 | gc=0.00 | rag_trigger=4.00 | rag_emb_grad=2.98e-02
[2026-03-02 21:15:31] Step 2050/10000 | loss=0.5155 | mask=59.82% (active=1019, masked=1517) | no_ctx=0.00 oracle=1.00 real_rag=0.00 | gc=0.00 | rag_trigger=4.00 | rag_emb_grad=1.35e-02
[2026-03-02 21:15:53] Step 2060/10000 | loss=0.6007 | mask=58.11% (active=1503, masked=2085) | no_ctx=0.00 oracle=0.50 real_rag=0.50 | gc=0.00 | rag_trigger=4.00 | rag_emb_grad=2.05e-02
[2026-03-02 21:16:13] Step 2070/10000 | loss=0.5877 | mask=49.39% (active=1834, masked=1790) | no_ctx=0.00 oracle=0.75 real_rag=0.25 | gc=0.00 | rag_trigger=4.00 | rag_emb_grad=3.42e-02
[2026-03-02 21:16:36] Step 2080/10000 | loss=0.5830 | lr=1.00e-05 | grad_norm=0.914 | mask=57.79% (active=1489, masked=2039) | no_ctx=0.00 oracle=1.00 real_rag=0.00 | gc=0.00 | rag_trigger=4.00 | rag_emb_grad=2.65e-02
[2026-03-02 21:16:55] Step 2090/10000 | loss=0.5579 | mask=56.31% (active=1349, masked=1739) | no_ctx=0.00 oracle=0.25 real_rag=0.75 | gc=0.00 | rag_trigger=4.00 | rag_emb_grad=1.31e-02
[2026-03-02 21:17:18] Step 2100/10000 | loss=0.6417 | mask=58.48% (active=1518, masked=2138) | no_ctx=0.00 oracle=0.75 real_rag=0.25 | gc=0.00 | rag_trigger=4.00 | rag_emb_grad=2.66e-02
[2026-03-02 21:17:39] Step 2110/10000 | loss=0.5806 | mask=58.86% (active=1165, masked=1667) | no_ctx=0.00 oracle=1.00 real_rag=0.00 | gc=0.00 | rag_trigger=4.00 | rag_emb_grad=2.26e-02
[2026-03-02 21:18:01] Step 2120/10000 | loss=0.5396 | lr=1.00e-05 | grad_norm=0.887 | mask=62.07% (active=1543, masked=2525) | no_ctx=0.00 oracle=0.50 real_rag=0.50 | gc=0.00 | rag_trigger=4.00 | rag_emb_grad=2.66e-02
[2026-03-02 21:18:23] Step 2130/10000 | loss=0.6045 | mask=56.76% (active=1522, masked=1998) | no_ctx=0.00 oracle=0.75 real_rag=0.25 | gc=0.00 | rag_trigger=4.00 | rag_emb_grad=1.08e-02
[2026-03-02 21:18:45] Step 2140/10000 | loss=0.4639 | mask=66.51% (active=1211, masked=2405) | no_ctx=0.00 oracle=0.50 real_rag=0.50 | gc=0.00 | rag_trigger=4.00 | rag_emb_grad=1.68e-02
[2026-03-02 21:19:06] Step 2150/10000 | loss=0.5167 | mask=58.07% (active=1580, masked=2188) | no_ctx=0.00 oracle=0.50 real_rag=0.50 | gc=0.00 | rag_trigger=4.00 | rag_emb_grad=3.71e-02
[2026-03-02 21:19:26] Step 2160/10000 | loss=0.5252 | lr=1.00e-05 | grad_norm=0.922 | mask=60.87% (active=1346, masked=2094) | no_ctx=0.00 oracle=0.25 real_rag=0.75 | gc=0.00 | rag_trigger=4.00 | rag_emb_grad=3.44e-02
[2026-03-02 21:19:45] Step 2170/10000 | loss=0.5170 | mask=63.02% (active=932, masked=1588) | no_ctx=0.00 oracle=0.75 real_rag=0.25 | gc=0.00 | rag_trigger=3.50 | rag_emb_grad=1.21e-02
[2026-03-02 21:20:07] Step 2180/10000 | loss=0.6292 | mask=53.37% (active=1399, masked=1601) | no_ctx=0.00 oracle=0.75 real_rag=0.25 | gc=0.00 | rag_trigger=4.00 | rag_emb_grad=3.10e-02
[2026-03-02 21:20:29] Step 2190/10000 | loss=0.6213 | mask=55.22% (active=1184, masked=1460) | no_ctx=0.00 oracle=0.50 real_rag=0.50 | gc=0.00 | rag_trigger=4.00 | rag_emb_grad=2.75e-02
[2026-03-02 21:20:50] Step 2200/10000 | loss=0.5623 | lr=1.00e-05 | grad_norm=0.895 | mask=61.50% (active=1446, masked=2310) | no_ctx=0.00 oracle=0.75 real_rag=0.25 | gc=0.00 | rag_trigger=4.00 | rag_emb_grad=3.25e-02
[2026-03-02 21:21:12] Step 2210/10000 | loss=0.6398 | mask=66.39% (active=1628, masked=3216) | no_ctx=0.00 oracle=0.75 real_rag=0.25 | gc=0.00 | rag_trigger=4.00 | rag_emb_grad=1.06e-02
[2026-03-02 21:21:31] Step 2220/10000 | loss=0.5381 | mask=55.01% (active=1267, masked=1549) | no_ctx=0.00 oracle=0.50 real_rag=0.50 | gc=0.00 | rag_trigger=4.00 | rag_emb_grad=1.86e-02
[2026-03-02 21:21:52] Step 2230/10000 | loss=0.6082 | mask=52.56% (active=1446, masked=1602) | no_ctx=0.00 oracle=0.50 real_rag=0.50 | gc=0.00 | rag_trigger=4.00 | rag_emb_grad=3.49e-02
[2026-03-02 21:22:12] Step 2240/10000 | loss=0.5218 | lr=1.00e-05 | grad_norm=0.941 | mask=67.21% (active=1267, masked=2597) | no_ctx=0.00 oracle=0.75 real_rag=0.25 | gc=0.00 | rag_trigger=4.00 | rag_emb_grad=3.52e-02
[2026-03-02 21:22:32] Step 2250/10000 | loss=0.4936 | mask=64.53% (active=1345, masked=2447) | no_ctx=0.00 oracle=0.50 real_rag=0.50 | gc=0.00 | rag_trigger=4.00 | rag_emb_grad=1.66e-02
[2026-03-02 21:22:54] Step 2260/10000 | loss=0.6415 | mask=53.32% (active=1787, masked=2041) | no_ctx=0.00 oracle=0.75 real_rag=0.25 | gc=0.00 | rag_trigger=4.00 | rag_emb_grad=1.72e-02
[2026-03-02 21:23:15] Step 2270/10000 | loss=0.5912 | mask=51.59% (active=1708, masked=1820) | no_ctx=0.00 oracle=0.75 real_rag=0.25 | gc=0.00 | rag_trigger=4.00 | rag_emb_grad=2.37e-02
[2026-03-02 21:23:35] Step 2280/10000 | loss=0.5209 | lr=1.00e-05 | grad_norm=0.898 | mask=54.31% (active=1420, masked=1688) | no_ctx=0.00 oracle=0.75 real_rag=0.25 | gc=0.00 | rag_trigger=4.00 | rag_emb_grad=2.67e-02
[2026-03-02 21:23:57] Step 2290/10000 | loss=0.6298 | mask=68.65% (active=997, masked=2183) | no_ctx=0.00 oracle=0.25 real_rag=0.75 | gc=0.00 | rag_trigger=3.50 | rag_emb_grad=1.93e-02
[2026-03-02 21:24:18] Step 2300/10000 | loss=0.4669 | mask=53.41% (active=1245, masked=1427) | no_ctx=0.00 oracle=0.75 real_rag=0.25 | gc=0.00 | rag_trigger=4.00 | rag_emb_grad=1.48e-02
[2026-03-02 21:24:40] Step 2310/10000 | loss=0.5341 | mask=64.75% (active=1166, masked=2142) | no_ctx=0.00 oracle=0.25 real_rag=0.75 | gc=0.00 | rag_trigger=4.00 | rag_emb_grad=1.72e-02
[2026-03-02 21:25:00] Step 2320/10000 | loss=0.5855 | lr=1.00e-05 | grad_norm=0.863 | mask=56.00% (active=1820, masked=2316) | no_ctx=0.00 oracle=1.00 real_rag=0.00 | gc=0.00 | rag_trigger=4.00 | rag_emb_grad=2.60e-02
[2026-03-02 21:25:24] Step 2330/10000 | loss=0.5891 | mask=56.53% (active=1337, masked=1739) | no_ctx=0.00 oracle=0.25 real_rag=0.75 | gc=0.00 | rag_trigger=4.00 | rag_emb_grad=1.47e-02
[2026-03-02 21:25:44] Step 2340/10000 | loss=0.5129 | mask=58.48% (active=1317, masked=1855) | no_ctx=0.00 oracle=0.75 real_rag=0.25 | gc=0.00 | rag_trigger=4.00 | rag_emb_grad=2.60e-02
[2026-03-02 21:26:05] Step 2350/10000 | loss=0.6667 | mask=55.63% (active=1198, masked=1502) | no_ctx=0.00 oracle=0.50 real_rag=0.50 | gc=0.00 | rag_trigger=4.00 | rag_emb_grad=1.82e-02
[2026-03-02 21:26:28] Step 2360/10000 | loss=0.5414 | lr=1.00e-05 | grad_norm=0.887 | mask=47.75% (active=2094, masked=1914) | no_ctx=0.00 oracle=1.00 real_rag=0.00 | gc=0.00 | rag_trigger=4.00 | rag_emb_grad=2.98e-02
[2026-03-02 21:26:49] Step 2370/10000 | loss=0.5388 | mask=57.15% (active=1325, masked=1767) | no_ctx=0.00 oracle=0.75 real_rag=0.25 | gc=0.00 | rag_trigger=4.00 | rag_emb_grad=1.32e-02
[2026-03-02 21:27:08] Step 2380/10000 | loss=0.5468 | mask=63.34% (active=1468, masked=2536) | no_ctx=0.00 oracle=0.75 real_rag=0.25 | gc=0.00 | rag_trigger=4.00 | rag_emb_grad=2.28e-02
[2026-03-02 21:27:28] Step 2390/10000 | loss=0.5458 | mask=66.04% (active=1118, masked=2174) | no_ctx=0.00 oracle=0.75 real_rag=0.25 | gc=0.00 | rag_trigger=4.00 | rag_emb_grad=3.06e-02
[2026-03-02 21:27:50] Step 2400/10000 | loss=0.5823 | lr=1.00e-05 | grad_norm=1.039 | mask=63.98% (active=1232, masked=2188) | no_ctx=0.00 oracle=0.50 real_rag=0.50 | gc=0.00 | rag_trigger=4.00 | rag_emb_grad=2.98e-02
[2026-03-02 21:28:08] Step 2410/10000 | loss=0.5734 | mask=54.09% (active=1166, masked=1374) | no_ctx=0.00 oracle=0.75 real_rag=0.25 | gc=0.00 | rag_trigger=4.00 | rag_emb_grad=1.31e-02
[2026-03-02 21:28:29] Step 2420/10000 | loss=0.5273 | mask=68.67% (active=822, masked=1802) | no_ctx=0.00 oracle=0.50 real_rag=0.50 | gc=0.00 | rag_trigger=3.75 | rag_emb_grad=3.56e-02
[2026-03-02 21:28:50] Step 2430/10000 | loss=0.5939 | mask=48.24% (active=1327, masked=1237) | no_ctx=0.00 oracle=0.25 real_rag=0.75 | gc=0.00 | rag_trigger=4.00 | rag_emb_grad=2.40e-02
[2026-03-02 21:29:09] Step 2440/10000 | loss=0.5466 | lr=1.00e-05 | grad_norm=0.934 | mask=64.32% (active=1209, masked=2179) | no_ctx=0.00 oracle=0.75 real_rag=0.25 | gc=0.00 | rag_trigger=4.00 | rag_emb_grad=2.95e-02
[2026-03-02 21:29:28] Step 2450/10000 | loss=0.5862 | mask=60.36% (active=1056, masked=1608) | no_ctx=0.00 oracle=0.75 real_rag=0.25 | gc=0.00 | rag_trigger=4.00 | rag_emb_grad=1.29e-02
[2026-03-02 21:29:49] Step 2460/10000 | loss=0.5917 | mask=57.36% (active=1547, masked=2081) | no_ctx=0.00 oracle=0.75 real_rag=0.25 | gc=0.00 | rag_trigger=4.00 | rag_emb_grad=1.97e-02
[2026-03-02 21:30:11] Step 2470/10000 | loss=0.5151 | mask=58.49% (active=1574, masked=2218) | no_ctx=0.00 oracle=0.50 real_rag=0.50 | gc=0.00 | rag_trigger=4.00 | rag_emb_grad=3.22e-02
[2026-03-02 21:30:31] Step 2480/10000 | loss=0.5118 | lr=1.00e-05 | grad_norm=0.902 | mask=56.11% (active=1436, masked=1836) | no_ctx=0.00 oracle=0.75 real_rag=0.25 | gc=0.00 | rag_trigger=4.00 | rag_emb_grad=2.47e-02
[2026-03-02 21:30:51] Step 2490/10000 | loss=0.5551 | mask=56.52% (active=1541, masked=2003) | no_ctx=0.00 oracle=0.75 real_rag=0.25 | gc=0.00 | rag_trigger=4.00 | rag_emb_grad=1.62e-02
[2026-03-02 21:31:14] Step 2500/10000 | loss=0.5975 | mask=75.88% (active=1259, masked=3961) | no_ctx=0.00 oracle=0.75 real_rag=0.25 | gc=0.00 | rag_trigger=4.00 | rag_emb_grad=1.79e-02
[2026-03-02 21:31:51] Saved: results/rag_oracle_20260302_195748/P14_rag_token_oracle07_noctx0_70b/checkpoints/step_2500
[2026-03-02 21:32:13] Step 2510/10000 | loss=0.5888 | mask=51.48% (active=1840, masked=1952) | no_ctx=0.00 oracle=0.25 real_rag=0.75 | gc=0.00 | rag_trigger=4.00 | rag_emb_grad=3.09e-02
[2026-03-02 21:32:35] Step 2520/10000 | loss=0.5654 | lr=1.00e-05 | grad_norm=0.883 | mask=56.81% (active=1408, masked=1852) | no_ctx=0.00 oracle=0.50 real_rag=0.50 | gc=0.00 | rag_trigger=4.00 | rag_emb_grad=3.71e-02
[2026-03-02 21:32:57] Step 2530/10000 | loss=0.5672 | mask=57.65% (active=1472, masked=2004) | no_ctx=0.00 oracle=1.00 real_rag=0.00 | gc=0.00 | rag_trigger=4.00 | rag_emb_grad=1.22e-02
[2026-03-02 21:33:17] Step 2540/10000 | loss=0.5528 | mask=62.32% (active=1058, masked=1750) | no_ctx=0.00 oracle=1.00 real_rag=0.00 | gc=0.00 | rag_trigger=4.00 | rag_emb_grad=3.66e-02
[2026-03-02 21:33:39] Step 2550/10000 | loss=0.6016 | mask=60.39% (active=1003, masked=1529) | no_ctx=0.00 oracle=0.75 real_rag=0.25 | gc=0.00 | rag_trigger=4.00 | rag_emb_grad=2.73e-02
[2026-03-02 21:34:00] Step 2560/10000 | loss=0.6163 | lr=1.00e-05 | grad_norm=0.969 | mask=54.78% (active=1449, masked=1755) | no_ctx=0.00 oracle=0.75 real_rag=0.25 | gc=0.00 | rag_trigger=4.00 | rag_emb_grad=2.01e-02
[2026-03-02 21:34:20] Step 2570/10000 | loss=0.5668 | mask=45.74% (active=1721, masked=1451) | no_ctx=0.00 oracle=0.50 real_rag=0.50 | gc=0.00 | rag_trigger=4.00 | rag_emb_grad=2.04e-02
[2026-03-02 21:34:41] Step 2580/10000 | loss=0.6712 | mask=65.57% (active=1117, masked=2127) | no_ctx=0.00 oracle=0.50 real_rag=0.50 | gc=0.00 | rag_trigger=4.00 | rag_emb_grad=1.67e-02
[2026-03-02 21:35:03] Step 2590/10000 | loss=0.6111 | mask=58.92% (active=1405, masked=2015) | no_ctx=0.00 oracle=0.75 real_rag=0.25 | gc=0.00 | rag_trigger=4.00 | rag_emb_grad=1.90e-02
[2026-03-02 21:35:26] Step 2600/10000 | loss=0.5498 | lr=1.00e-05 | grad_norm=0.879 | mask=55.06% (active=1440, masked=1764) | no_ctx=0.00 oracle=0.75 real_rag=0.25 | gc=0.00 | rag_trigger=4.00 | rag_emb_grad=2.91e-02
[2026-03-02 21:35:46] Step 2610/10000 | loss=0.5554 | mask=56.87% (active=1475, masked=1945) | no_ctx=0.00 oracle=0.75 real_rag=0.25 | gc=0.00 | rag_trigger=4.00 | rag_emb_grad=1.54e-02
[2026-03-02 21:36:09] Step 2620/10000 | loss=0.6335 | mask=60.71% (active=1259, masked=1945) | no_ctx=0.00 oracle=1.00 real_rag=0.00 | gc=0.00 | rag_trigger=4.00 | rag_emb_grad=1.78e-02
[2026-03-02 21:36:32] Step 2630/10000 | loss=0.5801 | mask=51.30% (active=2168, masked=2284) | no_ctx=0.00 oracle=0.50 real_rag=0.50 | gc=0.00 | rag_trigger=4.00 | rag_emb_grad=2.97e-02
[2026-03-02 21:36:53] Step 2640/10000 | loss=0.5201 | lr=1.00e-05 | grad_norm=1.148 | mask=65.41% (active=1161, masked=2195) | no_ctx=0.00 oracle=0.50 real_rag=0.50 | gc=0.00 | rag_trigger=4.00 | rag_emb_grad=3.66e-02
[2026-03-02 21:37:13] Step 2650/10000 | loss=0.4797 | mask=64.47% (active=1046, masked=1898) | no_ctx=0.00 oracle=0.75 real_rag=0.25 | gc=0.00 | rag_trigger=4.00 | rag_emb_grad=1.13e-02
[2026-03-02 21:37:32] Step 2660/10000 | loss=0.4801 | mask=51.62% (active=1610, masked=1718) | no_ctx=0.00 oracle=0.50 real_rag=0.50 | gc=0.00 | rag_trigger=4.00 | rag_emb_grad=2.72e-02
[2026-03-02 21:37:54] Step 2670/10000 | loss=0.5539 | mask=57.85% (active=951, masked=1305) | no_ctx=0.00 oracle=1.00 real_rag=0.00 | gc=0.00 | rag_trigger=4.00 | rag_emb_grad=3.32e-02
[2026-03-02 21:38:15] Step 2680/10000 | loss=0.5147 | lr=1.00e-05 | grad_norm=0.949 | mask=55.37% (active=1705, masked=2115) | no_ctx=0.00 oracle=0.75 real_rag=0.25 | gc=0.00 | rag_trigger=4.00 | rag_emb_grad=4.15e-02
[2026-03-02 21:38:36] Step 2690/10000 | loss=0.5798 | mask=66.43% (active=1273, masked=2519) | no_ctx=0.00 oracle=0.50 real_rag=0.50 | gc=0.00 | rag_trigger=3.75 | rag_emb_grad=1.72e-02
[2026-03-02 21:38:58] Step 2700/10000 | loss=0.5813 | mask=56.95% (active=1405, masked=1859) | no_ctx=0.00 oracle=1.00 real_rag=0.00 | gc=0.00 | rag_trigger=4.00 | rag_emb_grad=2.09e-02
[2026-03-02 21:39:19] Step 2710/10000 | loss=0.4595 | mask=57.24% (active=1139, masked=1525) | no_ctx=0.00 oracle=0.50 real_rag=0.50 | gc=0.00 | rag_trigger=4.00 | rag_emb_grad=3.05e-02
[2026-03-02 21:39:39] Step 2720/10000 | loss=0.6065 | lr=1.00e-05 | grad_norm=0.891 | mask=57.92% (active=1503, masked=2069) | no_ctx=0.00 oracle=1.00 real_rag=0.00 | gc=0.00 | rag_trigger=4.00 | rag_emb_grad=2.56e-02
[2026-03-02 21:39:59] Step 2730/10000 | loss=0.4813 | mask=61.99% (active=1163, masked=1897) | no_ctx=0.00 oracle=0.75 real_rag=0.25 | gc=0.00 | rag_trigger=4.00 | rag_emb_grad=2.04e-02
[2026-03-02 21:40:20] Step 2740/10000 | loss=0.5974 | mask=68.03% (active=1372, masked=2920) | no_ctx=0.00 oracle=1.00 real_rag=0.00 | gc=0.00 | rag_trigger=4.00 | rag_emb_grad=1.55e-02
[2026-03-02 21:40:41] Step 2750/10000 | loss=0.5605 | mask=49.67% (active=2005, masked=1979) | no_ctx=0.00 oracle=0.75 real_rag=0.25 | gc=0.00 | rag_trigger=4.00 | rag_emb_grad=3.08e-02
[2026-03-02 21:41:03] Step 2760/10000 | loss=0.6246 | lr=9.99e-06 | grad_norm=0.898 | mask=56.30% (active=1575, masked=2029) | no_ctx=0.00 oracle=1.00 real_rag=0.00 | gc=0.00 | rag_trigger=4.00 | rag_emb_grad=3.12e-02
[2026-03-02 21:41:22] Step 2770/10000 | loss=0.4550 | mask=48.19% (active=1979, masked=1841) | no_ctx=0.00 oracle=1.00 real_rag=0.00 | gc=0.00 | rag_trigger=4.00 | rag_emb_grad=9.46e-03
[2026-03-02 21:41:44] Step 2780/10000 | loss=0.5637 | mask=60.15% (active=1248, masked=1884) | no_ctx=0.00 oracle=0.25 real_rag=0.75 | gc=0.00 | rag_trigger=4.00 | rag_emb_grad=2.94e-02
[2026-03-02 21:42:06] Step 2790/10000 | loss=0.5942 | mask=54.31% (active=1493, masked=1775) | no_ctx=0.00 oracle=0.50 real_rag=0.50 | gc=0.00 | rag_trigger=4.00 | rag_emb_grad=3.71e-02
[2026-03-02 21:42:28] Step 2800/10000 | loss=0.5805 | lr=9.99e-06 | grad_norm=0.906 | mask=64.15% (active=1041, masked=1863) | no_ctx=0.00 oracle=1.00 real_rag=0.00 | gc=0.00 | rag_trigger=4.00 | rag_emb_grad=2.28e-02
[2026-03-02 21:42:50] Step 2810/10000 | loss=0.5447 | mask=60.21% (active=1375, masked=2081) | no_ctx=0.00 oracle=1.00 real_rag=0.00 | gc=0.00 | rag_trigger=4.00 | rag_emb_grad=1.51e-02
[2026-03-02 21:43:10] Step 2820/10000 | loss=0.4433 | mask=68.47% (active=864, masked=1876) | no_ctx=0.00 oracle=0.75 real_rag=0.25 | gc=0.00 | rag_trigger=3.75 | rag_emb_grad=3.98e-02
[2026-03-02 21:43:29] Step 2830/10000 | loss=0.5546 | mask=56.16% (active=1003, masked=1285) | no_ctx=0.00 oracle=1.00 real_rag=0.00 | gc=0.00 | rag_trigger=4.00 | rag_emb_grad=3.22e-02
[2026-03-02 21:43:50] Step 2840/10000 | loss=0.6169 | lr=9.99e-06 | grad_norm=1.047 | mask=56.60% (active=1125, masked=1467) | no_ctx=0.00 oracle=0.50 real_rag=0.50 | gc=0.00 | rag_trigger=4.00 | rag_emb_grad=3.32e-02
[2026-03-02 21:44:11] Step 2850/10000 | loss=0.4726 | mask=64.64% (active=1454, masked=2658) | no_ctx=0.00 oracle=1.00 real_rag=0.00 | gc=0.00 | rag_trigger=4.00 | rag_emb_grad=1.37e-02
[2026-03-02 21:44:32] Step 2860/10000 | loss=0.5512 | mask=56.89% (active=1252, masked=1652) | no_ctx=0.00 oracle=1.00 real_rag=0.00 | gc=0.00 | rag_trigger=4.00 | rag_emb_grad=1.76e-02
[2026-03-02 21:44:52] Step 2870/10000 | loss=0.5086 | mask=64.40% (active=870, masked=1574) | no_ctx=0.00 oracle=0.75 real_rag=0.25 | gc=0.00 | rag_trigger=4.00 | rag_emb_grad=3.34e-02
[2026-03-02 21:45:16] Step 2880/10000 | loss=0.6697 | lr=9.99e-06 | grad_norm=0.953 | mask=61.36% (active=1354, masked=2150) | no_ctx=0.00 oracle=0.75 real_rag=0.25 | gc=0.00 | rag_trigger=4.00 | rag_emb_grad=3.17e-02
[2026-03-02 21:45:37] Step 2890/10000 | loss=0.6530 | mask=53.16% (active=1632, masked=1852) | no_ctx=0.00 oracle=0.25 real_rag=0.75 | gc=0.00 | rag_trigger=4.00 | rag_emb_grad=1.50e-02
[2026-03-02 21:45:59] Step 2900/10000 | loss=0.6092 | mask=56.67% (active=1253, masked=1639) | no_ctx=0.00 oracle=0.75 real_rag=0.25 | gc=0.00 | rag_trigger=4.00 | rag_emb_grad=2.65e-02
[2026-03-02 21:46:21] Step 2910/10000 | loss=0.5106 | mask=61.46% (active=1489, masked=2375) | no_ctx=0.00 oracle=0.75 real_rag=0.25 | gc=0.00 | rag_trigger=4.00 | rag_emb_grad=7.91e-02
[2026-03-02 21:46:40] Step 2920/10000 | loss=0.4984 | lr=9.99e-06 | grad_norm=0.957 | mask=54.91% (active=1075, masked=1309) | no_ctx=0.00 oracle=1.00 real_rag=0.00 | gc=0.00 | rag_trigger=4.00 | rag_emb_grad=4.47e-02
[2026-03-02 21:47:00] Step 2930/10000 | loss=0.5024 | mask=53.67% (active=1466, masked=1698) | no_ctx=0.00 oracle=1.00 real_rag=0.00 | gc=0.00 | rag_trigger=4.00 | rag_emb_grad=1.65e-02
[2026-03-02 21:47:21] Step 2940/10000 | loss=0.5239 | mask=58.74% (active=1530, masked=2178) | no_ctx=0.00 oracle=1.00 real_rag=0.00 | gc=0.00 | rag_trigger=4.00 | rag_emb_grad=2.71e-02
[2026-03-02 21:47:42] Step 2950/10000 | loss=0.5033 | mask=69.34% (active=894, masked=2022) | no_ctx=0.00 oracle=1.00 real_rag=0.00 | gc=0.00 | rag_trigger=4.00 | rag_emb_grad=2.51e-02
[2026-03-02 21:48:05] Step 2960/10000 | loss=0.5745 | lr=9.99e-06 | grad_norm=1.016 | mask=61.05% (active=1064, masked=1668) | no_ctx=0.00 oracle=0.50 real_rag=0.50 | gc=0.00 | rag_trigger=4.00 | rag_emb_grad=3.22e-02
[2026-03-02 21:48:27] Step 2970/10000 | loss=0.4860 | mask=65.58% (active=1001, masked=1907) | no_ctx=0.00 oracle=0.75 real_rag=0.25 | gc=0.00 | rag_trigger=4.00 | rag_emb_grad=2.34e-02
[2026-03-02 21:48:46] Step 2980/10000 | loss=0.3933 | mask=58.80% (active=1302, masked=1858) | no_ctx=0.00 oracle=0.50 real_rag=0.50 | gc=0.00 | rag_trigger=4.00 | rag_emb_grad=2.40e-02
[2026-03-02 21:49:07] Step 2990/10000 | loss=0.5287 | mask=52.95% (active=1656, masked=1864) | no_ctx=0.00 oracle=0.75 real_rag=0.25 | gc=0.00 | rag_trigger=4.00 | rag_emb_grad=3.52e-02
[2026-03-02 21:49:29] Step 3000/10000 | loss=0.5376 | lr=9.99e-06 | grad_norm=0.859 | mask=58.55% (active=1038, masked=1466) | no_ctx=0.00 oracle=1.00 real_rag=0.00 | gc=0.00 | rag_trigger=4.00 | rag_emb_grad=3.54e-02
[2026-03-02 21:50:06] Saved: results/rag_oracle_20260302_195748/P14_rag_token_oracle07_noctx0_70b/checkpoints/step_3000
[2026-03-02 21:50:26] Step 3010/10000 | loss=0.5623 | mask=53.19% (active=1833, masked=2083) | no_ctx=0.00 oracle=1.00 real_rag=0.00 | gc=0.00 | rag_trigger=4.00 | rag_emb_grad=2.11e-02
[2026-03-02 21:50:48] Step 3020/10000 | loss=0.5646 | mask=62.48% (active=1034, masked=1722) | no_ctx=0.00 oracle=1.00 real_rag=0.00 | gc=0.00 | rag_trigger=4.00 | rag_emb_grad=2.31e-02
[2026-03-02 21:51:10] Step 3030/10000 | loss=0.5538 | mask=53.54% (active=1522, masked=1754) | no_ctx=0.00 oracle=0.25 real_rag=0.75 | gc=0.00 | rag_trigger=4.00 | rag_emb_grad=2.67e-02
[2026-03-02 21:51:29] Step 3040/10000 | loss=0.5380 | lr=9.99e-06 | grad_norm=0.871 | mask=63.25% (active=885, masked=1523) | no_ctx=0.00 oracle=0.75 real_rag=0.25 | gc=0.00 | rag_trigger=4.00 | rag_emb_grad=4.79e-02
[2026-03-02 21:51:48] Step 3050/10000 | loss=0.5327 | mask=51.87% (active=1496, masked=1612) | no_ctx=0.00 oracle=0.75 real_rag=0.25 | gc=0.00 | rag_trigger=4.00 | rag_emb_grad=1.77e-02
[2026-03-02 21:52:10] Step 3060/10000 | loss=0.5603 | mask=60.54% (active=1498, masked=2298) | no_ctx=0.00 oracle=0.50 real_rag=0.50 | gc=0.00 | rag_trigger=4.00 | rag_emb_grad=3.04e-02
[2026-03-02 21:52:32] Step 3070/10000 | loss=0.5465 | mask=69.52% (active=1562, masked=3562) | no_ctx=0.00 oracle=1.00 real_rag=0.00 | gc=0.00 | rag_trigger=4.00 | rag_emb_grad=2.51e-02
[2026-03-02 21:52:51] Step 3080/10000 | loss=0.4433 | lr=9.99e-06 | grad_norm=0.902 | mask=64.46% (active=1113, masked=2019) | no_ctx=0.00 oracle=0.50 real_rag=0.50 | gc=0.00 | rag_trigger=4.00 | rag_emb_grad=3.69e-02
[2026-03-02 21:53:14] Step 3090/10000 | loss=0.6380 | mask=53.04% (active=1681, masked=1899) | no_ctx=0.00 oracle=0.75 real_rag=0.25 | gc=0.00 | rag_trigger=4.00 | rag_emb_grad=2.10e-02
[2026-03-02 21:53:34] Step 3100/10000 | loss=0.5476 | mask=55.01% (active=1562, masked=1910) | no_ctx=0.00 oracle=1.00 real_rag=0.00 | gc=0.00 | rag_trigger=4.00 | rag_emb_grad=2.09e-02
[2026-03-02 21:53:54] Step 3110/10000 | loss=0.5220 | mask=57.82% (active=1387, masked=1901) | no_ctx=0.00 oracle=0.50 real_rag=0.50 | gc=0.00 | rag_trigger=4.00 | rag_emb_grad=2.94e-02
[2026-03-02 21:54:14] Step 3120/10000 | loss=0.4899 | lr=9.99e-06 | grad_norm=0.988 | mask=64.35% (active=1148, masked=2072) | no_ctx=0.00 oracle=0.75 real_rag=0.25 | gc=0.00 | rag_trigger=4.00 | rag_emb_grad=4.74e-02
[2026-03-02 21:54:35] Step 3130/10000 | loss=0.5807 | mask=57.42% (active=1257, masked=1695) | no_ctx=0.00 oracle=0.75 real_rag=0.25 | gc=0.00 | rag_trigger=4.00 | rag_emb_grad=1.29e-02
[2026-03-02 21:54:55] Step 3140/10000 | loss=0.5379 | mask=61.11% (active=1246, masked=1958) | no_ctx=0.00 oracle=0.75 real_rag=0.25 | gc=0.00 | rag_trigger=4.00 | rag_emb_grad=2.58e-02
[2026-03-02 21:55:16] Step 3150/10000 | loss=0.4513 | mask=62.01% (active=1313, masked=2143) | no_ctx=0.00 oracle=0.50 real_rag=0.50 | gc=0.00 | rag_trigger=4.00 | rag_emb_grad=2.56e-02
[2026-03-02 21:55:37] Step 3160/10000 | loss=0.5489 | lr=9.99e-06 | grad_norm=0.938 | mask=64.63% (active=1160, masked=2120) | no_ctx=0.00 oracle=1.00 real_rag=0.00 | gc=0.00 | rag_trigger=4.00 | rag_emb_grad=3.03e-02
[2026-03-02 21:55:58] Step 3170/10000 | loss=0.5733 | mask=63.08% (active=1431, masked=2445) | no_ctx=0.00 oracle=0.75 real_rag=0.25 | gc=0.00 | rag_trigger=4.00 | rag_emb_grad=1.28e-02
[2026-03-02 21:56:18] Step 3180/10000 | loss=0.5288 | mask=55.09% (active=1403, masked=1721) | no_ctx=0.00 oracle=0.75 real_rag=0.25 | gc=0.00 | rag_trigger=4.00 | rag_emb_grad=2.37e-02
[2026-03-02 21:56:41] Step 3190/10000 | loss=0.5665 | mask=63.50% (active=933, masked=1623) | no_ctx=0.00 oracle=0.50 real_rag=0.50 | gc=0.00 | rag_trigger=4.00 | rag_emb_grad=2.97e-02
[2026-03-02 21:57:03] Step 3200/10000 | loss=0.5352 | lr=9.99e-06 | grad_norm=0.922 | mask=58.30% (active=1468, masked=2052) | no_ctx=0.00 oracle=0.50 real_rag=0.50 | gc=0.00 | rag_trigger=4.00 | rag_emb_grad=2.77e-02
[2026-03-02 21:57:24] Step 3210/10000 | loss=0.5370 | mask=58.26% (active=1354, masked=1890) | no_ctx=0.00 oracle=1.00 real_rag=0.00 | gc=0.00 | rag_trigger=4.00 | rag_emb_grad=9.40e-03
[2026-03-02 21:57:48] Step 3220/10000 | loss=0.5785 | mask=64.65% (active=1510, masked=2762) | no_ctx=0.00 oracle=0.75 real_rag=0.25 | gc=0.00 | rag_trigger=4.00 | rag_emb_grad=2.43e-02
[2026-03-02 21:58:08] Step 3230/10000 | loss=0.6147 | mask=67.28% (active=822, masked=1690) | no_ctx=0.00 oracle=0.75 real_rag=0.25 | gc=0.00 | rag_trigger=4.00 | rag_emb_grad=3.98e-02
[2026-03-02 21:58:29] Step 3240/10000 | loss=0.5303 | lr=9.99e-06 | grad_norm=0.965 | mask=66.63% (active=885, masked=1767) | no_ctx=0.00 oracle=0.75 real_rag=0.25 | gc=0.00 | rag_trigger=4.00 | rag_emb_grad=2.45e-02
[2026-03-02 21:58:50] Step 3250/10000 | loss=0.6276 | mask=61.82% (active=1124, masked=1820) | no_ctx=0.00 oracle=0.50 real_rag=0.50 | gc=0.00 | rag_trigger=4.00 | rag_emb_grad=1.93e-02
[2026-03-02 21:59:10] Step 3260/10000 | loss=0.5245 | mask=54.79% (active=1888, masked=2288) | no_ctx=0.00 oracle=0.50 real_rag=0.50 | gc=0.00 | rag_trigger=4.00 | rag_emb_grad=2.64e-02
[2026-03-02 21:59:31] Step 3270/10000 | loss=0.5724 | mask=46.88% (active=2382, masked=2102) | no_ctx=0.00 oracle=0.00 real_rag=1.00 | gc=0.00 | rag_trigger=4.00 | rag_emb_grad=3.81e-02
[2026-03-02 21:59:51] Step 3280/10000 | loss=0.5387 | lr=9.99e-06 | grad_norm=0.930 | mask=59.09% (active=1039, masked=1501) | no_ctx=0.00 oracle=0.50 real_rag=0.50 | gc=0.00 | rag_trigger=4.00 | rag_emb_grad=3.83e-02
[2026-03-02 22:00:10] Step 3290/10000 | loss=0.4835 | mask=59.49% (active=1246, masked=1830) | no_ctx=0.00 oracle=0.75 real_rag=0.25 | gc=0.00 | rag_trigger=4.00 | rag_emb_grad=1.31e-02
[2026-03-02 22:00:32] Step 3300/10000 | loss=0.5355 | mask=54.32% (active=1915, masked=2277) | no_ctx=0.00 oracle=0.50 real_rag=0.50 | gc=0.00 | rag_trigger=4.00 | rag_emb_grad=2.16e-02
[2026-03-02 22:00:53] Step 3310/10000 | loss=0.5343 | mask=56.95% (active=1474, masked=1950) | no_ctx=0.00 oracle=0.75 real_rag=0.25 | gc=0.00 | rag_trigger=4.00 | rag_emb_grad=2.37e-02
[2026-03-02 22:01:13] Step 3320/10000 | loss=0.4837 | lr=9.99e-06 | grad_norm=0.840 | mask=64.61% (active=1158, masked=2114) | no_ctx=0.00 oracle=0.75 real_rag=0.25 | gc=0.00 | rag_trigger=4.00 | rag_emb_grad=3.47e-02
[2026-03-02 22:01:33] Step 3330/10000 | loss=0.4888 | mask=55.66% (active=1190, masked=1494) | no_ctx=0.00 oracle=1.00 real_rag=0.00 | gc=0.00 | rag_trigger=4.00 | rag_emb_grad=1.39e-02
[2026-03-02 22:01:55] Step 3340/10000 | loss=0.6374 | mask=61.09% (active=1354, masked=2126) | no_ctx=0.00 oracle=0.50 real_rag=0.50 | gc=0.00 | rag_trigger=4.00 | rag_emb_grad=2.72e-02
[2026-03-02 22:02:14] Step 3350/10000 | loss=0.4826 | mask=57.01% (active=1343, masked=1781) | no_ctx=0.00 oracle=0.50 real_rag=0.50 | gc=0.00 | rag_trigger=4.00 | rag_emb_grad=2.78e-02
[2026-03-02 22:02:34] Step 3360/10000 | loss=0.5003 | lr=9.99e-06 | grad_norm=0.977 | mask=51.92% (active=1775, masked=1917) | no_ctx=0.00 oracle=0.50 real_rag=0.50 | gc=0.00 | rag_trigger=4.00 | rag_emb_grad=3.81e-02
[2026-03-02 22:02:54] Step 3370/10000 | loss=0.5039 | mask=56.32% (active=1464, masked=1888) | no_ctx=0.00 oracle=1.00 real_rag=0.00 | gc=0.00 | rag_trigger=4.00 | rag_emb_grad=1.43e-02
[2026-03-02 22:03:13] Step 3380/10000 | loss=0.4231 | mask=56.78% (active=1217, masked=1599) | no_ctx=0.00 oracle=1.00 real_rag=0.00 | gc=0.00 | rag_trigger=4.00 | rag_emb_grad=2.43e-02
[2026-03-02 22:03:33] Step 3390/10000 | loss=0.5083 | mask=58.19% (active=1139, masked=1585) | no_ctx=0.00 oracle=0.75 real_rag=0.25 | gc=0.00 | rag_trigger=4.00 | rag_emb_grad=3.59e-02
[2026-03-02 22:03:53] Step 3400/10000 | loss=0.5302 | lr=9.99e-06 | grad_norm=0.898 | mask=63.92% (active=1127, masked=1997) | no_ctx=0.00 oracle=0.50 real_rag=0.50 | gc=0.00 | rag_trigger=4.00 | rag_emb_grad=3.27e-02
[2026-03-02 22:04:13] Step 3410/10000 | loss=0.5080 | mask=61.22% (active=1216, masked=1920) | no_ctx=0.00 oracle=1.00 real_rag=0.00 | gc=0.00 | rag_trigger=4.00 | rag_emb_grad=1.31e-02
[2026-03-02 22:04:33] Step 3420/10000 | loss=0.5242 | mask=56.34% (active=1261, masked=1627) | no_ctx=0.00 oracle=0.25 real_rag=0.75 | gc=0.00 | rag_trigger=4.00 | rag_emb_grad=2.48e-02
[2026-03-02 22:04:55] Step 3430/10000 | loss=0.5957 | mask=54.12% (active=1336, masked=1576) | no_ctx=0.00 oracle=1.00 real_rag=0.00 | gc=0.00 | rag_trigger=4.00 | rag_emb_grad=2.97e-02
[2026-03-02 22:05:15] Step 3440/10000 | loss=0.4917 | lr=9.99e-06 | grad_norm=0.891 | mask=58.71% (active=1285, masked=1827) | no_ctx=0.00 oracle=0.25 real_rag=0.75 | gc=0.00 | rag_trigger=4.00 | rag_emb_grad=3.54e-02
[2026-03-02 22:05:35] Step 3450/10000 | loss=0.5242 | mask=57.82% (active=1758, masked=2410) | no_ctx=0.00 oracle=0.25 real_rag=0.75 | gc=0.00 | rag_trigger=4.00 | rag_emb_grad=1.32e-02
[2026-03-02 22:05:56] Step 3460/10000 | loss=0.5264 | mask=56.74% (active=1296, masked=1700) | no_ctx=0.00 oracle=1.00 real_rag=0.00 | gc=0.00 | rag_trigger=4.00 | rag_emb_grad=2.44e-02
[2026-03-02 22:06:17] Step 3470/10000 | loss=0.5817 | mask=65.67% (active=1130, masked=2162) | no_ctx=0.00 oracle=0.75 real_rag=0.25 | gc=0.00 | rag_trigger=4.00 | rag_emb_grad=5.03e-02
[2026-03-02 22:06:38] Step 3480/10000 | loss=0.5476 | lr=9.99e-06 | grad_norm=0.875 | mask=58.88% (active=1492, masked=2136) | no_ctx=0.00 oracle=1.00 real_rag=0.00 | gc=0.00 | rag_trigger=4.00 | rag_emb_grad=3.98e-02
[2026-03-02 22:07:00] Step 3490/10000 | loss=0.6272 | mask=58.69% (active=1127, masked=1601) | no_ctx=0.00 oracle=0.75 real_rag=0.25 | gc=0.00 | rag_trigger=4.00 | rag_emb_grad=1.68e-02
[2026-03-02 22:07:21] Step 3500/10000 | loss=0.5607 | mask=57.13% (active=1113, masked=1483) | no_ctx=0.00 oracle=0.75 real_rag=0.25 | gc=0.00 | rag_trigger=4.00 | rag_emb_grad=1.73e-02
[2026-03-02 22:07:57] Saved: results/rag_oracle_20260302_195748/P14_rag_token_oracle07_noctx0_70b/checkpoints/step_3500
[2026-03-02 22:08:17] Step 3510/10000 | loss=0.5255 | mask=60.23% (active=1430, masked=2166) | no_ctx=0.00 oracle=0.50 real_rag=0.50 | gc=0.00 | rag_trigger=4.00 | rag_emb_grad=2.71e-02
[2026-03-02 22:08:37] Step 3520/10000 | loss=0.5983 | lr=9.99e-06 | grad_norm=0.941 | mask=57.21% (active=1193, masked=1595) | no_ctx=0.00 oracle=1.00 real_rag=0.00 | gc=0.00 | rag_trigger=4.00 | rag_emb_grad=3.42e-02
[2026-03-02 22:08:59] Step 3530/10000 | loss=0.5396 | mask=64.04% (active=1214, masked=2162) | no_ctx=0.00 oracle=0.50 real_rag=0.50 | gc=0.00 | rag_trigger=4.00 | rag_emb_grad=1.70e-02
[2026-03-02 22:09:20] Step 3540/10000 | loss=0.5919 | mask=57.31% (active=1144, masked=1536) | no_ctx=0.00 oracle=1.00 real_rag=0.00 | gc=0.00 | rag_trigger=4.00 | rag_emb_grad=2.14e-02
[2026-03-02 22:09:42] Step 3550/10000 | loss=0.5155 | mask=71.39% (active=1528, masked=3812) | no_ctx=0.00 oracle=0.75 real_rag=0.25 | gc=0.00 | rag_trigger=4.00 | rag_emb_grad=2.26e-02
[2026-03-02 22:10:03] Step 3560/10000 | loss=0.4876 | lr=9.98e-06 | grad_norm=0.898 | mask=60.27% (active=1284, masked=1948) | no_ctx=0.00 oracle=1.00 real_rag=0.00 | gc=0.00 | rag_trigger=4.00 | rag_emb_grad=3.17e-02
[2026-03-02 22:10:23] Step 3570/10000 | loss=0.5000 | mask=67.14% (active=1066, masked=2178) | no_ctx=0.00 oracle=1.00 real_rag=0.00 | gc=0.00 | rag_trigger=4.00 | rag_emb_grad=1.59e-02
[2026-03-02 22:10:46] Step 3580/10000 | loss=0.6263 | mask=56.39% (active=1366, masked=1766) | no_ctx=0.00 oracle=0.75 real_rag=0.25 | gc=0.00 | rag_trigger=4.00 | rag_emb_grad=1.98e-02
[2026-03-02 22:11:08] Step 3590/10000 | loss=0.6086 | mask=62.30% (active=1155, masked=1909) | no_ctx=0.00 oracle=0.25 real_rag=0.75 | gc=0.00 | rag_trigger=4.00 | rag_emb_grad=2.86e-02
[2026-03-02 22:11:27] Step 3600/10000 | loss=0.5725 | lr=9.98e-06 | grad_norm=0.930 | mask=60.24% (active=1212, masked=1836) | no_ctx=0.00 oracle=0.25 real_rag=0.75 | gc=0.00 | rag_trigger=4.00 | rag_emb_grad=4.64e-02
[2026-03-02 22:11:49] Step 3610/10000 | loss=0.5346 | mask=63.40% (active=1306, masked=2262) | no_ctx=0.00 oracle=1.00 real_rag=0.00 | gc=0.00 | rag_trigger=3.50 | rag_emb_grad=1.34e-02
[2026-03-02 22:12:12] Step 3620/10000 | loss=0.5845 | mask=57.51% (active=1618, masked=2190) | no_ctx=0.00 oracle=0.75 real_rag=0.25 | gc=0.00 | rag_trigger=4.00 | rag_emb_grad=2.65e-02
[2026-03-02 22:12:32] Step 3630/10000 | loss=0.5698 | mask=61.93% (active=1261, masked=2051) | no_ctx=0.00 oracle=0.50 real_rag=0.50 | gc=0.00 | rag_trigger=4.00 | rag_emb_grad=2.89e-02
[2026-03-02 22:12:53] Step 3640/10000 | loss=0.5107 | lr=9.98e-06 | grad_norm=0.883 | mask=61.35% (active=1260, masked=2000) | no_ctx=0.00 oracle=0.75 real_rag=0.25 | gc=0.00 | rag_trigger=4.00 | rag_emb_grad=2.81e-02
[2026-03-02 22:13:13] Step 3650/10000 | loss=0.5562 | mask=61.80% (active=1291, masked=2089) | no_ctx=0.00 oracle=0.50 real_rag=0.50 | gc=0.00 | rag_trigger=4.00 | rag_emb_grad=1.54e-02
[2026-03-02 22:13:32] Step 3660/10000 | loss=0.5053 | mask=59.00% (active=1225, masked=1763) | no_ctx=0.00 oracle=0.50 real_rag=0.50 | gc=0.00 | rag_trigger=4.00 | rag_emb_grad=2.83e-02
[2026-03-02 22:13:55] Step 3670/10000 | loss=0.5544 | mask=59.01% (active=1538, masked=2214) | no_ctx=0.00 oracle=0.50 real_rag=0.50 | gc=0.00 | rag_trigger=4.00 | rag_emb_grad=3.59e-02
[2026-03-02 22:14:16] Step 3680/10000 | loss=0.5242 | lr=9.98e-06 | grad_norm=0.938 | mask=63.51% (active=1537, masked=2675) | no_ctx=0.00 oracle=1.00 real_rag=0.00 | gc=0.00 | rag_trigger=4.00 | rag_emb_grad=3.20e-02
[2026-03-02 22:14:37] Step 3690/10000 | loss=0.6010 | mask=66.15% (active=1224, masked=2392) | no_ctx=0.00 oracle=0.75 real_rag=0.25 | gc=0.00 | rag_trigger=4.00 | rag_emb_grad=1.60e-02
[2026-03-02 22:14:59] Step 3700/10000 | loss=0.4857 | mask=65.01% (active=1257, masked=2335) | no_ctx=0.00 oracle=0.50 real_rag=0.50 | gc=0.00 | rag_trigger=4.00 | rag_emb_grad=2.51e-02
[2026-03-02 22:15:19] Step 3710/10000 | loss=0.5695 | mask=59.91% (active=1408, masked=2104) | no_ctx=0.00 oracle=0.75 real_rag=0.25 | gc=0.00 | rag_trigger=4.00 | rag_emb_grad=3.10e-02
[2026-03-02 22:15:41] Step 3720/10000 | loss=0.5411 | lr=9.98e-06 | grad_norm=0.926 | mask=58.86% (active=1366, masked=1954) | no_ctx=0.00 oracle=1.00 real_rag=0.00 | gc=0.00 | rag_trigger=4.00 | rag_emb_grad=3.22e-02
[2026-03-02 22:16:04] Step 3730/10000 | loss=0.5714 | mask=52.95% (active=1869, masked=2103) | no_ctx=0.00 oracle=0.75 real_rag=0.25 | gc=0.00 | rag_trigger=4.00 | rag_emb_grad=1.57e-02
[2026-03-02 22:16:25] Step 3740/10000 | loss=0.5550 | mask=61.75% (active=1224, masked=1976) | no_ctx=0.00 oracle=0.75 real_rag=0.25 | gc=0.00 | rag_trigger=4.00 | rag_emb_grad=1.77e-02
[2026-03-02 22:16:47] Step 3750/10000 | loss=0.5733 | mask=65.99% (active=1332, masked=2584) | no_ctx=0.00 oracle=1.00 real_rag=0.00 | gc=0.00 | rag_trigger=4.00 | rag_emb_grad=1.92e-02
[2026-03-02 22:17:07] Step 3760/10000 | loss=0.4805 | lr=9.98e-06 | grad_norm=0.941 | mask=56.83% (active=1074, masked=1414) | no_ctx=0.00 oracle=0.25 real_rag=0.75 | gc=0.00 | rag_trigger=4.00 | rag_emb_grad=3.69e-02
[2026-03-02 22:17:27] Step 3770/10000 | loss=0.5316 | mask=61.34% (active=1129, masked=1791) | no_ctx=0.00 oracle=0.75 real_rag=0.25 | gc=0.00 | rag_trigger=4.00 | rag_emb_grad=1.65e-02
[2026-03-02 22:17:47] Step 3780/10000 | loss=0.5232 | mask=57.83% (active=1287, masked=1765) | no_ctx=0.00 oracle=0.75 real_rag=0.25 | gc=0.00 | rag_trigger=4.00 | rag_emb_grad=2.95e-02
[2026-03-02 22:18:08] Step 3790/10000 | loss=0.5291 | mask=56.73% (active=1653, masked=2167) | no_ctx=0.00 oracle=0.50 real_rag=0.50 | gc=0.00 | rag_trigger=4.00 | rag_emb_grad=2.95e-02
[2026-03-02 22:18:30] Step 3800/10000 | loss=0.6578 | lr=9.98e-06 | grad_norm=1.352 | mask=54.21% (active=2011, masked=2381) | no_ctx=0.00 oracle=0.50 real_rag=0.50 | gc=0.00 | rag_trigger=4.00 | rag_emb_grad=9.42e-02
[2026-03-02 22:18:53] Step 3810/10000 | loss=0.6139 | mask=59.31% (active=1408, masked=2052) | no_ctx=0.00 oracle=0.50 real_rag=0.50 | gc=0.00 | rag_trigger=4.00 | rag_emb_grad=1.32e-02
[2026-03-02 22:19:14] Step 3820/10000 | loss=0.5935 | mask=59.99% (active=1549, masked=2323) | no_ctx=0.00 oracle=0.75 real_rag=0.25 | gc=0.00 | rag_trigger=4.00 | rag_emb_grad=2.26e-02
[2026-03-02 22:19:36] Step 3830/10000 | loss=0.4907 | mask=63.69% (active=1361, masked=2387) | no_ctx=0.00 oracle=0.75 real_rag=0.25 | gc=0.00 | rag_trigger=4.00 | rag_emb_grad=3.09e-02
[2026-03-02 22:19:57] Step 3840/10000 | loss=0.4987 | lr=9.98e-06 | grad_norm=0.887 | mask=60.86% (active=1733, masked=2695) | no_ctx=0.00 oracle=0.50 real_rag=0.50 | gc=0.00 | rag_trigger=4.00 | rag_emb_grad=3.22e-02
[2026-03-02 22:20:19] Step 3850/10000 | loss=0.5264 | mask=64.80% (active=1619, masked=2981) | no_ctx=0.00 oracle=0.75 real_rag=0.25 | gc=0.00 | rag_trigger=4.00 | rag_emb_grad=9.77e-03
[2026-03-02 22:20:42] Step 3860/10000 | loss=0.6050 | mask=52.06% (active=1816, masked=1972) | no_ctx=0.00 oracle=0.75 real_rag=0.25 | gc=0.00 | rag_trigger=4.00 | rag_emb_grad=1.73e-02
[2026-03-02 22:21:02] Step 3870/10000 | loss=0.5288 | mask=50.19% (active=1843, masked=1857) | no_ctx=0.00 oracle=0.50 real_rag=0.50 | gc=0.00 | rag_trigger=4.00 | rag_emb_grad=3.15e-02
[2026-03-02 22:21:23] Step 3880/10000 | loss=0.5779 | lr=9.98e-06 | grad_norm=0.988 | mask=58.08% (active=1291, masked=1789) | no_ctx=0.00 oracle=0.75 real_rag=0.25 | gc=0.00 | rag_trigger=4.00 | rag_emb_grad=4.00e-02
[2026-03-02 22:21:43] Step 3890/10000 | loss=0.5510 | mask=65.33% (active=1334, masked=2514) | no_ctx=0.00 oracle=0.75 real_rag=0.25 | gc=0.00 | rag_trigger=4.00 | rag_emb_grad=1.30e-02
[2026-03-02 22:22:05] Step 3900/10000 | loss=0.5599 | mask=65.65% (active=1220, masked=2332) | no_ctx=0.00 oracle=1.00 real_rag=0.00 | gc=0.00 | rag_trigger=4.00 | rag_emb_grad=3.37e-02
[2026-03-02 22:22:26] Step 3910/10000 | loss=0.5312 | mask=49.38% (active=1703, masked=1661) | no_ctx=0.00 oracle=0.25 real_rag=0.75 | gc=0.00 | rag_trigger=4.00 | rag_emb_grad=3.56e-02
[2026-03-02 22:22:47] Step 3920/10000 | loss=0.4995 | lr=9.98e-06 | grad_norm=0.902 | mask=55.88% (active=1479, masked=1873) | no_ctx=0.00 oracle=1.00 real_rag=0.00 | gc=0.00 | rag_trigger=4.00 | rag_emb_grad=4.20e-02
[2026-03-02 22:23:07] Step 3930/10000 | loss=0.5253 | mask=63.90% (active=1151, masked=2037) | no_ctx=0.00 oracle=0.75 real_rag=0.25 | gc=0.00 | rag_trigger=4.00 | rag_emb_grad=2.50e-02
[2026-03-02 22:23:29] Step 3940/10000 | loss=0.5408 | mask=55.96% (active=1388, masked=1764) | no_ctx=0.00 oracle=0.75 real_rag=0.25 | gc=0.00 | rag_trigger=4.00 | rag_emb_grad=1.78e-02
[2026-03-02 22:23:50] Step 3950/10000 | loss=0.5810 | mask=53.61% (active=1737, masked=2007) | no_ctx=0.00 oracle=0.50 real_rag=0.50 | gc=0.00 | rag_trigger=4.00 | rag_emb_grad=2.50e-02
[2026-03-02 22:24:10] Step 3960/10000 | loss=0.4744 | lr=9.98e-06 | grad_norm=0.965 | mask=64.74% (active=1021, masked=1875) | no_ctx=0.00 oracle=0.50 real_rag=0.50 | gc=0.00 | rag_trigger=4.00 | rag_emb_grad=3.44e-02
[2026-03-02 22:24:30] Step 3970/10000 | loss=0.4707 | mask=57.52% (active=1101, masked=1491) | no_ctx=0.00 oracle=0.50 real_rag=0.50 | gc=0.00 | rag_trigger=4.00 | rag_emb_grad=1.59e-02
[2026-03-02 22:24:51] Step 3980/10000 | loss=0.5298 | mask=69.23% (active=693, masked=1559) | no_ctx=0.00 oracle=1.00 real_rag=0.00 | gc=0.00 | rag_trigger=3.75 | rag_emb_grad=2.11e-02
[2026-03-02 22:25:11] Step 3990/10000 | loss=0.5220 | mask=55.76% (active=1122, masked=1414) | no_ctx=0.00 oracle=0.50 real_rag=0.50 | gc=0.00 | rag_trigger=4.00 | rag_emb_grad=3.39e-02
[2026-03-02 22:25:33] Step 4000/10000 | loss=0.5740 | lr=9.98e-06 | grad_norm=0.941 | mask=62.49% (active=1394, masked=2322) | no_ctx=0.00 oracle=0.75 real_rag=0.25 | gc=0.00 | rag_trigger=4.00 | rag_emb_grad=4.64e-02
[2026-03-02 22:26:41] Saved: results/rag_oracle_20260302_195748/P14_rag_token_oracle07_noctx0_70b/checkpoints/step_4000
[2026-03-02 22:27:04] Step 4010/10000 | loss=0.6171 | mask=60.45% (active=1215, masked=1857) | no_ctx=0.00 oracle=0.75 real_rag=0.25 | gc=0.00 | rag_trigger=4.00 | rag_emb_grad=2.22e-02
[2026-03-02 22:27:24] Step 4020/10000 | loss=0.5187 | mask=58.41% (active=1524, masked=2140) | no_ctx=0.00 oracle=0.25 real_rag=0.75 | gc=0.00 | rag_trigger=4.00 | rag_emb_grad=2.87e-02
[2026-03-02 22:27:44] Step 4030/10000 | loss=0.4840 | mask=53.26% (active=1907, masked=2173) | no_ctx=0.00 oracle=1.00 real_rag=0.00 | gc=0.00 | rag_trigger=4.00 | rag_emb_grad=2.99e-02
[2026-03-02 22:28:07] Step 4040/10000 | loss=0.6194 | lr=9.98e-06 | grad_norm=0.969 | mask=68.91% (active=1123, masked=2489) | no_ctx=0.00 oracle=1.00 real_rag=0.00 | gc=0.00 | rag_trigger=4.00 | rag_emb_grad=3.88e-02
[2026-03-02 22:28:27] Step 4050/10000 | loss=0.5032 | mask=61.09% (active=1144, masked=1796) | no_ctx=0.00 oracle=0.50 real_rag=0.50 | gc=0.00 | rag_trigger=4.00 | rag_emb_grad=1.67e-02
[2026-03-02 22:28:48] Step 4060/10000 | loss=0.5688 | mask=52.52% (active=1396, masked=1544) | no_ctx=0.00 oracle=0.75 real_rag=0.25 | gc=0.00 | rag_trigger=4.00 | rag_emb_grad=1.94e-02
[2026-03-02 22:29:09] Step 4070/10000 | loss=0.4809 | mask=58.17% (active=1690, masked=2350) | no_ctx=0.00 oracle=1.00 real_rag=0.00 | gc=0.00 | rag_trigger=4.00 | rag_emb_grad=2.22e-02
[2026-03-02 22:29:32] Step 4080/10000 | loss=0.6629 | lr=9.98e-06 | grad_norm=1.070 | mask=55.05% (active=1568, masked=1920) | no_ctx=0.00 oracle=0.75 real_rag=0.25 | gc=0.00 | rag_trigger=4.00 | rag_emb_grad=3.61e-02
[2026-03-02 22:29:51] Step 4090/10000 | loss=0.4374 | mask=60.54% (active=1108, masked=1700) | no_ctx=0.00 oracle=0.50 real_rag=0.50 | gc=0.00 | rag_trigger=4.00 | rag_emb_grad=2.12e-02
[2026-03-02 22:30:14] Step 4100/10000 | loss=0.5701 | mask=58.50% (active=1396, masked=1968) | no_ctx=0.00 oracle=0.75 real_rag=0.25 | gc=0.00 | rag_trigger=4.00 | rag_emb_grad=2.88e-02
[2026-03-02 22:30:36] Step 4110/10000 | loss=0.5316 | mask=58.57% (active=1122, masked=1586) | no_ctx=0.00 oracle=0.50 real_rag=0.50 | gc=0.00 | rag_trigger=4.00 | rag_emb_grad=2.75e-02
[2026-03-02 22:30:55] Step 4120/10000 | loss=0.4167 | lr=9.97e-06 | grad_norm=1.039 | mask=58.39% (active=1363, masked=1913) | no_ctx=0.00 oracle=0.50 real_rag=0.50 | gc=0.00 | rag_trigger=4.00 | rag_emb_grad=4.61e-02
[2026-03-02 22:31:16] Step 4130/10000 | loss=0.5658 | mask=60.40% (active=887, masked=1353) | no_ctx=0.00 oracle=0.75 real_rag=0.25 | gc=0.00 | rag_trigger=4.00 | rag_emb_grad=1.55e-02
[2026-03-02 22:31:36] Step 4140/10000 | loss=0.5022 | mask=57.73% (active=1647, masked=2249) | no_ctx=0.00 oracle=0.50 real_rag=0.50 | gc=0.00 | rag_trigger=4.00 | rag_emb_grad=2.77e-02
[2026-03-02 22:31:59] Step 4150/10000 | loss=0.6228 | mask=58.81% (active=1402, masked=2002) | no_ctx=0.00 oracle=0.50 real_rag=0.50 | gc=0.00 | rag_trigger=4.00 | rag_emb_grad=3.44e-02
[2026-03-02 22:32:19] Step 4160/10000 | loss=0.4924 | lr=9.97e-06 | grad_norm=1.000 | mask=60.33% (active=1414, masked=2150) | no_ctx=0.00 oracle=0.75 real_rag=0.25 | gc=0.00 | rag_trigger=4.00 | rag_emb_grad=3.59e-02
[2026-03-02 22:32:39] Step 4170/10000 | loss=0.4814 | mask=58.60% (active=1540, masked=2180) | no_ctx=0.00 oracle=0.25 real_rag=0.75 | gc=0.00 | rag_trigger=4.00 | rag_emb_grad=2.58e-02
[2026-03-02 22:33:03] Step 4180/10000 | loss=0.5924 | mask=55.08% (active=1407, masked=1725) | no_ctx=0.00 oracle=1.00 real_rag=0.00 | gc=0.00 | rag_trigger=4.00 | rag_emb_grad=2.19e-02
[2026-03-02 22:33:24] Step 4190/10000 | loss=0.4912 | mask=61.72% (active=1055, masked=1701) | no_ctx=0.00 oracle=0.75 real_rag=0.25 | gc=0.00 | rag_trigger=4.00 | rag_emb_grad=3.12e-02
[2026-03-02 22:33:45] Step 4200/10000 | loss=0.5156 | lr=9.97e-06 | grad_norm=0.918 | mask=62.39% (active=1333, masked=2211) | no_ctx=0.00 oracle=0.75 real_rag=0.25 | gc=0.00 | rag_trigger=4.00 | rag_emb_grad=3.00e-02
[2026-03-02 22:34:07] Step 4210/10000 | loss=0.6570 | mask=53.33% (active=1600, masked=1828) | no_ctx=0.00 oracle=1.00 real_rag=0.00 | gc=0.00 | rag_trigger=4.00 | rag_emb_grad=1.90e-02
[2026-03-02 22:34:29] Step 4220/10000 | loss=0.5580 | mask=51.51% (active=1992, masked=2116) | no_ctx=0.00 oracle=1.00 real_rag=0.00 | gc=0.00 | rag_trigger=4.00 | rag_emb_grad=1.87e-02
[2026-03-02 22:34:50] Step 4230/10000 | loss=0.5593 | mask=55.16% (active=1451, masked=1785) | no_ctx=0.00 oracle=0.25 real_rag=0.75 | gc=0.00 | rag_trigger=4.00 | rag_emb_grad=4.05e-02
[2026-03-02 22:35:11] Step 4240/10000 | loss=0.4873 | lr=9.97e-06 | grad_norm=0.848 | mask=59.63% (active=1463, masked=2161) | no_ctx=0.00 oracle=1.00 real_rag=0.00 | gc=0.00 | rag_trigger=4.00 | rag_emb_grad=3.47e-02
[2026-03-02 22:35:34] Step 4250/10000 | loss=0.5719 | mask=59.15% (active=1701, masked=2463) | no_ctx=0.00 oracle=0.75 real_rag=0.25 | gc=0.00 | rag_trigger=4.00 | rag_emb_grad=1.54e-02
[2026-03-02 22:35:54] Step 4260/10000 | loss=0.5519 | mask=54.90% (active=1324, masked=1612) | no_ctx=0.00 oracle=1.00 real_rag=0.00 | gc=0.00 | rag_trigger=4.00 | rag_emb_grad=2.51e-02
[2026-03-02 22:36:14] Step 4270/10000 | loss=0.5266 | mask=58.61% (active=1033, masked=1463) | no_ctx=0.00 oracle=0.75 real_rag=0.25 | gc=0.00 | rag_trigger=4.00 | rag_emb_grad=2.88e-02
[2026-03-02 22:36:37] Step 4280/10000 | loss=0.4839 | lr=9.97e-06 | grad_norm=0.836 | mask=59.02% (active=1549, masked=2231) | no_ctx=0.00 oracle=1.00 real_rag=0.00 | gc=0.00 | rag_trigger=4.00 | rag_emb_grad=2.83e-02
[2026-03-02 22:37:00] Step 4290/10000 | loss=0.5599 | mask=60.39% (active=1185, masked=1807) | no_ctx=0.00 oracle=1.00 real_rag=0.00 | gc=0.00 | rag_trigger=4.00 | rag_emb_grad=1.32e-02
[2026-03-02 22:37:22] Step 4300/10000 | loss=0.5600 | mask=53.29% (active=1205, masked=1375) | no_ctx=0.00 oracle=0.75 real_rag=0.25 | gc=0.00 | rag_trigger=4.00 | rag_emb_grad=2.69e-02
[2026-03-02 22:37:45] Step 4310/10000 | loss=0.5864 | mask=60.77% (active=1260, masked=1952) | no_ctx=0.00 oracle=1.00 real_rag=0.00 | gc=0.00 | rag_trigger=4.00 | rag_emb_grad=3.20e-02
[2026-03-02 22:38:07] Step 4320/10000 | loss=0.4940 | lr=9.97e-06 | grad_norm=0.840 | mask=57.60% (active=1289, masked=1751) | no_ctx=0.00 oracle=1.00 real_rag=0.00 | gc=0.00 | rag_trigger=4.00 | rag_emb_grad=2.87e-02
[2026-03-02 22:38:28] Step 4330/10000 | loss=0.5097 | mask=70.80% (active=1028, masked=2492) | no_ctx=0.00 oracle=0.75 real_rag=0.25 | gc=0.00 | rag_trigger=4.00 | rag_emb_grad=1.73e-02
[2026-03-02 22:38:48] Step 4340/10000 | loss=0.5443 | mask=62.99% (active=1180, masked=2008) | no_ctx=0.00 oracle=0.50 real_rag=0.50 | gc=0.00 | rag_trigger=4.00 | rag_emb_grad=3.02e-02
[2026-03-02 22:39:08] Step 4350/10000 | loss=0.4766 | mask=50.76% (active=1481, masked=1527) | no_ctx=0.00 oracle=0.75 real_rag=0.25 | gc=0.00 | rag_trigger=4.00 | rag_emb_grad=2.28e-02
[2026-03-02 22:39:29] Step 4360/10000 | loss=0.4824 | lr=9.97e-06 | grad_norm=1.273 | mask=52.15% (active=1248, masked=1360) | no_ctx=0.00 oracle=0.25 real_rag=0.75 | gc=0.00 | rag_trigger=4.00 | rag_emb_grad=9.08e-02
[2026-03-02 22:39:51] Step 4370/10000 | loss=0.5125 | mask=48.03% (active=1613, masked=1491) | no_ctx=0.00 oracle=0.50 real_rag=0.50 | gc=0.00 | rag_trigger=4.00 | rag_emb_grad=2.27e-02
[2026-03-02 22:40:11] Step 4380/10000 | loss=0.5024 | mask=71.53% (active=1082, masked=2718) | no_ctx=0.00 oracle=0.75 real_rag=0.25 | gc=0.00 | rag_trigger=3.75 | rag_emb_grad=2.05e-02
[2026-03-02 22:40:31] Step 4390/10000 | loss=0.5279 | mask=52.07% (active=1271, masked=1381) | no_ctx=0.00 oracle=0.00 real_rag=1.00 | gc=0.00 | rag_trigger=4.00 | rag_emb_grad=3.20e-02
[2026-03-02 22:40:54] Step 4400/10000 | loss=0.5736 | lr=9.97e-06 | grad_norm=0.871 | mask=53.16% (active=1424, masked=1616) | no_ctx=0.00 oracle=0.50 real_rag=0.50 | gc=0.00 | rag_trigger=4.00 | rag_emb_grad=2.60e-02
[2026-03-02 22:41:15] Step 4410/10000 | loss=0.5747 | mask=61.16% (active=1232, masked=1940) | no_ctx=0.00 oracle=1.00 real_rag=0.00 | gc=0.00 | rag_trigger=4.00 | rag_emb_grad=1.90e-02
[2026-03-02 22:41:36] Step 4420/10000 | loss=0.5623 | mask=55.43% (active=1248, masked=1552) | no_ctx=0.00 oracle=1.00 real_rag=0.00 | gc=0.00 | rag_trigger=4.00 | rag_emb_grad=2.76e-02
[2026-03-02 22:41:57] Step 4430/10000 | loss=0.5106 | mask=55.56% (active=1152, masked=1440) | no_ctx=0.00 oracle=0.75 real_rag=0.25 | gc=0.00 | rag_trigger=4.00 | rag_emb_grad=2.62e-02
[2026-03-02 22:42:18] Step 4440/10000 | loss=0.5693 | lr=9.97e-06 | grad_norm=0.984 | mask=63.74% (active=1101, masked=1935) | no_ctx=0.00 oracle=0.75 real_rag=0.25 | gc=0.00 | rag_trigger=4.00 | rag_emb_grad=3.69e-02
[2026-03-02 22:42:39] Step 4450/10000 | loss=0.5624 | mask=68.56% (active=1450, masked=3162) | no_ctx=0.00 oracle=1.00 real_rag=0.00 | gc=0.00 | rag_trigger=4.00 | rag_emb_grad=2.72e-02
[2026-03-02 22:42:59] Step 4460/10000 | loss=0.5344 | mask=51.18% (active=1822, masked=1910) | no_ctx=0.00 oracle=0.75 real_rag=0.25 | gc=0.00 | rag_trigger=4.00 | rag_emb_grad=5.79e-02
[2026-03-02 22:43:21] Step 4470/10000 | loss=0.5271 | mask=66.27% (active=1792, masked=3520) | no_ctx=0.00 oracle=1.00 real_rag=0.00 | gc=0.00 | rag_trigger=4.00 | rag_emb_grad=2.36e-02
[2026-03-02 22:43:41] Step 4480/10000 | loss=0.4803 | lr=9.97e-06 | grad_norm=0.918 | mask=60.21% (active=1095, masked=1657) | no_ctx=0.00 oracle=0.75 real_rag=0.25 | gc=0.00 | rag_trigger=4.00 | rag_emb_grad=5.05e-02
[2026-03-02 22:44:05] Step 4490/10000 | loss=0.6357 | mask=67.71% (active=1368, masked=2868) | no_ctx=0.00 oracle=1.00 real_rag=0.00 | gc=0.00 | rag_trigger=4.00 | rag_emb_grad=2.36e-02
[2026-03-02 22:44:28] Step 4500/10000 | loss=0.4911 | mask=58.90% (active=1118, masked=1602) | no_ctx=0.00 oracle=0.50 real_rag=0.50 | gc=0.00 | rag_trigger=4.00 | rag_emb_grad=2.80e-02
[2026-03-02 22:45:02] Saved: results/rag_oracle_20260302_195748/P14_rag_token_oracle07_noctx0_70b/checkpoints/step_4500
[2026-03-02 22:45:22] Step 4510/10000 | loss=0.4796 | mask=53.34% (active=1622, masked=1854) | no_ctx=0.00 oracle=0.25 real_rag=0.75 | gc=0.00 | rag_trigger=4.00 | rag_emb_grad=3.10e-02
[2026-03-02 22:45:42] Step 4520/10000 | loss=0.5413 | lr=9.97e-06 | grad_norm=1.008 | mask=59.67% (active=1155, masked=1709) | no_ctx=0.00 oracle=0.75 real_rag=0.25 | gc=0.00 | rag_trigger=4.00 | rag_emb_grad=5.25e-02
[2026-03-02 22:46:01] Step 4530/10000 | loss=0.5395 | mask=49.66% (active=1792, masked=1768) | no_ctx=0.00 oracle=0.75 real_rag=0.25 | gc=0.00 | rag_trigger=4.00 | rag_emb_grad=2.44e-02
[2026-03-02 22:46:21] Step 4540/10000 | loss=0.4846 | mask=53.16% (active=1452, masked=1648) | no_ctx=0.00 oracle=0.75 real_rag=0.25 | gc=0.00 | rag_trigger=4.00 | rag_emb_grad=1.66e-02
[2026-03-02 22:46:43] Step 4550/10000 | loss=0.4581 | mask=57.36% (active=1455, masked=1957) | no_ctx=0.00 oracle=1.00 real_rag=0.00 | gc=0.00 | rag_trigger=4.00 | rag_emb_grad=2.29e-02
[2026-03-02 22:47:04] Step 4560/10000 | loss=0.4990 | lr=9.97e-06 | grad_norm=0.914 | mask=56.26% (active=1641, masked=2111) | no_ctx=0.00 oracle=1.00 real_rag=0.00 | gc=0.00 | rag_trigger=4.00 | rag_emb_grad=3.39e-02
[2026-03-02 22:47:23] Step 4570/10000 | loss=0.4807 | mask=60.24% (active=1740, masked=2636) | no_ctx=0.00 oracle=0.50 real_rag=0.50 | gc=0.00 | rag_trigger=4.00 | rag_emb_grad=1.51e-02
[2026-03-02 22:47:43] Step 4580/10000 | loss=0.5381 | mask=58.23% (active=1208, masked=1684) | no_ctx=0.00 oracle=1.00 real_rag=0.00 | gc=0.00 | rag_trigger=4.00 | rag_emb_grad=2.38e-02
[2026-03-02 22:48:04] Step 4590/10000 | loss=0.4816 | mask=64.77% (active=1119, masked=2057) | no_ctx=0.00 oracle=0.75 real_rag=0.25 | gc=0.00 | rag_trigger=4.00 | rag_emb_grad=2.25e-02
[2026-03-02 22:48:25] Step 4600/10000 | loss=0.4684 | lr=9.96e-06 | grad_norm=0.898 | mask=56.51% (active=1282, masked=1666) | no_ctx=0.00 oracle=0.50 real_rag=0.50 | gc=0.00 | rag_trigger=4.00 | rag_emb_grad=3.30e-02
[2026-03-02 22:48:45] Step 4610/10000 | loss=0.5236 | mask=58.51% (active=1296, masked=1828) | no_ctx=0.00 oracle=0.75 real_rag=0.25 | gc=0.00 | rag_trigger=4.00 | rag_emb_grad=2.94e-02
[2026-03-02 22:49:07] Step 4620/10000 | loss=0.6115 | mask=52.17% (active=1546, masked=1686) | no_ctx=0.00 oracle=1.00 real_rag=0.00 | gc=0.00 | rag_trigger=4.00 | rag_emb_grad=2.37e-02
[2026-03-02 22:49:29] Step 4630/10000 | loss=0.6308 | mask=55.18% (active=1877, masked=2311) | no_ctx=0.00 oracle=1.00 real_rag=0.00 | gc=0.00 | rag_trigger=4.00 | rag_emb_grad=2.16e-02
[2026-03-02 22:49:47] Step 4640/10000 | loss=0.4138 | lr=9.96e-06 | grad_norm=0.879 | mask=61.43% (active=884, masked=1408) | no_ctx=0.00 oracle=0.75 real_rag=0.25 | gc=0.00 | rag_trigger=4.00 | rag_emb_grad=3.61e-02
[2026-03-02 22:50:07] Step 4650/10000 | loss=0.5312 | mask=68.13% (active=983, masked=2101) | no_ctx=0.00 oracle=0.75 real_rag=0.25 | gc=0.00 | rag_trigger=4.00 | rag_emb_grad=2.28e-02
[2026-03-02 22:50:27] Step 4660/10000 | loss=0.5338 | mask=59.04% (active=1445, masked=2083) | no_ctx=0.00 oracle=0.50 real_rag=0.50 | gc=0.00 | rag_trigger=4.00 | rag_emb_grad=5.49e-02
[2026-03-02 22:50:49] Step 4670/10000 | loss=0.5794 | mask=54.19% (active=1431, masked=1693) | no_ctx=0.00 oracle=1.00 real_rag=0.00 | gc=0.00 | rag_trigger=4.00 | rag_emb_grad=2.92e-02
[2026-03-02 22:51:10] Step 4680/10000 | loss=0.5106 | lr=9.96e-06 | grad_norm=0.918 | mask=57.66% (active=1128, masked=1536) | no_ctx=0.00 oracle=0.50 real_rag=0.50 | gc=0.00 | rag_trigger=4.00 | rag_emb_grad=3.25e-02
[2026-03-02 22:51:31] Step 4690/10000 | loss=0.5660 | mask=54.94% (active=1395, masked=1701) | no_ctx=0.00 oracle=0.75 real_rag=0.25 | gc=0.00 | rag_trigger=4.00 | rag_emb_grad=1.78e-02
[2026-03-02 22:51:55] Step 4700/10000 | loss=0.5673 | mask=65.51% (active=1043, masked=1981) | no_ctx=0.00 oracle=0.50 real_rag=0.50 | gc=0.00 | rag_trigger=4.00 | rag_emb_grad=2.08e-02
[2026-03-02 22:52:15] Step 4710/10000 | loss=0.5290 | mask=63.40% (active=1410, masked=2442) | no_ctx=0.00 oracle=0.75 real_rag=0.25 | gc=0.00 | rag_trigger=4.00 | rag_emb_grad=3.64e-02
[2026-03-02 22:52:35] Step 4720/10000 | loss=0.5235 | lr=9.96e-06 | grad_norm=0.875 | mask=55.40% (active=1609, masked=1999) | no_ctx=0.00 oracle=0.50 real_rag=0.50 | gc=0.00 | rag_trigger=4.00 | rag_emb_grad=4.00e-02
[2026-03-02 22:52:59] Step 4730/10000 | loss=0.6162 | mask=52.22% (active=1248, masked=1364) | no_ctx=0.00 oracle=0.75 real_rag=0.25 | gc=0.00 | rag_trigger=4.00 | rag_emb_grad=2.29e-02
[2026-03-02 22:53:20] Step 4740/10000 | loss=0.5946 | mask=58.84% (active=1169, masked=1671) | no_ctx=0.00 oracle=0.50 real_rag=0.50 | gc=0.00 | rag_trigger=4.00 | rag_emb_grad=4.03e-02
[2026-03-02 22:53:41] Step 4750/10000 | loss=0.5157 | mask=58.57% (active=1460, masked=2064) | no_ctx=0.00 oracle=0.50 real_rag=0.50 | gc=0.00 | rag_trigger=4.00 | rag_emb_grad=2.91e-02
[2026-03-02 22:54:02] Step 4760/10000 | loss=0.5432 | lr=9.96e-06 | grad_norm=0.895 | mask=60.11% (active=1010, masked=1522) | no_ctx=0.00 oracle=0.50 real_rag=0.50 | gc=0.00 | rag_trigger=4.00 | rag_emb_grad=3.91e-02
[2026-03-02 22:54:25] Step 4770/10000 | loss=0.5611 | mask=61.70% (active=1483, masked=2389) | no_ctx=0.00 oracle=1.00 real_rag=0.00 | gc=0.00 | rag_trigger=4.00 | rag_emb_grad=1.48e-02
[2026-03-02 22:54:47] Step 4780/10000 | loss=0.5374 | mask=47.92% (active=2300, masked=2116) | no_ctx=0.00 oracle=0.75 real_rag=0.25 | gc=0.00 | rag_trigger=4.00 | rag_emb_grad=1.76e-02
[2026-03-02 22:55:07] Step 4790/10000 | loss=0.4732 | mask=59.60% (active=1784, masked=2632) | no_ctx=0.00 oracle=1.00 real_rag=0.00 | gc=0.00 | rag_trigger=4.00 | rag_emb_grad=2.82e-02
[2026-03-02 22:55:28] Step 4800/10000 | loss=0.5375 | lr=9.96e-06 | grad_norm=0.906 | mask=53.49% (active=1533, masked=1763) | no_ctx=0.00 oracle=1.00 real_rag=0.00 | gc=0.00 | rag_trigger=4.00 | rag_emb_grad=4.49e-02
[2026-03-02 22:55:48] Step 4810/10000 | loss=0.4459 | mask=61.73% (active=1197, masked=1931) | no_ctx=0.00 oracle=0.75 real_rag=0.25 | gc=0.00 | rag_trigger=4.00 | rag_emb_grad=2.66e-02
[2026-03-02 22:56:10] Step 4820/10000 | loss=0.5772 | mask=59.93% (active=1255, masked=1877) | no_ctx=0.00 oracle=0.50 real_rag=0.50 | gc=0.00 | rag_trigger=4.00 | rag_emb_grad=2.89e-02
[2026-03-02 22:56:30] Step 4830/10000 | loss=0.6155 | mask=54.91% (active=1580, masked=1924) | no_ctx=0.00 oracle=0.75 real_rag=0.25 | gc=0.00 | rag_trigger=4.00 | rag_emb_grad=4.37e-02
[2026-03-02 22:56:52] Step 4840/10000 | loss=0.5609 | lr=9.96e-06 | grad_norm=0.934 | mask=61.84% (active=1354, masked=2194) | no_ctx=0.00 oracle=1.00 real_rag=0.00 | gc=0.00 | rag_trigger=4.00 | rag_emb_grad=2.84e-02
[2026-03-02 22:57:11] Step 4850/10000 | loss=0.5385 | mask=55.15% (active=1611, masked=1981) | no_ctx=0.00 oracle=0.75 real_rag=0.25 | gc=0.00 | rag_trigger=4.00 | rag_emb_grad=1.27e-02
[2026-03-02 22:57:31] Step 4860/10000 | loss=0.4575 | mask=60.84% (active=1405, masked=2183) | no_ctx=0.00 oracle=0.25 real_rag=0.75 | gc=0.00 | rag_trigger=4.00 | rag_emb_grad=3.54e-02
[2026-03-02 22:57:53] Step 4870/10000 | loss=0.4659 | mask=63.05% (active=1274, masked=2174) | no_ctx=0.00 oracle=0.50 real_rag=0.50 | gc=0.00 | rag_trigger=4.00 | rag_emb_grad=2.72e-02
[2026-03-02 22:58:15] Step 4880/10000 | loss=0.5475 | lr=9.96e-06 | grad_norm=0.906 | mask=65.34% (active=1389, masked=2619) | no_ctx=0.00 oracle=0.75 real_rag=0.25 | gc=0.00 | rag_trigger=4.00 | rag_emb_grad=3.17e-02
[2026-03-02 22:58:34] Step 4890/10000 | loss=0.4805 | mask=58.93% (active=925, masked=1327) | no_ctx=0.00 oracle=0.75 real_rag=0.25 | gc=0.00 | rag_trigger=4.00 | rag_emb_grad=1.37e-02
[2026-03-02 22:58:54] Step 4900/10000 | loss=0.5691 | mask=56.32% (active=1134, masked=1462) | no_ctx=0.00 oracle=0.75 real_rag=0.25 | gc=0.00 | rag_trigger=4.00 | rag_emb_grad=3.04e-02
[2026-03-02 22:59:15] Step 4910/10000 | loss=0.5047 | mask=60.32% (active=1192, masked=1812) | no_ctx=0.00 oracle=0.75 real_rag=0.25 | gc=0.00 | rag_trigger=4.00 | rag_emb_grad=3.81e-02
[2026-03-02 22:59:35] Step 4920/10000 | loss=0.5468 | lr=9.96e-06 | grad_norm=0.922 | mask=64.84% (active=1526, masked=2814) | no_ctx=0.00 oracle=0.50 real_rag=0.50 | gc=0.00 | rag_trigger=4.00 | rag_emb_grad=5.03e-02
[2026-03-02 22:59:54] Step 4930/10000 | loss=0.4767 | mask=59.61% (active=1228, masked=1812) | no_ctx=0.00 oracle=1.00 real_rag=0.00 | gc=0.00 | rag_trigger=4.00 | rag_emb_grad=2.19e-02
[2026-03-02 23:00:16] Step 4940/10000 | loss=0.5309 | mask=56.94% (active=1669, masked=2207) | no_ctx=0.00 oracle=0.50 real_rag=0.50 | gc=0.00 | rag_trigger=4.00 | rag_emb_grad=1.79e-02
[2026-03-02 23:00:37] Step 4950/10000 | loss=0.5006 | mask=53.93% (active=1358, masked=1590) | no_ctx=0.00 oracle=0.50 real_rag=0.50 | gc=0.00 | rag_trigger=4.00 | rag_emb_grad=3.42e-02
[2026-03-02 23:00:57] Step 4960/10000 | loss=0.5133 | lr=9.96e-06 | grad_norm=0.824 | mask=55.19% (active=1676, masked=2064) | no_ctx=0.00 oracle=0.75 real_rag=0.25 | gc=0.00 | rag_trigger=4.00 | rag_emb_grad=3.09e-02
[2026-03-02 23:01:17] Step 4970/10000 | loss=0.5591 | mask=56.77% (active=1238, masked=1626) | no_ctx=0.00 oracle=0.75 real_rag=0.25 | gc=0.00 | rag_trigger=4.00 | rag_emb_grad=2.04e-02
[2026-03-02 23:01:37] Step 4980/10000 | loss=0.5172 | mask=64.83% (active=1366, masked=2518) | no_ctx=0.00 oracle=0.75 real_rag=0.25 | gc=0.00 | rag_trigger=4.00 | rag_emb_grad=1.98e-02
[2026-03-02 23:01:56] Step 4990/10000 | loss=0.5568 | mask=53.74% (active=1486, masked=1726) | no_ctx=0.00 oracle=0.75 real_rag=0.25 | gc=0.00 | rag_trigger=4.00 | rag_emb_grad=3.54e-02
[2026-03-02 23:02:17] Step 5000/10000 | loss=0.4626 | lr=9.95e-06 | grad_norm=0.910 | mask=64.18% (active=1655, masked=2965) | no_ctx=0.00 oracle=0.75 real_rag=0.25 | gc=0.00 | rag_trigger=4.00 | rag_emb_grad=4.44e-02
[2026-03-02 23:03:02] Saved: results/rag_oracle_20260302_195748/P14_rag_token_oracle07_noctx0_70b/checkpoints/step_5000
[2026-03-02 23:03:21] Step 5010/10000 | loss=0.4720 | mask=59.36% (active=1164, masked=1700) | no_ctx=0.00 oracle=0.75 real_rag=0.25 | gc=0.00 | rag_trigger=4.00 | rag_emb_grad=1.65e-02
[2026-03-02 23:03:44] Step 5020/10000 | loss=0.5667 | mask=51.85% (active=1460, masked=1572) | no_ctx=0.00 oracle=0.75 real_rag=0.25 | gc=0.00 | rag_trigger=4.00 | rag_emb_grad=3.22e-02
[2026-03-02 23:04:05] Step 5030/10000 | loss=0.5242 | mask=51.10% (active=1205, masked=1259) | no_ctx=0.00 oracle=0.75 real_rag=0.25 | gc=0.00 | rag_trigger=3.75 | rag_emb_grad=2.54e-02
[2026-03-02 23:04:27] Step 5040/10000 | loss=0.5336 | lr=9.95e-06 | grad_norm=0.941 | mask=65.15% (active=1132, masked=2116) | no_ctx=0.00 oracle=0.75 real_rag=0.25 | gc=0.00 | rag_trigger=4.00 | rag_emb_grad=4.88e-02
[2026-03-02 23:04:48] Step 5050/10000 | loss=0.4363 | mask=61.99% (active=1122, masked=1830) | no_ctx=0.00 oracle=1.00 real_rag=0.00 | gc=0.00 | rag_trigger=4.00 | rag_emb_grad=1.83e-02
[2026-03-02 23:05:09] Step 5060/10000 | loss=0.6225 | mask=67.95% (active=1441, masked=3055) | no_ctx=0.00 oracle=0.50 real_rag=0.50 | gc=0.00 | rag_trigger=4.00 | rag_emb_grad=2.25e-02
[2026-03-02 23:05:29] Step 5070/10000 | loss=0.5724 | mask=49.79% (active=1444, masked=1432) | no_ctx=0.00 oracle=1.00 real_rag=0.00 | gc=0.00 | rag_trigger=4.00 | rag_emb_grad=2.88e-02
[2026-03-02 23:05:50] Step 5080/10000 | loss=0.4978 | lr=9.95e-06 | grad_norm=0.883 | mask=57.75% (active=1320, masked=1804) | no_ctx=0.00 oracle=1.00 real_rag=0.00 | gc=0.00 | rag_trigger=3.75 | rag_emb_grad=5.64e-02
[2026-03-02 23:06:09] Step 5090/10000 | loss=0.5312 | mask=68.98% (active=1015, masked=2257) | no_ctx=0.00 oracle=0.75 real_rag=0.25 | gc=0.00 | rag_trigger=4.00 | rag_emb_grad=1.68e-02
[2026-03-02 23:06:32] Step 5100/10000 | loss=0.5733 | mask=66.04% (active=1437, masked=2795) | no_ctx=0.00 oracle=1.00 real_rag=0.00 | gc=0.00 | rag_trigger=4.00 | rag_emb_grad=1.82e-02
[2026-03-02 23:06:52] Step 5110/10000 | loss=0.4887 | mask=56.27% (active=1200, masked=1544) | no_ctx=0.00 oracle=0.75 real_rag=0.25 | gc=0.00 | rag_trigger=4.00 | rag_emb_grad=6.79e-02
[2026-03-02 23:07:14] Step 5120/10000 | loss=0.5491 | lr=9.95e-06 | grad_norm=0.859 | mask=58.77% (active=1433, masked=2043) | no_ctx=0.00 oracle=0.75 real_rag=0.25 | gc=0.00 | rag_trigger=4.00 | rag_emb_grad=4.00e-02
[2026-03-02 23:07:35] Step 5130/10000 | loss=0.5444 | mask=55.47% (active=1425, masked=1775) | no_ctx=0.00 oracle=0.50 real_rag=0.50 | gc=0.00 | rag_trigger=4.00 | rag_emb_grad=1.23e-02
[2026-03-02 23:07:57] Step 5140/10000 | loss=0.4879 | mask=61.33% (active=1205, masked=1911) | no_ctx=0.00 oracle=0.50 real_rag=0.50 | gc=0.00 | rag_trigger=4.00 | rag_emb_grad=2.11e-02
[2026-03-02 23:08:19] Step 5150/10000 | loss=0.5359 | mask=63.71% (active=1016, masked=1784) | no_ctx=0.00 oracle=0.50 real_rag=0.50 | gc=0.00 | rag_trigger=4.00 | rag_emb_grad=2.97e-02
[2026-03-02 23:08:38] Step 5160/10000 | loss=0.4364 | lr=9.95e-06 | grad_norm=0.898 | mask=67.20% (active=1283, masked=2629) | no_ctx=0.00 oracle=0.75 real_rag=0.25 | gc=0.00 | rag_trigger=4.00 | rag_emb_grad=3.11e-02
[2026-03-02 23:09:00] Step 5170/10000 | loss=0.4961 | mask=55.09% (active=1649, masked=2023) | no_ctx=0.00 oracle=0.75 real_rag=0.25 | gc=0.00 | rag_trigger=4.00 | rag_emb_grad=1.61e-02
[2026-03-02 23:09:20] Step 5180/10000 | loss=0.4558 | mask=64.29% (active=887, masked=1597) | no_ctx=0.00 oracle=1.00 real_rag=0.00 | gc=0.00 | rag_trigger=4.00 | rag_emb_grad=3.09e-02
[2026-03-02 23:09:41] Step 5190/10000 | loss=0.5761 | mask=55.86% (active=1695, masked=2145) | no_ctx=0.00 oracle=0.50 real_rag=0.50 | gc=0.00 | rag_trigger=4.00 | rag_emb_grad=2.84e-02
[2026-03-02 23:10:03] Step 5200/10000 | loss=0.4958 | lr=9.95e-06 | grad_norm=0.902 | mask=54.17% (active=1307, masked=1545) | no_ctx=0.00 oracle=0.75 real_rag=0.25 | gc=0.00 | rag_trigger=4.00 | rag_emb_grad=2.58e-02
[2026-03-02 23:10:26] Step 5210/10000 | loss=0.5512 | mask=61.56% (active=2082, masked=3334) | no_ctx=0.00 oracle=0.50 real_rag=0.50 | gc=0.00 | rag_trigger=4.00 | rag_emb_grad=1.67e-02
[2026-03-02 23:10:48] Step 5220/10000 | loss=0.5429 | mask=51.60% (active=1330, masked=1418) | no_ctx=0.00 oracle=0.50 real_rag=0.50 | gc=0.00 | rag_trigger=4.00 | rag_emb_grad=2.29e-02
[2026-03-02 23:11:10] Step 5230/10000 | loss=0.5859 | mask=59.33% (active=1072, masked=1564) | no_ctx=0.00 oracle=0.50 real_rag=0.50 | gc=0.00 | rag_trigger=4.00 | rag_emb_grad=3.39e-02
[2026-03-02 23:11:31] Step 5240/10000 | loss=0.5852 | lr=9.95e-06 | grad_norm=1.031 | mask=60.65% (active=1426, masked=2198) | no_ctx=0.00 oracle=0.25 real_rag=0.75 | gc=0.00 | rag_trigger=4.00 | rag_emb_grad=2.95e-02
[2026-03-02 23:11:52] Step 5250/10000 | loss=0.4733 | mask=62.90% (active=1377, masked=2335) | no_ctx=0.00 oracle=1.00 real_rag=0.00 | gc=0.00 | rag_trigger=4.00 | rag_emb_grad=1.59e-02
[2026-03-02 23:12:13] Step 5260/10000 | loss=0.5319 | mask=63.73% (active=1207, masked=2121) | no_ctx=0.00 oracle=0.50 real_rag=0.50 | gc=0.00 | rag_trigger=4.00 | rag_emb_grad=2.15e-02
[2026-03-02 23:12:32] Step 5270/10000 | loss=0.4380 | mask=54.74% (active=1832, masked=2216) | no_ctx=0.00 oracle=0.75 real_rag=0.25 | gc=0.00 | rag_trigger=4.00 | rag_emb_grad=3.49e-02
[2026-03-02 23:12:52] Step 5280/10000 | loss=0.5238 | lr=9.95e-06 | grad_norm=0.996 | mask=58.56% (active=1457, masked=2059) | no_ctx=0.00 oracle=0.75 real_rag=0.25 | gc=0.00 | rag_trigger=4.00 | rag_emb_grad=2.80e-02
[2026-03-02 23:13:12] Step 5290/10000 | loss=0.4877 | mask=58.68% (active=1185, masked=1683) | no_ctx=0.00 oracle=0.50 real_rag=0.50 | gc=0.00 | rag_trigger=4.00 | rag_emb_grad=1.68e-02
[2026-03-02 23:13:33] Step 5300/10000 | loss=0.5362 | mask=60.45% (active=1117, masked=1707) | no_ctx=0.00 oracle=0.50 real_rag=0.50 | gc=0.00 | rag_trigger=4.00 | rag_emb_grad=2.67e-02
[2026-03-02 23:13:52] Step 5310/10000 | loss=0.5164 | mask=63.52% (active=855, masked=1489) | no_ctx=0.00 oracle=0.75 real_rag=0.25 | gc=0.00 | rag_trigger=4.00 | rag_emb_grad=3.91e-02
[2026-03-02 23:14:13] Step 5320/10000 | loss=0.5013 | lr=9.95e-06 | grad_norm=0.922 | mask=59.36% (active=1224, masked=1788) | no_ctx=0.00 oracle=0.50 real_rag=0.50 | gc=0.00 | rag_trigger=4.00 | rag_emb_grad=4.08e-02
[2026-03-02 23:14:32] Step 5330/10000 | loss=0.5113 | mask=52.30% (active=1641, masked=1799) | no_ctx=0.00 oracle=1.00 real_rag=0.00 | gc=0.00 | rag_trigger=4.00 | rag_emb_grad=2.08e-02
[2026-03-02 23:14:52] Step 5340/10000 | loss=0.5164 | mask=57.03% (active=1155, masked=1533) | no_ctx=0.00 oracle=0.75 real_rag=0.25 | gc=0.00 | rag_trigger=4.00 | rag_emb_grad=3.20e-02
[2026-03-02 23:15:14] Step 5350/10000 | loss=0.5217 | mask=45.72% (active=1724, masked=1452) | no_ctx=0.00 oracle=0.75 real_rag=0.25 | gc=0.00 | rag_trigger=4.00 | rag_emb_grad=2.34e-02
[2026-03-02 23:15:35] Step 5360/10000 | loss=0.5347 | lr=9.94e-06 | grad_norm=0.984 | mask=48.72% (active=1518, masked=1442) | no_ctx=0.00 oracle=0.25 real_rag=0.75 | gc=0.00 | rag_trigger=4.00 | rag_emb_grad=3.61e-02
[2026-03-02 23:15:55] Step 5370/10000 | loss=0.5072 | mask=61.19% (active=1301, masked=2051) | no_ctx=0.00 oracle=0.75 real_rag=0.25 | gc=0.00 | rag_trigger=4.00 | rag_emb_grad=1.21e-02
[2026-03-02 23:16:15] Step 5380/10000 | loss=0.4728 | mask=57.31% (active=1255, masked=1685) | no_ctx=0.00 oracle=1.00 real_rag=0.00 | gc=0.00 | rag_trigger=4.00 | rag_emb_grad=4.54e-02
[2026-03-02 23:16:39] Step 5390/10000 | loss=0.5773 | mask=59.99% (active=1650, masked=2474) | no_ctx=0.00 oracle=0.50 real_rag=0.50 | gc=0.00 | rag_trigger=4.00 | rag_emb_grad=3.88e-02
[2026-03-02 23:17:01] Step 5400/10000 | loss=0.5587 | lr=9.94e-06 | grad_norm=0.887 | mask=59.67% (active=1552, masked=2296) | no_ctx=0.00 oracle=0.75 real_rag=0.25 | gc=0.00 | rag_trigger=4.00 | rag_emb_grad=4.47e-02
[2026-03-02 23:17:20] Step 5410/10000 | loss=0.4933 | mask=64.97% (active=1369, masked=2539) | no_ctx=0.00 oracle=0.50 real_rag=0.50 | gc=0.00 | rag_trigger=4.00 | rag_emb_grad=1.75e-02
[2026-03-02 23:17:41] Step 5420/10000 | loss=0.5175 | mask=55.98% (active=1333, masked=1695) | no_ctx=0.00 oracle=0.75 real_rag=0.25 | gc=0.00 | rag_trigger=4.00 | rag_emb_grad=1.83e-02
[2026-03-02 23:18:03] Step 5430/10000 | loss=0.5756 | mask=60.45% (active=1631, masked=2493) | no_ctx=0.00 oracle=1.00 real_rag=0.00 | gc=0.00 | rag_trigger=4.00 | rag_emb_grad=2.76e-02
[2026-03-02 23:18:26] Step 5440/10000 | loss=0.5531 | lr=9.94e-06 | grad_norm=0.844 | mask=64.23% (active=1986, masked=3566) | no_ctx=0.00 oracle=0.75 real_rag=0.25 | gc=0.00 | rag_trigger=4.00 | rag_emb_grad=2.81e-02
[2026-03-02 23:18:48] Step 5450/10000 | loss=0.5093 | mask=67.35% (active=828, masked=1708) | no_ctx=0.00 oracle=0.25 real_rag=0.75 | gc=0.00 | rag_trigger=3.75 | rag_emb_grad=1.87e-02
[2026-03-02 23:19:08] Step 5460/10000 | loss=0.5513 | mask=53.30% (active=1670, masked=1906) | no_ctx=0.00 oracle=0.75 real_rag=0.25 | gc=0.00 | rag_trigger=4.00 | rag_emb_grad=2.21e-02
[2026-03-02 23:19:28] Step 5470/10000 | loss=0.4880 | mask=60.02% (active=1340, masked=2012) | no_ctx=0.00 oracle=0.25 real_rag=0.75 | gc=0.00 | rag_trigger=4.00 | rag_emb_grad=3.30e-02
[2026-03-02 23:19:48] Step 5480/10000 | loss=0.5208 | lr=9.94e-06 | grad_norm=0.906 | mask=53.71% (active=1496, masked=1736) | no_ctx=0.00 oracle=0.50 real_rag=0.50 | gc=0.00 | rag_trigger=4.00 | rag_emb_grad=4.20e-02
[2026-03-02 23:20:08] Step 5490/10000 | loss=0.5410 | mask=56.18% (active=1355, masked=1737) | no_ctx=0.00 oracle=1.00 real_rag=0.00 | gc=0.00 | rag_trigger=4.00 | rag_emb_grad=1.42e-02
[2026-03-02 23:20:28] Step 5500/10000 | loss=0.5073 | mask=51.86% (active=1421, masked=1531) | no_ctx=0.00 oracle=0.75 real_rag=0.25 | gc=0.00 | rag_trigger=4.00 | rag_emb_grad=2.19e-02
[2026-03-02 23:21:24] Saved: results/rag_oracle_20260302_195748/P14_rag_token_oracle07_noctx0_70b/checkpoints/step_5500
[2026-03-02 23:21:46] Step 5510/10000 | loss=0.5249 | mask=69.31% (active=1252, masked=2828) | no_ctx=0.00 oracle=0.50 real_rag=0.50 | gc=0.00 | rag_trigger=4.00 | rag_emb_grad=3.61e-02
[2026-03-02 23:22:07] Step 5520/10000 | loss=0.5003 | lr=9.94e-06 | grad_norm=1.008 | mask=62.74% (active=1313, masked=2211) | no_ctx=0.00 oracle=0.50 real_rag=0.50 | gc=0.00 | rag_trigger=4.00 | rag_emb_grad=3.44e-02
[2026-03-02 23:22:28] Step 5530/10000 | loss=0.5241 | mask=56.61% (active=1215, masked=1585) | no_ctx=0.00 oracle=1.00 real_rag=0.00 | gc=0.00 | rag_trigger=4.00 | rag_emb_grad=1.42e-02
[2026-03-02 23:22:50] Step 5540/10000 | loss=0.5267 | mask=57.93% (active=1119, masked=1541) | no_ctx=0.00 oracle=0.50 real_rag=0.50 | gc=0.00 | rag_trigger=4.00 | rag_emb_grad=1.87e-02
[2026-03-02 23:23:11] Step 5550/10000 | loss=0.5671 | mask=58.51% (active=1170, masked=1650) | no_ctx=0.00 oracle=0.75 real_rag=0.25 | gc=0.00 | rag_trigger=4.00 | rag_emb_grad=3.44e-02
[2026-03-02 23:23:32] Step 5560/10000 | loss=0.4728 | lr=9.94e-06 | grad_norm=0.922 | mask=60.67% (active=1265, masked=1951) | no_ctx=0.00 oracle=1.00 real_rag=0.00 | gc=0.00 | rag_trigger=4.00 | rag_emb_grad=2.51e-02
[2026-03-02 23:23:51] Step 5570/10000 | loss=0.4508 | mask=53.60% (active=1340, masked=1548) | no_ctx=0.00 oracle=0.75 real_rag=0.25 | gc=0.00 | rag_trigger=4.00 | rag_emb_grad=1.82e-02
[2026-03-02 23:24:14] Step 5580/10000 | loss=0.5881 | mask=52.50% (active=1843, masked=2037) | no_ctx=0.00 oracle=0.75 real_rag=0.25 | gc=0.00 | rag_trigger=4.00 | rag_emb_grad=1.71e-02
[2026-03-02 23:24:36] Step 5590/10000 | loss=0.5489 | mask=61.55% (active=1295, masked=2073) | no_ctx=0.00 oracle=1.00 real_rag=0.00 | gc=0.00 | rag_trigger=4.00 | rag_emb_grad=2.39e-02
[2026-03-02 23:24:57] Step 5600/10000 | loss=0.5211 | lr=9.94e-06 | grad_norm=0.949 | mask=55.99% (active=1234, masked=1570) | no_ctx=0.00 oracle=0.00 real_rag=1.00 | gc=0.00 | rag_trigger=4.00 | rag_emb_grad=3.22e-02
[2026-03-02 23:25:19] Step 5610/10000 | loss=0.5227 | mask=65.99% (active=1102, masked=2138) | no_ctx=0.00 oracle=0.25 real_rag=0.75 | gc=0.00 | rag_trigger=4.00 | rag_emb_grad=2.42e-02
[2026-03-02 23:25:41] Step 5620/10000 | loss=0.5348 | mask=53.73% (active=1427, masked=1657) | no_ctx=0.00 oracle=0.75 real_rag=0.25 | gc=0.00 | rag_trigger=4.00 | rag_emb_grad=3.10e-02
[2026-03-02 23:26:01] Step 5630/10000 | loss=0.5141 | mask=63.17% (active=1317, masked=2259) | no_ctx=0.00 oracle=0.75 real_rag=0.25 | gc=0.00 | rag_trigger=4.00 | rag_emb_grad=2.06e-02
[2026-03-02 23:26:22] Step 5640/10000 | loss=0.4526 | lr=9.94e-06 | grad_norm=0.812 | mask=58.37% (active=1244, masked=1744) | no_ctx=0.00 oracle=0.75 real_rag=0.25 | gc=0.00 | rag_trigger=4.00 | rag_emb_grad=4.15e-02
[2026-03-02 23:26:43] Step 5650/10000 | loss=0.5085 | mask=58.09% (active=1289, masked=1787) | no_ctx=0.00 oracle=0.50 real_rag=0.50 | gc=0.00 | rag_trigger=4.00 | rag_emb_grad=1.45e-02
[2026-03-02 23:27:05] Step 5660/10000 | loss=0.6052 | mask=60.47% (active=1461, masked=2235) | no_ctx=0.00 oracle=0.75 real_rag=0.25 | gc=0.00 | rag_trigger=4.00 | rag_emb_grad=3.47e-02
[2026-03-02 23:27:25] Step 5670/10000 | loss=0.4840 | mask=63.88% (active=955, masked=1689) | no_ctx=0.00 oracle=0.50 real_rag=0.50 | gc=0.00 | rag_trigger=4.00 | rag_emb_grad=3.86e-02
[2026-03-02 23:27:44] Step 5680/10000 | loss=0.4855 | lr=9.93e-06 | grad_norm=0.930 | mask=52.95% (active=1370, masked=1542) | no_ctx=0.00 oracle=0.50 real_rag=0.50 | gc=0.00 | rag_trigger=4.00 | rag_emb_grad=3.08e-02
[2026-03-02 23:28:05] Step 5690/10000 | loss=0.5195 | mask=52.16% (active=1569, masked=1711) | no_ctx=0.00 oracle=0.75 real_rag=0.25 | gc=0.00 | rag_trigger=4.00 | rag_emb_grad=9.46e-03
[2026-03-02 23:28:26] Step 5700/10000 | loss=0.4708 | mask=53.83% (active=1267, masked=1477) | no_ctx=0.00 oracle=0.75 real_rag=0.25 | gc=0.00 | rag_trigger=4.00 | rag_emb_grad=2.37e-02
[2026-03-02 23:28:47] Step 5710/10000 | loss=0.5068 | mask=54.28% (active=1796, masked=2132) | no_ctx=0.00 oracle=0.75 real_rag=0.25 | gc=0.00 | rag_trigger=4.00 | rag_emb_grad=3.05e-02
[2026-03-02 23:29:08] Step 5720/10000 | loss=0.5788 | lr=9.93e-06 | grad_norm=0.996 | mask=59.70% (active=1657, masked=2455) | no_ctx=0.00 oracle=0.50 real_rag=0.50 | gc=0.00 | rag_trigger=4.00 | rag_emb_grad=2.29e-02
[2026-03-02 23:29:29] Step 5730/10000 | loss=0.4439 | mask=56.84% (active=1464, masked=1928) | no_ctx=0.00 oracle=1.00 real_rag=0.00 | gc=0.00 | rag_trigger=4.00 | rag_emb_grad=1.31e-02
[2026-03-02 23:29:50] Step 5740/10000 | loss=0.5429 | mask=67.97% (active=1021, masked=2167) | no_ctx=0.00 oracle=0.25 real_rag=0.75 | gc=0.00 | rag_trigger=4.00 | rag_emb_grad=2.71e-02
[2026-03-02 23:30:11] Step 5750/10000 | loss=0.5325 | mask=61.79% (active=1368, masked=2212) | no_ctx=0.00 oracle=0.50 real_rag=0.50 | gc=0.00 | rag_trigger=4.00 | rag_emb_grad=2.29e-02
[2026-03-02 23:30:30] Step 5760/10000 | loss=0.5679 | lr=9.93e-06 | grad_norm=0.977 | mask=57.73% (active=1175, masked=1605) | no_ctx=0.00 oracle=0.75 real_rag=0.25 | gc=0.00 | rag_trigger=4.00 | rag_emb_grad=5.22e-02
[2026-03-02 23:30:53] Step 5770/10000 | loss=0.5676 | mask=58.40% (active=1303, masked=1829) | no_ctx=0.00 oracle=0.50 real_rag=0.50 | gc=0.00 | rag_trigger=4.00 | rag_emb_grad=2.17e-02
[2026-03-02 23:31:14] Step 5780/10000 | loss=0.4944 | mask=58.73% (active=1172, masked=1668) | no_ctx=0.00 oracle=0.50 real_rag=0.50 | gc=0.00 | rag_trigger=4.00 | rag_emb_grad=2.06e-02
[2026-03-02 23:31:37] Step 5790/10000 | loss=0.5444 | mask=63.95% (active=917, masked=1627) | no_ctx=0.00 oracle=1.00 real_rag=0.00 | gc=0.00 | rag_trigger=4.00 | rag_emb_grad=2.42e-02
[2026-03-02 23:31:58] Step 5800/10000 | loss=0.5093 | lr=9.93e-06 | grad_norm=0.824 | mask=52.30% (active=1494, masked=1638) | no_ctx=0.00 oracle=0.75 real_rag=0.25 | gc=0.00 | rag_trigger=4.00 | rag_emb_grad=3.10e-02
[2026-03-02 23:32:20] Step 5810/10000 | loss=0.5438 | mask=56.69% (active=1599, masked=2093) | no_ctx=0.00 oracle=1.00 real_rag=0.00 | gc=0.00 | rag_trigger=4.00 | rag_emb_grad=1.53e-02
[2026-03-02 23:32:43] Step 5820/10000 | loss=0.5587 | mask=61.95% (active=1554, masked=2530) | no_ctx=0.00 oracle=1.00 real_rag=0.00 | gc=0.00 | rag_trigger=4.00 | rag_emb_grad=2.08e-02
[2026-03-02 23:33:04] Step 5830/10000 | loss=0.4887 | mask=62.89% (active=1434, masked=2430) | no_ctx=0.00 oracle=0.75 real_rag=0.25 | gc=0.00 | rag_trigger=4.00 | rag_emb_grad=2.58e-02
[2026-03-02 23:33:25] Step 5840/10000 | loss=0.4625 | lr=9.93e-06 | grad_norm=0.895 | mask=62.04% (active=1145, masked=1871) | no_ctx=0.00 oracle=0.75 real_rag=0.25 | gc=0.00 | rag_trigger=4.00 | rag_emb_grad=4.96e-02
[2026-03-02 23:33:47] Step 5850/10000 | loss=0.5479 | mask=55.43% (active=1339, masked=1665) | no_ctx=0.00 oracle=0.50 real_rag=0.50 | gc=0.00 | rag_trigger=4.00 | rag_emb_grad=1.14e-02
[2026-03-02 23:34:08] Step 5860/10000 | loss=0.4446 | mask=60.56% (active=1568, masked=2408) | no_ctx=0.00 oracle=0.75 real_rag=0.25 | gc=0.00 | rag_trigger=4.00 | rag_emb_grad=2.59e-02
[2026-03-02 23:34:28] Step 5870/10000 | loss=0.4802 | mask=61.07% (active=1344, masked=2108) | no_ctx=0.00 oracle=0.75 real_rag=0.25 | gc=0.00 | rag_trigger=4.00 | rag_emb_grad=2.69e-02
[2026-03-02 23:34:48] Step 5880/10000 | loss=0.4844 | lr=9.93e-06 | grad_norm=0.891 | mask=62.98% (active=1189, masked=2023) | no_ctx=0.00 oracle=0.50 real_rag=0.50 | gc=0.00 | rag_trigger=4.00 | rag_emb_grad=3.00e-02
[2026-03-02 23:35:10] Step 5890/10000 | loss=0.5402 | mask=59.44% (active=1371, masked=2009) | no_ctx=0.00 oracle=0.50 real_rag=0.50 | gc=0.00 | rag_trigger=4.00 | rag_emb_grad=1.67e-02
[2026-03-02 23:35:32] Step 5900/10000 | loss=0.5564 | mask=58.02% (active=1508, masked=2084) | no_ctx=0.00 oracle=0.75 real_rag=0.25 | gc=0.00 | rag_trigger=4.00 | rag_emb_grad=1.99e-02
[2026-03-02 23:35:53] Step 5910/10000 | loss=0.5193 | mask=66.43% (active=1230, masked=2434) | no_ctx=0.00 oracle=0.50 real_rag=0.50 | gc=0.00 | rag_trigger=4.00 | rag_emb_grad=3.78e-02
[2026-03-02 23:36:13] Step 5920/10000 | loss=0.5620 | lr=9.93e-06 | grad_norm=0.980 | mask=53.76% (active=1855, masked=2157) | no_ctx=0.00 oracle=1.00 real_rag=0.00 | gc=0.00 | rag_trigger=4.00 | rag_emb_grad=3.37e-02
[2026-03-02 23:36:32] Step 5930/10000 | loss=0.5017 | mask=63.24% (active=1235, masked=2125) | no_ctx=0.00 oracle=0.75 real_rag=0.25 | gc=0.00 | rag_trigger=4.00 | rag_emb_grad=1.86e-02
[2026-03-02 23:36:54] Step 5940/10000 | loss=0.4799 | mask=69.77% (active=1393, masked=3215) | no_ctx=0.00 oracle=0.75 real_rag=0.25 | gc=0.00 | rag_trigger=4.00 | rag_emb_grad=1.89e-02
[2026-03-02 23:37:15] Step 5950/10000 | loss=0.5028 | mask=60.33% (active=1214, masked=1846) | no_ctx=0.00 oracle=0.75 real_rag=0.25 | gc=0.00 | rag_trigger=4.00 | rag_emb_grad=3.25e-02
[2026-03-02 23:37:37] Step 5960/10000 | loss=0.6281 | lr=9.92e-06 | grad_norm=1.016 | mask=57.28% (active=1333, masked=1787) | no_ctx=0.00 oracle=0.75 real_rag=0.25 | gc=0.00 | rag_trigger=4.00 | rag_emb_grad=3.52e-02
[2026-03-02 23:37:57] Step 5970/10000 | loss=0.4521 | mask=50.42% (active=1406, masked=1430) | no_ctx=0.00 oracle=0.75 real_rag=0.25 | gc=0.00 | rag_trigger=4.00 | rag_emb_grad=1.59e-02
[2026-03-02 23:38:19] Step 5980/10000 | loss=0.4746 | mask=62.35% (active=1146, masked=1898) | no_ctx=0.00 oracle=1.00 real_rag=0.00 | gc=0.00 | rag_trigger=4.00 | rag_emb_grad=3.30e-02
[2026-03-02 23:38:39] Step 5990/10000 | loss=0.4347 | mask=62.70% (active=943, masked=1585) | no_ctx=0.00 oracle=1.00 real_rag=0.00 | gc=0.00 | rag_trigger=4.00 | rag_emb_grad=2.92e-02
[2026-03-02 23:38:59] Step 6000/10000 | loss=0.4869 | lr=9.92e-06 | grad_norm=0.828 | mask=66.25% (active=1169, masked=2295) | no_ctx=0.00 oracle=0.75 real_rag=0.25 | gc=0.00 | rag_trigger=4.00 | rag_emb_grad=2.60e-02
[2026-03-02 23:39:38] Saved: results/rag_oracle_20260302_195748/P14_rag_token_oracle07_noctx0_70b/checkpoints/step_6000
[2026-03-02 23:40:00] Step 6010/10000 | loss=0.5011 | mask=48.12% (active=1353, masked=1255) | no_ctx=0.00 oracle=0.75 real_rag=0.25 | gc=0.00 | rag_trigger=4.00 | rag_emb_grad=1.42e-02
[2026-03-02 23:40:21] Step 6020/10000 | loss=0.4127 | mask=69.84% (active=731, masked=1693) | no_ctx=0.00 oracle=0.75 real_rag=0.25 | gc=0.00 | rag_trigger=4.00 | rag_emb_grad=2.75e-02
[2026-03-02 23:40:41] Step 6030/10000 | loss=0.4947 | mask=54.12% (active=1514, masked=1786) | no_ctx=0.00 oracle=0.50 real_rag=0.50 | gc=0.00 | rag_trigger=4.00 | rag_emb_grad=2.99e-02
[2026-03-02 23:41:03] Step 6040/10000 | loss=0.5400 | lr=9.92e-06 | grad_norm=1.016 | mask=63.99% (active=1331, masked=2365) | no_ctx=0.00 oracle=0.25 real_rag=0.75 | gc=0.00 | rag_trigger=4.00 | rag_emb_grad=3.78e-02
[2026-03-02 23:41:23] Step 6050/10000 | loss=0.5019 | mask=63.06% (active=1018, masked=1738) | no_ctx=0.00 oracle=1.00 real_rag=0.00 | gc=0.00 | rag_trigger=4.00 | rag_emb_grad=2.08e-02
[2026-03-02 23:41:43] Step 6060/10000 | loss=0.5107 | mask=67.02% (active=1029, masked=2091) | no_ctx=0.00 oracle=0.75 real_rag=0.25 | gc=0.00 | rag_trigger=4.00 | rag_emb_grad=2.48e-02
[2026-03-02 23:42:04] Step 6070/10000 | loss=0.4823 | mask=58.16% (active=1533, masked=2131) | no_ctx=0.00 oracle=1.00 real_rag=0.00 | gc=0.00 | rag_trigger=4.00 | rag_emb_grad=2.12e-02
[2026-03-02 23:42:24] Step 6080/10000 | loss=0.5428 | lr=9.92e-06 | grad_norm=1.086 | mask=57.84% (active=1715, masked=2353) | no_ctx=0.00 oracle=0.75 real_rag=0.25 | gc=0.00 | rag_trigger=4.00 | rag_emb_grad=5.64e-02
[2026-03-02 23:42:45] Step 6090/10000 | loss=0.4707 | mask=62.41% (active=1269, masked=2107) | no_ctx=0.00 oracle=0.75 real_rag=0.25 | gc=0.00 | rag_trigger=4.00 | rag_emb_grad=1.45e-02
[2026-03-02 23:43:07] Step 6100/10000 | loss=0.6098 | mask=60.64% (active=1650, masked=2542) | no_ctx=0.00 oracle=0.75 real_rag=0.25 | gc=0.00 | rag_trigger=4.00 | rag_emb_grad=1.52e-02
[2026-03-02 23:43:29] Step 6110/10000 | loss=0.5840 | mask=54.46% (active=1277, masked=1527) | no_ctx=0.00 oracle=0.25 real_rag=0.75 | gc=0.00 | rag_trigger=4.00 | rag_emb_grad=3.54e-02
[2026-03-02 23:43:50] Step 6120/10000 | loss=0.5243 | lr=9.92e-06 | grad_norm=0.867 | mask=46.84% (active=1499, masked=1321) | no_ctx=0.00 oracle=0.75 real_rag=0.25 | gc=0.00 | rag_trigger=4.00 | rag_emb_grad=2.45e-02
[2026-03-02 23:44:09] Step 6130/10000 | loss=0.5201 | mask=57.17% (active=2078, masked=2774) | no_ctx=0.00 oracle=0.50 real_rag=0.50 | gc=0.00 | rag_trigger=4.00 | rag_emb_grad=1.37e-02
[2026-03-02 23:44:31] Step 6140/10000 | loss=0.5153 | mask=50.79% (active=1740, masked=1796) | no_ctx=0.00 oracle=0.50 real_rag=0.50 | gc=0.00 | rag_trigger=4.00 | rag_emb_grad=2.89e-02
[2026-03-02 23:44:53] Step 6150/10000 | loss=0.5294 | mask=55.11% (active=1589, masked=1951) | no_ctx=0.00 oracle=1.00 real_rag=0.00 | gc=0.00 | rag_trigger=4.00 | rag_emb_grad=2.45e-02
[2026-03-02 23:45:13] Step 6160/10000 | loss=0.5361 | lr=9.92e-06 | grad_norm=0.934 | mask=60.78% (active=1611, masked=2497) | no_ctx=0.00 oracle=0.75 real_rag=0.25 | gc=0.00 | rag_trigger=4.00 | rag_emb_grad=4.08e-02
[2026-03-02 23:45:34] Step 6170/10000 | loss=0.4602 | mask=61.01% (active=1469, masked=2299) | no_ctx=0.00 oracle=1.00 real_rag=0.00 | gc=0.00 | rag_trigger=4.00 | rag_emb_grad=1.76e-02
[2026-03-02 23:45:57] Step 6180/10000 | loss=0.5546 | mask=56.49% (active=1328, masked=1724) | no_ctx=0.00 oracle=1.00 real_rag=0.00 | gc=0.00 | rag_trigger=4.00 | rag_emb_grad=1.51e-02
[2026-03-02 23:46:18] Step 6190/10000 | loss=0.4851 | mask=53.54% (active=1143, masked=1317) | no_ctx=0.00 oracle=0.75 real_rag=0.25 | gc=0.00 | rag_trigger=4.00 | rag_emb_grad=4.44e-02
[2026-03-02 23:46:39] Step 6200/10000 | loss=0.4932 | lr=9.92e-06 | grad_norm=0.836 | mask=56.45% (active=1329, masked=1723) | no_ctx=0.00 oracle=0.75 real_rag=0.25 | gc=0.00 | rag_trigger=4.00 | rag_emb_grad=3.22e-02
[2026-03-02 23:46:59] Step 6210/10000 | loss=0.4564 | mask=57.81% (active=1480, masked=2028) | no_ctx=0.00 oracle=0.75 real_rag=0.25 | gc=0.00 | rag_trigger=4.00 | rag_emb_grad=1.26e-02
[2026-03-02 23:47:20] Step 6220/10000 | loss=0.5650 | mask=63.54% (active=980, masked=1708) | no_ctx=0.00 oracle=0.50 real_rag=0.50 | gc=0.00 | rag_trigger=4.00 | rag_emb_grad=3.05e-02
[2026-03-02 23:47:41] Step 6230/10000 | loss=0.4765 | mask=55.68% (active=1303, masked=1637) | no_ctx=0.00 oracle=0.25 real_rag=0.75 | gc=0.00 | rag_trigger=4.00 | rag_emb_grad=3.47e-02
[2026-03-02 23:48:05] Step 6240/10000 | loss=0.5625 | lr=9.91e-06 | grad_norm=0.832 | mask=57.37% (active=1903, masked=2561) | no_ctx=0.00 oracle=0.50 real_rag=0.50 | gc=0.00 | rag_trigger=4.00 | rag_emb_grad=4.10e-02
[2026-03-02 23:48:25] Step 6250/10000 | loss=0.5325 | mask=62.81% (active=1257, masked=2123) | no_ctx=0.00 oracle=0.50 real_rag=0.50 | gc=0.00 | rag_trigger=4.00 | rag_emb_grad=2.29e-02
[2026-03-02 23:48:47] Step 6260/10000 | loss=0.5373 | mask=65.24% (active=1453, masked=2727) | no_ctx=0.00 oracle=0.50 real_rag=0.50 | gc=0.00 | rag_trigger=4.00 | rag_emb_grad=2.36e-02
[2026-03-02 23:49:07] Step 6270/10000 | loss=0.5158 | mask=53.74% (active=1310, masked=1522) | no_ctx=0.00 oracle=0.50 real_rag=0.50 | gc=0.00 | rag_trigger=4.00 | rag_emb_grad=2.66e-02
[2026-03-02 23:49:29] Step 6280/10000 | loss=0.4938 | lr=9.91e-06 | grad_norm=0.836 | mask=57.30% (active=1298, masked=1742) | no_ctx=0.00 oracle=0.75 real_rag=0.25 | gc=0.00 | rag_trigger=4.00 | rag_emb_grad=2.87e-02
[2026-03-02 23:49:48] Step 6290/10000 | loss=0.4771 | mask=61.03% (active=1124, masked=1760) | no_ctx=0.00 oracle=0.50 real_rag=0.50 | gc=0.00 | rag_trigger=4.00 | rag_emb_grad=2.04e-02
[2026-03-02 23:50:10] Step 6300/10000 | loss=0.4805 | mask=55.01% (active=1625, masked=1987) | no_ctx=0.00 oracle=1.00 real_rag=0.00 | gc=0.00 | rag_trigger=4.00 | rag_emb_grad=2.10e-02
[2026-03-02 23:50:32] Step 6310/10000 | loss=0.6261 | mask=70.43% (active=1360, masked=3240) | no_ctx=0.00 oracle=0.75 real_rag=0.25 | gc=0.00 | rag_trigger=4.00 | rag_emb_grad=3.34e-02
[2026-03-02 23:50:50] Step 6320/10000 | loss=0.5020 | lr=9.91e-06 | grad_norm=0.941 | mask=53.15% (active=1132, masked=1284) | no_ctx=0.00 oracle=0.25 real_rag=0.75 | gc=0.00 | rag_trigger=4.00 | rag_emb_grad=4.27e-02
[2026-03-02 23:51:10] Step 6330/10000 | loss=0.5508 | mask=59.70% (active=1441, masked=2135) | no_ctx=0.00 oracle=0.25 real_rag=0.75 | gc=0.00 | rag_trigger=4.00 | rag_emb_grad=1.27e-02
[2026-03-02 23:51:31] Step 6340/10000 | loss=0.4830 | mask=56.29% (active=1168, masked=1504) | no_ctx=0.00 oracle=1.00 real_rag=0.00 | gc=0.00 | rag_trigger=4.00 | rag_emb_grad=2.25e-02
[2026-03-02 23:51:53] Step 6350/10000 | loss=0.5657 | mask=54.17% (active=1351, masked=1597) | no_ctx=0.00 oracle=0.50 real_rag=0.50 | gc=0.00 | rag_trigger=4.00 | rag_emb_grad=4.54e-02
[2026-03-02 23:52:15] Step 6360/10000 | loss=0.6397 | lr=9.91e-06 | grad_norm=0.957 | mask=47.89% (active=2245, masked=2063) | no_ctx=0.00 oracle=0.00 real_rag=1.00 | gc=0.00 | rag_trigger=4.00 | rag_emb_grad=3.78e-02
[2026-03-02 23:52:34] Step 6370/10000 | loss=0.5006 | mask=51.63% (active=1246, masked=1330) | no_ctx=0.00 oracle=0.50 real_rag=0.50 | gc=0.00 | rag_trigger=4.00 | rag_emb_grad=1.83e-02
[2026-03-02 23:52:55] Step 6380/10000 | loss=0.5094 | mask=61.23% (active=1056, masked=1668) | no_ctx=0.00 oracle=1.00 real_rag=0.00 | gc=0.00 | rag_trigger=4.00 | rag_emb_grad=1.93e-02
[2026-03-02 23:53:18] Step 6390/10000 | loss=0.5367 | mask=67.07% (active=1561, masked=3179) | no_ctx=0.00 oracle=1.00 real_rag=0.00 | gc=0.00 | rag_trigger=4.00 | rag_emb_grad=2.91e-02
[2026-03-02 23:53:38] Step 6400/10000 | loss=0.4302 | lr=9.91e-06 | grad_norm=0.875 | mask=69.04% (active=868, masked=1936) | no_ctx=0.00 oracle=0.50 real_rag=0.50 | gc=0.00 | rag_trigger=4.00 | rag_emb_grad=3.34e-02
[2026-03-02 23:54:00] Step 6410/10000 | loss=0.5368 | mask=60.33% (active=1336, masked=2032) | no_ctx=0.00 oracle=0.75 real_rag=0.25 | gc=0.00 | rag_trigger=4.00 | rag_emb_grad=1.33e-02
[2026-03-02 23:54:21] Step 6420/10000 | loss=0.5557 | mask=60.87% (active=1030, masked=1602) | no_ctx=0.00 oracle=0.50 real_rag=0.50 | gc=0.00 | rag_trigger=4.00 | rag_emb_grad=3.59e-02
[2026-03-02 23:54:40] Step 6430/10000 | loss=0.4787 | mask=61.88% (active=1145, masked=1859) | no_ctx=0.00 oracle=0.00 real_rag=1.00 | gc=0.00 | rag_trigger=4.00 | rag_emb_grad=2.92e-02
[2026-03-02 23:55:05] Step 6440/10000 | loss=0.5592 | lr=9.91e-06 | grad_norm=0.859 | mask=58.03% (active=1590, masked=2198) | no_ctx=0.00 oracle=0.50 real_rag=0.50 | gc=0.00 | rag_trigger=4.00 | rag_emb_grad=3.22e-02
[2026-03-02 23:55:26] Step 6450/10000 | loss=0.4350 | mask=58.79% (active=1256, masked=1792) | no_ctx=0.00 oracle=1.00 real_rag=0.00 | gc=0.00 | rag_trigger=4.00 | rag_emb_grad=1.29e-02
[2026-03-02 23:55:48] Step 6460/10000 | loss=0.4949 | mask=52.38% (active=2141, masked=2355) | no_ctx=0.00 oracle=0.25 real_rag=0.75 | gc=0.00 | rag_trigger=4.00 | rag_emb_grad=2.00e-02
[2026-03-02 23:56:09] Step 6470/10000 | loss=0.5294 | mask=54.65% (active=1502, masked=1810) | no_ctx=0.00 oracle=0.25 real_rag=0.75 | gc=0.00 | rag_trigger=4.00 | rag_emb_grad=2.40e-02
[2026-03-02 23:56:30] Step 6480/10000 | loss=0.5151 | lr=9.91e-06 | grad_norm=0.887 | mask=55.64% (active=1558, masked=1954) | no_ctx=0.00 oracle=0.50 real_rag=0.50 | gc=0.00 | rag_trigger=4.00 | rag_emb_grad=3.25e-02
[2026-03-02 23:56:49] Step 6490/10000 | loss=0.4890 | mask=64.27% (active=1285, masked=2311) | no_ctx=0.00 oracle=0.50 real_rag=0.50 | gc=0.00 | rag_trigger=4.00 | rag_emb_grad=1.56e-02
[2026-03-02 23:57:11] Step 6500/10000 | loss=0.6107 | mask=69.10% (active=1094, masked=2446) | no_ctx=0.00 oracle=0.75 real_rag=0.25 | gc=0.00 | rag_trigger=4.00 | rag_emb_grad=1.92e-02
[2026-03-02 23:57:42] Saved: results/rag_oracle_20260302_195748/P14_rag_token_oracle07_noctx0_70b/checkpoints/step_6500
[2026-03-02 23:58:02] Step 6510/10000 | loss=0.4890 | mask=58.96% (active=1346, masked=1934) | no_ctx=0.00 oracle=0.50 real_rag=0.50 | gc=0.00 | rag_trigger=4.00 | rag_emb_grad=2.42e-02
[2026-03-02 23:58:24] Step 6520/10000 | loss=0.5557 | lr=9.90e-06 | grad_norm=0.898 | mask=57.87% (active=1429, masked=1963) | no_ctx=0.00 oracle=0.75 real_rag=0.25 | gc=0.00 | rag_trigger=4.00 | rag_emb_grad=3.54e-02
[2026-03-02 23:58:44] Step 6530/10000 | loss=0.5290 | mask=57.45% (active=1217, masked=1643) | no_ctx=0.00 oracle=1.00 real_rag=0.00 | gc=0.00 | rag_trigger=4.00 | rag_emb_grad=1.71e-02
[2026-03-02 23:59:05] Step 6540/10000 | loss=0.4927 | mask=50.10% (active=1503, masked=1509) | no_ctx=0.00 oracle=0.75 real_rag=0.25 | gc=0.00 | rag_trigger=4.00 | rag_emb_grad=1.71e-02
[2026-03-02 23:59:25] Step 6550/10000 | loss=0.4709 | mask=50.00% (active=1154, masked=1154) | no_ctx=0.00 oracle=0.50 real_rag=0.50 | gc=0.00 | rag_trigger=4.00 | rag_emb_grad=2.93e-02
[2026-03-02 23:59:46] Step 6560/10000 | loss=0.5264 | lr=9.90e-06 | grad_norm=0.930 | mask=59.84% (active=1359, masked=2025) | no_ctx=0.00 oracle=0.50 real_rag=0.50 | gc=0.00 | rag_trigger=4.00 | rag_emb_grad=2.98e-02
[2026-03-03 00:00:08] Step 6570/10000 | loss=0.6078 | mask=64.10% (active=1311, masked=2341) | no_ctx=0.00 oracle=1.00 real_rag=0.00 | gc=0.00 | rag_trigger=4.00 | rag_emb_grad=1.18e-02
[2026-03-03 00:00:29] Step 6580/10000 | loss=0.5542 | mask=52.60% (active=1475, masked=1637) | no_ctx=0.00 oracle=1.00 real_rag=0.00 | gc=0.00 | rag_trigger=4.00 | rag_emb_grad=2.40e-02
[2026-03-03 00:00:50] Step 6590/10000 | loss=0.4989 | mask=60.53% (active=1113, masked=1707) | no_ctx=0.00 oracle=0.50 real_rag=0.50 | gc=0.00 | rag_trigger=4.00 | rag_emb_grad=3.08e-02
[2026-03-03 00:01:13] Step 6600/10000 | loss=0.5144 | lr=9.90e-06 | grad_norm=0.984 | mask=63.27% (active=1434, masked=2470) | no_ctx=0.00 oracle=0.75 real_rag=0.25 | gc=0.00 | rag_trigger=4.00 | rag_emb_grad=4.25e-02
[2026-03-03 00:01:33] Step 6610/10000 | loss=0.4966 | mask=55.11% (active=1169, masked=1435) | no_ctx=0.00 oracle=0.75 real_rag=0.25 | gc=0.00 | rag_trigger=4.00 | rag_emb_grad=1.76e-02
[2026-03-03 00:01:54] Step 6620/10000 | loss=0.5594 | mask=61.75% (active=1605, masked=2591) | no_ctx=0.00 oracle=0.50 real_rag=0.50 | gc=0.00 | rag_trigger=4.00 | rag_emb_grad=2.44e-02
[2026-03-03 00:02:15] Step 6630/10000 | loss=0.5111 | mask=54.82% (active=1444, masked=1752) | no_ctx=0.00 oracle=1.00 real_rag=0.00 | gc=0.00 | rag_trigger=4.00 | rag_emb_grad=2.22e-02
[2026-03-03 00:02:37] Step 6640/10000 | loss=0.5845 | lr=9.90e-06 | grad_norm=0.895 | mask=60.15% (active=1527, masked=2305) | no_ctx=0.00 oracle=0.50 real_rag=0.50 | gc=0.00 | rag_trigger=4.00 | rag_emb_grad=2.72e-02
[2026-03-03 00:02:58] Step 6650/10000 | loss=0.4919 | mask=48.98% (active=1502, masked=1442) | no_ctx=0.00 oracle=0.75 real_rag=0.25 | gc=0.00 | rag_trigger=4.00 | rag_emb_grad=1.72e-02
[2026-03-03 00:03:19] Step 6660/10000 | loss=0.4834 | mask=63.01% (active=1157, masked=1971) | no_ctx=0.00 oracle=0.75 real_rag=0.25 | gc=0.00 | rag_trigger=4.00 | rag_emb_grad=2.31e-02
[2026-03-03 00:03:39] Step 6670/10000 | loss=0.4810 | mask=46.85% (active=1571, masked=1385) | no_ctx=0.00 oracle=0.00 real_rag=1.00 | gc=0.00 | rag_trigger=4.00 | rag_emb_grad=2.51e-02
[2026-03-03 00:03:58] Step 6680/10000 | loss=0.5066 | lr=9.90e-06 | grad_norm=1.008 | mask=56.68% (active=1653, masked=2163) | no_ctx=0.00 oracle=1.00 real_rag=0.00 | gc=0.00 | rag_trigger=4.00 | rag_emb_grad=3.52e-02
[2026-03-03 00:04:19] Step 6690/10000 | loss=0.4860 | mask=60.07% (active=971, masked=1461) | no_ctx=0.00 oracle=0.50 real_rag=0.50 | gc=0.00 | rag_trigger=4.00 | rag_emb_grad=1.55e-02
[2026-03-03 00:04:41] Step 6700/10000 | loss=0.4343 | mask=57.50% (active=1314, masked=1778) | no_ctx=0.00 oracle=0.75 real_rag=0.25 | gc=0.00 | rag_trigger=4.00 | rag_emb_grad=2.91e-02
[2026-03-03 00:05:04] Step 6710/10000 | loss=0.5301 | mask=65.79% (active=1631, masked=3137) | no_ctx=0.00 oracle=0.25 real_rag=0.75 | gc=0.00 | rag_trigger=4.00 | rag_emb_grad=2.64e-02
[2026-03-03 00:05:23] Step 6720/10000 | loss=0.4375 | lr=9.90e-06 | grad_norm=0.898 | mask=56.38% (active=1286, masked=1662) | no_ctx=0.00 oracle=0.50 real_rag=0.50 | gc=0.00 | rag_trigger=4.00 | rag_emb_grad=3.69e-02
[2026-03-03 00:05:43] Step 6730/10000 | loss=0.4709 | mask=60.16% (active=1074, masked=1622) | no_ctx=0.00 oracle=0.75 real_rag=0.25 | gc=0.00 | rag_trigger=4.00 | rag_emb_grad=1.77e-02
[2026-03-03 00:06:05] Step 6740/10000 | loss=0.4996 | mask=48.57% (active=1829, masked=1727) | no_ctx=0.00 oracle=0.75 real_rag=0.25 | gc=0.00 | rag_trigger=4.00 | rag_emb_grad=2.27e-02
[2026-03-03 00:06:26] Step 6750/10000 | loss=0.4891 | mask=58.92% (active=1441, masked=2067) | no_ctx=0.00 oracle=0.00 real_rag=1.00 | gc=0.00 | rag_trigger=4.00 | rag_emb_grad=2.19e-02
[2026-03-03 00:06:47] Step 6760/10000 | loss=0.5398 | lr=9.89e-06 | grad_norm=0.906 | mask=58.81% (active=1257, masked=1795) | no_ctx=0.00 oracle=0.50 real_rag=0.50 | gc=0.00 | rag_trigger=4.00 | rag_emb_grad=3.00e-02
[2026-03-03 00:07:08] Step 6770/10000 | loss=0.5453 | mask=50.78% (active=1827, masked=1885) | no_ctx=0.00 oracle=0.75 real_rag=0.25 | gc=0.00 | rag_trigger=4.00 | rag_emb_grad=1.75e-02
[2026-03-03 00:07:29] Step 6780/10000 | loss=0.4767 | mask=59.23% (active=1339, masked=1945) | no_ctx=0.00 oracle=0.75 real_rag=0.25 | gc=0.00 | rag_trigger=4.00 | rag_emb_grad=2.27e-02
[2026-03-03 00:07:50] Step 6790/10000 | loss=0.5498 | mask=63.05% (active=1048, masked=1788) | no_ctx=0.00 oracle=0.50 real_rag=0.50 | gc=0.00 | rag_trigger=4.00 | rag_emb_grad=2.22e-02
[2026-03-03 00:08:12] Step 6800/10000 | loss=0.6109 | lr=9.89e-06 | grad_norm=1.031 | mask=66.45% (active=930, masked=1842) | no_ctx=0.00 oracle=1.00 real_rag=0.00 | gc=0.00 | rag_trigger=3.75 | rag_emb_grad=3.32e-02
[2026-03-03 00:08:34] Step 6810/10000 | loss=0.5510 | mask=50.12% (active=1716, masked=1724) | no_ctx=0.00 oracle=0.75 real_rag=0.25 | gc=0.00 | rag_trigger=4.00 | rag_emb_grad=1.04e-02
[2026-03-03 00:08:55] Step 6820/10000 | loss=0.5394 | mask=57.51% (active=1081, masked=1463) | no_ctx=0.00 oracle=1.00 real_rag=0.00 | gc=0.00 | rag_trigger=4.00 | rag_emb_grad=2.14e-02
[2026-03-03 00:09:16] Step 6830/10000 | loss=0.5477 | mask=62.57% (active=1756, masked=2936) | no_ctx=0.00 oracle=0.75 real_rag=0.25 | gc=0.00 | rag_trigger=4.00 | rag_emb_grad=2.89e-02
[2026-03-03 00:09:36] Step 6840/10000 | loss=0.5198 | lr=9.89e-06 | grad_norm=0.965 | mask=52.70% (active=1298, masked=1446) | no_ctx=0.00 oracle=0.75 real_rag=0.25 | gc=0.00 | rag_trigger=4.00 | rag_emb_grad=3.32e-02
[2026-03-03 00:09:57] Step 6850/10000 | loss=0.5458 | mask=66.23% (active=1078, masked=2114) | no_ctx=0.00 oracle=0.75 real_rag=0.25 | gc=0.00 | rag_trigger=4.00 | rag_emb_grad=2.45e-02
[2026-03-03 00:10:15] Step 6860/10000 | loss=0.5343 | mask=53.34% (active=1469, masked=1679) | no_ctx=0.00 oracle=0.75 real_rag=0.25 | gc=0.00 | rag_trigger=4.00 | rag_emb_grad=2.20e-02
[2026-03-03 00:10:38] Step 6870/10000 | loss=0.5831 | mask=59.76% (active=1125, masked=1671) | no_ctx=0.00 oracle=0.50 real_rag=0.50 | gc=0.00 | rag_trigger=4.00 | rag_emb_grad=2.99e-02
[2026-03-03 00:10:59] Step 6880/10000 | loss=0.5986 | lr=9.89e-06 | grad_norm=0.918 | mask=56.99% (active=1402, masked=1858) | no_ctx=0.00 oracle=0.50 real_rag=0.50 | gc=0.00 | rag_trigger=4.00 | rag_emb_grad=3.49e-02
[2026-03-03 00:11:22] Step 6890/10000 | loss=0.5918 | mask=64.17% (active=1466, masked=2626) | no_ctx=0.00 oracle=0.75 real_rag=0.25 | gc=0.00 | rag_trigger=4.00 | rag_emb_grad=1.72e-02
[2026-03-03 00:11:44] Step 6900/10000 | loss=0.5312 | mask=58.26% (active=2057, masked=2871) | no_ctx=0.00 oracle=1.00 real_rag=0.00 | gc=0.00 | rag_trigger=4.00 | rag_emb_grad=2.87e-02
[2026-03-03 00:12:07] Step 6910/10000 | loss=0.5926 | mask=57.99% (active=1457, masked=2011) | no_ctx=0.00 oracle=1.00 real_rag=0.00 | gc=0.00 | rag_trigger=4.00 | rag_emb_grad=5.20e-02
[2026-03-03 00:12:28] Step 6920/10000 | loss=0.5007 | lr=9.89e-06 | grad_norm=0.914 | mask=64.25% (active=1284, masked=2308) | no_ctx=0.00 oracle=1.00 real_rag=0.00 | gc=0.00 | rag_trigger=4.00 | rag_emb_grad=4.30e-02
[2026-03-03 00:12:49] Step 6930/10000 | loss=0.4848 | mask=52.89% (active=1253, masked=1407) | no_ctx=0.00 oracle=0.75 real_rag=0.25 | gc=0.00 | rag_trigger=4.00 | rag_emb_grad=2.71e-02
[2026-03-03 00:13:10] Step 6940/10000 | loss=0.6099 | mask=53.96% (active=1560, masked=1828) | no_ctx=0.00 oracle=0.50 real_rag=0.50 | gc=0.00 | rag_trigger=4.00 | rag_emb_grad=3.04e-02
[2026-03-03 00:13:29] Step 6950/10000 | loss=0.4919 | mask=58.62% (active=1124, masked=1592) | no_ctx=0.00 oracle=0.75 real_rag=0.25 | gc=0.00 | rag_trigger=4.00 | rag_emb_grad=3.08e-02
[2026-03-03 00:13:52] Step 6960/10000 | loss=0.5738 | lr=9.89e-06 | grad_norm=0.883 | mask=60.70% (active=1528, masked=2360) | no_ctx=0.00 oracle=1.00 real_rag=0.00 | gc=0.00 | rag_trigger=4.00 | rag_emb_grad=4.08e-02
[2026-03-03 00:14:12] Step 6970/10000 | loss=0.5686 | mask=60.87% (active=1487, masked=2313) | no_ctx=0.00 oracle=0.75 real_rag=0.25 | gc=0.00 | rag_trigger=4.00 | rag_emb_grad=1.98e-02
[2026-03-03 00:14:33] Step 6980/10000 | loss=0.5078 | mask=58.22% (active=1240, masked=1728) | no_ctx=0.00 oracle=0.50 real_rag=0.50 | gc=0.00 | rag_trigger=4.00 | rag_emb_grad=2.67e-02
[2026-03-03 00:14:54] Step 6990/10000 | loss=0.5333 | mask=58.40% (active=1208, masked=1696) | no_ctx=0.00 oracle=1.00 real_rag=0.00 | gc=0.00 | rag_trigger=4.00 | rag_emb_grad=2.51e-02
[2026-03-03 00:15:14] Step 7000/10000 | loss=0.4451 | lr=9.88e-06 | grad_norm=4.562 | mask=58.55% (active=1207, masked=1705) | no_ctx=0.00 oracle=0.50 real_rag=0.50 | gc=0.00 | rag_trigger=4.00 | rag_emb_grad=3.40e-01
[2026-03-03 00:15:59] Saved: results/rag_oracle_20260302_195748/P14_rag_token_oracle07_noctx0_70b/checkpoints/step_7000
[2026-03-03 00:16:19] Step 7010/10000 | loss=0.5119 | mask=60.10% (active=1197, masked=1803) | no_ctx=0.00 oracle=0.50 real_rag=0.50 | gc=0.00 | rag_trigger=4.00 | rag_emb_grad=1.56e-02
[2026-03-03 00:16:39] Step 7020/10000 | loss=0.4654 | mask=57.15% (active=1894, masked=2526) | no_ctx=0.00 oracle=0.50 real_rag=0.50 | gc=0.00 | rag_trigger=4.00 | rag_emb_grad=2.17e-02
[2026-03-03 00:17:02] Step 7030/10000 | loss=0.6097 | mask=58.59% (active=1133, masked=1603) | no_ctx=0.00 oracle=1.00 real_rag=0.00 | gc=0.00 | rag_trigger=4.00 | rag_emb_grad=3.10e-02
[2026-03-03 00:17:24] Step 7040/10000 | loss=0.5341 | lr=9.88e-06 | grad_norm=0.922 | mask=58.85% (active=1060, masked=1516) | no_ctx=0.00 oracle=1.00 real_rag=0.00 | gc=0.00 | rag_trigger=4.00 | rag_emb_grad=2.72e-02
[2026-03-03 00:17:45] Step 7050/10000 | loss=0.4869 | mask=67.35% (active=1297, masked=2675) | no_ctx=0.00 oracle=0.50 real_rag=0.50 | gc=0.00 | rag_trigger=4.00 | rag_emb_grad=1.21e-02
[2026-03-03 00:18:06] Step 7060/10000 | loss=0.4740 | mask=67.69% (active=1436, masked=3008) | no_ctx=0.00 oracle=1.00 real_rag=0.00 | gc=0.00 | rag_trigger=4.00 | rag_emb_grad=1.97e-02
[2026-03-03 00:18:26] Step 7070/10000 | loss=0.5343 | mask=55.96% (active=1418, masked=1802) | no_ctx=0.00 oracle=0.00 real_rag=1.00 | gc=0.00 | rag_trigger=4.00 | rag_emb_grad=2.45e-02
[2026-03-03 00:18:47] Step 7080/10000 | loss=0.5661 | lr=9.88e-06 | grad_norm=0.945 | mask=53.81% (active=1223, masked=1425) | no_ctx=0.00 oracle=0.25 real_rag=0.75 | gc=0.00 | rag_trigger=4.00 | rag_emb_grad=3.54e-02
[2026-03-03 00:19:09] Step 7090/10000 | loss=0.5693 | mask=59.51% (active=1268, masked=1864) | no_ctx=0.00 oracle=0.75 real_rag=0.25 | gc=0.00 | rag_trigger=4.00 | rag_emb_grad=1.51e-02
[2026-03-03 00:19:29] Step 7100/10000 | loss=0.4714 | mask=59.44% (active=1426, masked=2090) | no_ctx=0.00 oracle=0.50 real_rag=0.50 | gc=0.00 | rag_trigger=4.00 | rag_emb_grad=3.04e-02
[2026-03-03 00:19:48] Step 7110/10000 | loss=0.4337 | mask=56.01% (active=1309, masked=1667) | no_ctx=0.00 oracle=1.00 real_rag=0.00 | gc=0.00 | rag_trigger=4.00 | rag_emb_grad=4.17e-02
[2026-03-03 00:20:11] Step 7120/10000 | loss=0.5452 | lr=9.88e-06 | grad_norm=0.988 | mask=59.34% (active=1467, masked=2141) | no_ctx=0.00 oracle=0.25 real_rag=0.75 | gc=0.00 | rag_trigger=4.00 | rag_emb_grad=4.30e-02
[2026-03-03 00:20:35] Step 7130/10000 | loss=0.5971 | mask=61.70% (active=1431, masked=2305) | no_ctx=0.00 oracle=0.75 real_rag=0.25 | gc=0.00 | rag_trigger=4.00 | rag_emb_grad=1.61e-02
[2026-03-03 00:20:57] Step 7140/10000 | loss=0.5787 | mask=57.91% (active=1618, masked=2226) | no_ctx=0.00 oracle=0.75 real_rag=0.25 | gc=0.00 | rag_trigger=4.00 | rag_emb_grad=2.14e-02
[2026-03-03 00:21:18] Step 7150/10000 | loss=0.5073 | mask=59.57% (active=1179, masked=1737) | no_ctx=0.00 oracle=1.00 real_rag=0.00 | gc=0.00 | rag_trigger=4.00 | rag_emb_grad=2.51e-02
[2026-03-03 00:21:38] Step 7160/10000 | loss=0.5916 | lr=9.88e-06 | grad_norm=0.926 | mask=56.71% (active=1387, masked=1817) | no_ctx=0.00 oracle=0.25 real_rag=0.75 | gc=0.00 | rag_trigger=4.00 | rag_emb_grad=3.83e-02
[2026-03-03 00:21:58] Step 7170/10000 | loss=0.5380 | mask=48.92% (active=1514, masked=1450) | no_ctx=0.00 oracle=0.75 real_rag=0.25 | gc=0.00 | rag_trigger=4.00 | rag_emb_grad=1.51e-02
[2026-03-03 00:22:19] Step 7180/10000 | loss=0.5204 | mask=56.39% (active=1448, masked=1872) | no_ctx=0.00 oracle=0.75 real_rag=0.25 | gc=0.00 | rag_trigger=4.00 | rag_emb_grad=2.40e-02
[2026-03-03 00:22:38] Step 7190/10000 | loss=0.4776 | mask=50.77% (active=1398, masked=1442) | no_ctx=0.00 oracle=0.50 real_rag=0.50 | gc=0.00 | rag_trigger=4.00 | rag_emb_grad=2.69e-02
[2026-03-03 00:22:58] Step 7200/10000 | loss=0.5120 | lr=9.88e-06 | grad_norm=0.855 | mask=65.06% (active=988, masked=1840) | no_ctx=0.00 oracle=0.75 real_rag=0.25 | gc=0.00 | rag_trigger=4.00 | rag_emb_grad=3.61e-02
[2026-03-03 00:23:21] Step 7210/10000 | loss=0.5839 | mask=65.88% (active=1309, masked=2527) | no_ctx=0.00 oracle=0.75 real_rag=0.25 | gc=0.00 | rag_trigger=4.00 | rag_emb_grad=2.36e-02
[2026-03-03 00:23:41] Step 7220/10000 | loss=0.4787 | mask=66.30% (active=1123, masked=2209) | no_ctx=0.00 oracle=0.75 real_rag=0.25 | gc=0.00 | rag_trigger=4.00 | rag_emb_grad=4.00e-02
[2026-03-03 00:24:01] Step 7230/10000 | loss=0.5330 | mask=57.27% (active=1246, masked=1670) | no_ctx=0.00 oracle=0.75 real_rag=0.25 | gc=0.00 | rag_trigger=4.00 | rag_emb_grad=3.25e-02
[2026-03-03 00:24:22] Step 7240/10000 | loss=0.4967 | lr=9.87e-06 | grad_norm=0.914 | mask=57.87% (active=1360, masked=1868) | no_ctx=0.00 oracle=0.75 real_rag=0.25 | gc=0.00 | rag_trigger=4.00 | rag_emb_grad=9.52e-02
[2026-03-03 00:24:44] Step 7250/10000 | loss=0.4577 | mask=60.76% (active=1108, masked=1716) | no_ctx=0.00 oracle=0.75 real_rag=0.25 | gc=0.00 | rag_trigger=4.00 | rag_emb_grad=1.34e-02
[2026-03-03 00:25:04] Step 7260/10000 | loss=0.5486 | mask=56.60% (active=1302, masked=1698) | no_ctx=0.00 oracle=0.75 real_rag=0.25 | gc=0.00 | rag_trigger=4.00 | rag_emb_grad=2.61e-02
[2026-03-03 00:25:25] Step 7270/10000 | loss=0.4336 | mask=59.66% (active=1299, masked=1921) | no_ctx=0.00 oracle=0.75 real_rag=0.25 | gc=0.00 | rag_trigger=4.00 | rag_emb_grad=3.04e-02
[2026-03-03 00:25:44] Step 7280/10000 | loss=0.5118 | lr=9.87e-06 | grad_norm=0.887 | mask=52.31% (active=1364, masked=1496) | no_ctx=0.00 oracle=1.00 real_rag=0.00 | gc=0.00 | rag_trigger=4.00 | rag_emb_grad=3.25e-02
[2026-03-03 00:26:04] Step 7290/10000 | loss=0.4798 | mask=57.23% (active=1148, masked=1536) | no_ctx=0.00 oracle=0.50 real_rag=0.50 | gc=0.00 | rag_trigger=4.00 | rag_emb_grad=1.65e-02
[2026-03-03 00:26:25] Step 7300/10000 | loss=0.5887 | mask=63.48% (active=967, masked=1681) | no_ctx=0.00 oracle=0.50 real_rag=0.50 | gc=0.00 | rag_trigger=4.00 | rag_emb_grad=2.21e-02
[2026-03-03 00:26:45] Step 7310/10000 | loss=0.4520 | mask=62.74% (active=1340, masked=2256) | no_ctx=0.00 oracle=0.50 real_rag=0.50 | gc=0.00 | rag_trigger=4.00 | rag_emb_grad=2.97e-02
[2026-03-03 00:27:09] Step 7320/10000 | loss=0.6061 | lr=9.87e-06 | grad_norm=0.910 | mask=49.02% (active=1560, masked=1500) | no_ctx=0.00 oracle=0.50 real_rag=0.50 | gc=0.00 | rag_trigger=4.00 | rag_emb_grad=3.17e-02
[2026-03-03 00:27:30] Step 7330/10000 | loss=0.5084 | mask=60.00% (active=1619, masked=2429) | no_ctx=0.00 oracle=1.00 real_rag=0.00 | gc=0.00 | rag_trigger=4.00 | rag_emb_grad=1.31e-02
[2026-03-03 00:27:54] Step 7340/10000 | loss=0.5402 | mask=61.24% (active=1059, masked=1673) | no_ctx=0.00 oracle=1.00 real_rag=0.00 | gc=0.00 | rag_trigger=4.00 | rag_emb_grad=1.45e-02
[2026-03-03 00:28:16] Step 7350/10000 | loss=0.5765 | mask=56.53% (active=1457, masked=1895) | no_ctx=0.00 oracle=1.00 real_rag=0.00 | gc=0.00 | rag_trigger=4.00 | rag_emb_grad=2.95e-02
[2026-03-03 00:28:37] Step 7360/10000 | loss=0.4880 | lr=9.87e-06 | grad_norm=0.883 | mask=57.73% (active=1077, masked=1471) | no_ctx=0.00 oracle=0.75 real_rag=0.25 | gc=0.00 | rag_trigger=4.00 | rag_emb_grad=3.12e-02
[2026-03-03 00:28:57] Step 7370/10000 | loss=0.5393 | mask=54.01% (active=1435, masked=1685) | no_ctx=0.00 oracle=0.75 real_rag=0.25 | gc=0.00 | rag_trigger=4.00 | rag_emb_grad=1.17e-02
[2026-03-03 00:29:17] Step 7380/10000 | loss=0.4823 | mask=65.64% (active=1204, masked=2300) | no_ctx=0.00 oracle=0.75 real_rag=0.25 | gc=0.00 | rag_trigger=4.00 | rag_emb_grad=1.94e-02
[2026-03-03 00:29:37] Step 7390/10000 | loss=0.4646 | mask=59.76% (active=1154, masked=1714) | no_ctx=0.00 oracle=0.50 real_rag=0.50 | gc=0.00 | rag_trigger=4.00 | rag_emb_grad=4.00e-02
[2026-03-03 00:29:57] Step 7400/10000 | loss=0.4710 | lr=9.87e-06 | grad_norm=0.836 | mask=56.03% (active=1356, masked=1728) | no_ctx=0.00 oracle=0.75 real_rag=0.25 | gc=0.00 | rag_trigger=4.00 | rag_emb_grad=3.15e-02
[2026-03-03 00:30:16] Step 7410/10000 | loss=0.4374 | mask=66.07% (active=1003, masked=1953) | no_ctx=0.00 oracle=1.00 real_rag=0.00 | gc=0.00 | rag_trigger=4.00 | rag_emb_grad=9.89e-03
[2026-03-03 00:30:36] Step 7420/10000 | loss=0.4516 | mask=53.69% (active=1367, masked=1585) | no_ctx=0.00 oracle=0.75 real_rag=0.25 | gc=0.00 | rag_trigger=4.00 | rag_emb_grad=2.99e-02
[2026-03-03 00:30:57] Step 7430/10000 | loss=0.5061 | mask=58.21% (active=1287, masked=1793) | no_ctx=0.00 oracle=0.25 real_rag=0.75 | gc=0.00 | rag_trigger=4.00 | rag_emb_grad=3.39e-02
[2026-03-03 00:31:18] Step 7440/10000 | loss=0.5398 | lr=9.87e-06 | grad_norm=1.008 | mask=62.50% (active=1134, masked=1890) | no_ctx=0.00 oracle=0.75 real_rag=0.25 | gc=0.00 | rag_trigger=4.00 | rag_emb_grad=2.42e-02
[2026-03-03 00:31:39] Step 7450/10000 | loss=0.5087 | mask=63.44% (active=1221, masked=2119) | no_ctx=0.00 oracle=0.25 real_rag=0.75 | gc=0.00 | rag_trigger=4.00 | rag_emb_grad=1.84e-02
[2026-03-03 00:32:00] Step 7460/10000 | loss=0.5016 | mask=62.89% (active=1483, masked=2513) | no_ctx=0.00 oracle=1.00 real_rag=0.00 | gc=0.00 | rag_trigger=4.00 | rag_emb_grad=2.25e-02
[2026-03-03 00:32:22] Step 7470/10000 | loss=0.5339 | mask=64.33% (active=1150, masked=2074) | no_ctx=0.00 oracle=0.50 real_rag=0.50 | gc=0.00 | rag_trigger=4.00 | rag_emb_grad=7.62e-02
[2026-03-03 00:32:43] Step 7480/10000 | loss=0.5203 | lr=9.86e-06 | grad_norm=1.031 | mask=55.27% (active=1528, masked=1888) | no_ctx=0.00 oracle=0.75 real_rag=0.25 | gc=0.00 | rag_trigger=4.00 | rag_emb_grad=2.93e-02
[2026-03-03 00:33:04] Step 7490/10000 | loss=0.4861 | mask=60.08% (active=1335, masked=2009) | no_ctx=0.00 oracle=0.50 real_rag=0.50 | gc=0.00 | rag_trigger=4.00 | rag_emb_grad=1.60e-02
[2026-03-03 00:33:24] Step 7500/10000 | loss=0.4403 | mask=55.83% (active=1820, masked=2300) | no_ctx=0.00 oracle=0.75 real_rag=0.25 | gc=0.00 | rag_trigger=4.00 | rag_emb_grad=2.54e-02
[2026-03-03 00:33:56] Saved: results/rag_oracle_20260302_195748/P14_rag_token_oracle07_noctx0_70b/checkpoints/step_7500
[2026-03-03 00:34:16] Step 7510/10000 | loss=0.5186 | mask=67.12% (active=1365, masked=2787) | no_ctx=0.00 oracle=1.00 real_rag=0.00 | gc=0.00 | rag_trigger=4.00 | rag_emb_grad=2.87e-02
[2026-03-03 00:34:39] Step 7520/10000 | loss=0.5671 | lr=9.86e-06 | grad_norm=0.961 | mask=52.22% (active=1485, masked=1623) | no_ctx=0.00 oracle=0.75 real_rag=0.25 | gc=0.00 | rag_trigger=4.00 | rag_emb_grad=3.17e-02
[2026-03-03 00:34:59] Step 7530/10000 | loss=0.4651 | mask=57.57% (active=1290, masked=1750) | no_ctx=0.00 oracle=0.75 real_rag=0.25 | gc=0.00 | rag_trigger=4.00 | rag_emb_grad=2.53e-02
[2026-03-03 00:35:19] Step 7540/10000 | loss=0.5168 | mask=56.39% (active=1549, masked=2003) | no_ctx=0.00 oracle=0.75 real_rag=0.25 | gc=0.00 | rag_trigger=4.00 | rag_emb_grad=2.47e-02
[2026-03-03 00:35:40] Step 7550/10000 | loss=0.5309 | mask=61.07% (active=1601, masked=2511) | no_ctx=0.00 oracle=1.00 real_rag=0.00 | gc=0.00 | rag_trigger=4.00 | rag_emb_grad=2.53e-02
[2026-03-03 00:36:01] Step 7560/10000 | loss=0.5279 | lr=9.86e-06 | grad_norm=0.855 | mask=59.72% (active=1418, masked=2102) | no_ctx=0.00 oracle=0.50 real_rag=0.50 | gc=0.00 | rag_trigger=4.00 | rag_emb_grad=3.52e-02
[2026-03-03 00:36:19] Step 7570/10000 | loss=0.3909 | mask=54.87% (active=1177, masked=1431) | no_ctx=0.00 oracle=0.25 real_rag=0.75 | gc=0.00 | rag_trigger=4.00 | rag_emb_grad=2.10e-02
[2026-03-03 00:36:42] Step 7580/10000 | loss=0.4829 | mask=60.83% (active=1023, masked=1589) | no_ctx=0.00 oracle=0.75 real_rag=0.25 | gc=0.00 | rag_trigger=4.00 | rag_emb_grad=3.20e-02
[2026-03-03 00:37:04] Step 7590/10000 | loss=0.5761 | mask=61.46% (active=2160, masked=3444) | no_ctx=0.00 oracle=1.00 real_rag=0.00 | gc=0.00 | rag_trigger=4.00 | rag_emb_grad=2.08e-02
[2026-03-03 00:37:26] Step 7600/10000 | loss=0.5627 | lr=9.86e-06 | grad_norm=0.918 | mask=62.44% (active=957, masked=1591) | no_ctx=0.00 oracle=0.25 real_rag=0.75 | gc=0.00 | rag_trigger=4.00 | rag_emb_grad=4.47e-02
[2026-03-03 00:37:46] Step 7610/10000 | loss=0.5347 | mask=65.50% (active=904, masked=1716) | no_ctx=0.00 oracle=1.00 real_rag=0.00 | gc=0.00 | rag_trigger=4.00 | rag_emb_grad=3.47e-02
[2026-03-03 00:38:06] Step 7620/10000 | loss=0.4653 | mask=60.26% (active=1135, masked=1721) | no_ctx=0.00 oracle=0.75 real_rag=0.25 | gc=0.00 | rag_trigger=4.00 | rag_emb_grad=2.29e-02
[2026-03-03 00:38:27] Step 7630/10000 | loss=0.5552 | mask=54.35% (active=1437, masked=1711) | no_ctx=0.00 oracle=0.75 real_rag=0.25 | gc=0.00 | rag_trigger=4.00 | rag_emb_grad=3.06e-02
[2026-03-03 00:38:48] Step 7640/10000 | loss=0.4922 | lr=9.86e-06 | grad_norm=0.840 | mask=61.11% (active=1159, masked=1821) | no_ctx=0.00 oracle=0.75 real_rag=0.25 | gc=0.00 | rag_trigger=4.00 | rag_emb_grad=3.34e-02
[2026-03-03 00:39:08] Step 7650/10000 | loss=0.4113 | mask=59.16% (active=1191, masked=1725) | no_ctx=0.00 oracle=1.00 real_rag=0.00 | gc=0.00 | rag_trigger=4.00 | rag_emb_grad=1.42e-02
[2026-03-03 00:39:26] Step 7660/10000 | loss=0.4317 | mask=56.59% (active=1370, masked=1786) | no_ctx=0.00 oracle=0.50 real_rag=0.50 | gc=0.00 | rag_trigger=4.00 | rag_emb_grad=2.77e-02
[2026-03-03 00:39:48] Step 7670/10000 | loss=0.5373 | mask=62.70% (active=1659, masked=2789) | no_ctx=0.00 oracle=0.50 real_rag=0.50 | gc=0.00 | rag_trigger=4.00 | rag_emb_grad=3.27e-02
[2026-03-03 00:40:08] Step 7680/10000 | loss=0.5886 | lr=9.85e-06 | grad_norm=0.973 | mask=65.48% (active=1001, masked=1899) | no_ctx=0.00 oracle=0.75 real_rag=0.25 | gc=0.00 | rag_trigger=4.00 | rag_emb_grad=4.61e-02
[2026-03-03 00:40:29] Step 7690/10000 | loss=0.5261 | mask=57.92% (active=1227, masked=1689) | no_ctx=0.00 oracle=0.75 real_rag=0.25 | gc=0.00 | rag_trigger=4.00 | rag_emb_grad=2.28e-02
[2026-03-03 00:40:51] Step 7700/10000 | loss=0.5540 | mask=67.44% (active=1038, masked=2150) | no_ctx=0.00 oracle=1.00 real_rag=0.00 | gc=0.00 | rag_trigger=4.00 | rag_emb_grad=3.34e-02
[2026-03-03 00:41:13] Step 7710/10000 | loss=0.5247 | mask=53.38% (active=1874, masked=2146) | no_ctx=0.00 oracle=0.50 real_rag=0.50 | gc=0.00 | rag_trigger=4.00 | rag_emb_grad=2.27e-02
[2026-03-03 00:41:36] Step 7720/10000 | loss=0.5050 | lr=9.85e-06 | grad_norm=0.855 | mask=66.11% (active=1330, masked=2594) | no_ctx=0.00 oracle=1.00 real_rag=0.00 | gc=0.00 | rag_trigger=4.00 | rag_emb_grad=2.62e-02
[2026-03-03 00:41:56] Step 7730/10000 | loss=0.5771 | mask=56.71% (active=1981, masked=2595) | no_ctx=0.00 oracle=0.50 real_rag=0.50 | gc=0.00 | rag_trigger=4.00 | rag_emb_grad=1.15e-02
[2026-03-03 00:42:17] Step 7740/10000 | loss=0.4674 | mask=58.63% (active=1415, masked=2005) | no_ctx=0.00 oracle=0.50 real_rag=0.50 | gc=0.00 | rag_trigger=4.00 | rag_emb_grad=3.20e-02
[2026-03-03 00:42:37] Step 7750/10000 | loss=0.5636 | mask=68.65% (active=972, masked=2128) | no_ctx=0.00 oracle=1.00 real_rag=0.00 | gc=0.00 | rag_trigger=4.00 | rag_emb_grad=3.32e-02
[2026-03-03 00:42:58] Step 7760/10000 | loss=0.5572 | lr=9.85e-06 | grad_norm=0.863 | mask=61.63% (active=1326, masked=2130) | no_ctx=0.00 oracle=0.75 real_rag=0.25 | gc=0.00 | rag_trigger=4.00 | rag_emb_grad=2.39e-02
[2026-03-03 00:43:16] Step 7770/10000 | loss=0.4627 | mask=60.28% (active=1260, masked=1912) | no_ctx=0.00 oracle=0.50 real_rag=0.50 | gc=0.00 | rag_trigger=4.00 | rag_emb_grad=1.84e-02
[2026-03-03 00:43:40] Step 7780/10000 | loss=0.5820 | mask=61.48% (active=1231, masked=1965) | no_ctx=0.00 oracle=0.50 real_rag=0.50 | gc=0.00 | rag_trigger=4.00 | rag_emb_grad=2.67e-02
[2026-03-03 00:44:01] Step 7790/10000 | loss=0.4840 | mask=57.89% (active=1233, masked=1695) | no_ctx=0.00 oracle=1.00 real_rag=0.00 | gc=0.00 | rag_trigger=4.00 | rag_emb_grad=3.32e-02
[2026-03-03 00:44:21] Step 7800/10000 | loss=0.4570 | lr=9.85e-06 | grad_norm=0.840 | mask=62.85% (active=1373, masked=2323) | no_ctx=0.00 oracle=1.00 real_rag=0.00 | gc=0.00 | rag_trigger=4.00 | rag_emb_grad=3.17e-02
[2026-03-03 00:44:43] Step 7810/10000 | loss=0.4466 | mask=59.61% (active=1278, masked=1886) | no_ctx=0.00 oracle=1.00 real_rag=0.00 | gc=0.00 | rag_trigger=4.00 | rag_emb_grad=1.43e-02
[2026-03-03 00:45:03] Step 7820/10000 | loss=0.4577 | mask=64.09% (active=1531, masked=2733) | no_ctx=0.00 oracle=0.75 real_rag=0.25 | gc=0.00 | rag_trigger=4.00 | rag_emb_grad=2.29e-02
[2026-03-03 00:45:24] Step 7830/10000 | loss=0.4516 | mask=66.85% (active=1151, masked=2321) | no_ctx=0.00 oracle=1.00 real_rag=0.00 | gc=0.00 | rag_trigger=4.00 | rag_emb_grad=2.99e-02
[2026-03-03 00:45:44] Step 7840/10000 | loss=0.6029 | lr=9.85e-06 | grad_norm=1.094 | mask=60.74% (active=1228, masked=1900) | no_ctx=0.00 oracle=0.75 real_rag=0.25 | gc=0.00 | rag_trigger=4.00 | rag_emb_grad=4.13e-02
[2026-03-03 00:46:03] Step 7850/10000 | loss=0.4300 | mask=55.86% (active=1031, masked=1305) | no_ctx=0.00 oracle=0.75 real_rag=0.25 | gc=0.00 | rag_trigger=4.00 | rag_emb_grad=1.53e-02
[2026-03-03 00:46:23] Step 7860/10000 | loss=0.4866 | mask=64.11% (active=979, masked=1749) | no_ctx=0.00 oracle=1.00 real_rag=0.00 | gc=0.00 | rag_trigger=4.00 | rag_emb_grad=2.98e-02
[2026-03-03 00:46:46] Step 7870/10000 | loss=0.5700 | mask=60.95% (active=1451, masked=2265) | no_ctx=0.00 oracle=1.00 real_rag=0.00 | gc=0.00 | rag_trigger=4.00 | rag_emb_grad=2.82e-02
[2026-03-03 00:47:10] Step 7880/10000 | loss=0.4486 | lr=9.84e-06 | grad_norm=0.844 | mask=57.19% (active=1519, masked=2029) | no_ctx=0.00 oracle=0.75 real_rag=0.25 | gc=0.00 | rag_trigger=4.00 | rag_emb_grad=3.86e-02
[2026-03-03 00:47:31] Step 7890/10000 | loss=0.5481 | mask=54.60% (active=1509, masked=1815) | no_ctx=0.00 oracle=0.75 real_rag=0.25 | gc=0.00 | rag_trigger=4.00 | rag_emb_grad=1.75e-02
[2026-03-03 00:47:54] Step 7900/10000 | loss=0.6047 | mask=59.09% (active=1242, masked=1794) | no_ctx=0.00 oracle=1.00 real_rag=0.00 | gc=0.00 | rag_trigger=3.75 | rag_emb_grad=1.93e-02
[2026-03-03 00:48:14] Step 7910/10000 | loss=0.4596 | mask=61.92% (active=1153, masked=1875) | no_ctx=0.00 oracle=1.00 real_rag=0.00 | gc=0.00 | rag_trigger=4.00 | rag_emb_grad=3.27e-02
[2026-03-03 00:48:34] Step 7920/10000 | loss=0.4274 | lr=9.84e-06 | grad_norm=0.961 | mask=57.51% (active=1183, masked=1601) | no_ctx=0.00 oracle=0.25 real_rag=0.75 | gc=0.00 | rag_trigger=4.00 | rag_emb_grad=3.71e-02
[2026-03-03 00:48:55] Step 7930/10000 | loss=0.5192 | mask=55.29% (active=1216, masked=1504) | no_ctx=0.00 oracle=0.75 real_rag=0.25 | gc=0.00 | rag_trigger=4.00 | rag_emb_grad=1.29e-02
[2026-03-03 00:49:17] Step 7940/10000 | loss=0.4862 | mask=56.25% (active=1232, masked=1584) | no_ctx=0.00 oracle=0.75 real_rag=0.25 | gc=0.00 | rag_trigger=4.00 | rag_emb_grad=2.05e-02
[2026-03-03 00:49:40] Step 7950/10000 | loss=0.5539 | mask=62.71% (active=1323, masked=2225) | no_ctx=0.00 oracle=0.50 real_rag=0.50 | gc=0.00 | rag_trigger=4.00 | rag_emb_grad=2.55e-02
[2026-03-03 00:50:00] Step 7960/10000 | loss=0.4420 | lr=9.84e-06 | grad_norm=0.988 | mask=60.64% (active=1395, masked=2149) | no_ctx=0.00 oracle=0.75 real_rag=0.25 | gc=0.00 | rag_trigger=4.00 | rag_emb_grad=6.25e-02
[2026-03-03 00:50:21] Step 7970/10000 | loss=0.4712 | mask=59.19% (active=1296, masked=1880) | no_ctx=0.00 oracle=0.75 real_rag=0.25 | gc=0.00 | rag_trigger=4.00 | rag_emb_grad=1.32e-02
[2026-03-03 00:50:41] Step 7980/10000 | loss=0.5145 | mask=60.36% (active=1240, masked=1888) | no_ctx=0.00 oracle=0.50 real_rag=0.50 | gc=0.00 | rag_trigger=4.00 | rag_emb_grad=1.76e-02
[2026-03-03 00:51:02] Step 7990/10000 | loss=0.5047 | mask=54.75% (active=1533, masked=1855) | no_ctx=0.00 oracle=0.25 real_rag=0.75 | gc=0.00 | rag_trigger=4.00 | rag_emb_grad=2.44e-02
[2026-03-03 00:51:23] Step 8000/10000 | loss=0.4564 | lr=9.84e-06 | grad_norm=0.977 | mask=63.65% (active=1105, masked=1935) | no_ctx=0.00 oracle=1.00 real_rag=0.00 | gc=0.00 | rag_trigger=4.00 | rag_emb_grad=2.92e-02
[2026-03-03 00:52:09] Saved: results/rag_oracle_20260302_195748/P14_rag_token_oracle07_noctx0_70b/checkpoints/step_8000
[2026-03-03 00:52:30] Step 8010/10000 | loss=0.4826 | mask=57.07% (active=1523, masked=2025) | no_ctx=0.00 oracle=0.75 real_rag=0.25 | gc=0.00 | rag_trigger=4.00 | rag_emb_grad=1.53e-02
[2026-03-03 00:52:51] Step 8020/10000 | loss=0.4533 | mask=66.94% (active=1128, masked=2284) | no_ctx=0.00 oracle=0.75 real_rag=0.25 | gc=0.00 | rag_trigger=4.00 | rag_emb_grad=2.61e-02
[2026-03-03 00:53:12] Step 8030/10000 | loss=0.4780 | mask=59.22% (active=982, masked=1426) | no_ctx=0.00 oracle=1.00 real_rag=0.00 | gc=0.00 | rag_trigger=4.00 | rag_emb_grad=2.50e-02
[2026-03-03 00:53:33] Step 8040/10000 | loss=0.4590 | lr=9.84e-06 | grad_norm=0.855 | mask=68.90% (active=1270, masked=2814) | no_ctx=0.00 oracle=0.75 real_rag=0.25 | gc=0.00 | rag_trigger=4.00 | rag_emb_grad=2.69e-02
[2026-03-03 00:53:53] Step 8050/10000 | loss=0.4873 | mask=50.91% (active=1565, masked=1623) | no_ctx=0.00 oracle=0.75 real_rag=0.25 | gc=0.00 | rag_trigger=4.00 | rag_emb_grad=2.58e-02
[2026-03-03 00:54:16] Step 8060/10000 | loss=0.6073 | mask=53.91% (active=1250, masked=1462) | no_ctx=0.00 oracle=0.25 real_rag=0.75 | gc=0.00 | rag_trigger=4.00 | rag_emb_grad=2.80e-02
[2026-03-03 00:54:38] Step 8070/10000 | loss=0.5689 | mask=61.53% (active=1531, masked=2449) | no_ctx=0.00 oracle=1.00 real_rag=0.00 | gc=0.00 | rag_trigger=4.00 | rag_emb_grad=4.15e-02
[2026-03-03 00:55:01] Step 8080/10000 | loss=0.4895 | lr=9.83e-06 | grad_norm=0.914 | mask=65.18% (active=1588, masked=2972) | no_ctx=0.00 oracle=0.50 real_rag=0.50 | gc=0.00 | rag_trigger=4.00 | rag_emb_grad=2.94e-02
[2026-03-03 00:55:22] Step 8090/10000 | loss=0.4992 | mask=63.24% (active=2072, masked=3564) | no_ctx=0.00 oracle=1.00 real_rag=0.00 | gc=0.00 | rag_trigger=4.00 | rag_emb_grad=1.25e-02
[2026-03-03 00:55:42] Step 8100/10000 | loss=0.5099 | mask=55.33% (active=1767, masked=2189) | no_ctx=0.00 oracle=0.75 real_rag=0.25 | gc=0.00 | rag_trigger=4.00 | rag_emb_grad=2.04e-02
[2026-03-03 00:56:06] Step 8110/10000 | loss=0.6000 | mask=60.48% (active=1516, masked=2320) | no_ctx=0.00 oracle=0.50 real_rag=0.50 | gc=0.00 | rag_trigger=4.00 | rag_emb_grad=3.61e-02
[2026-03-03 00:56:28] Step 8120/10000 | loss=0.5545 | lr=9.83e-06 | grad_norm=0.902 | mask=59.83% (active=1054, masked=1570) | no_ctx=0.00 oracle=0.50 real_rag=0.50 | gc=0.00 | rag_trigger=4.00 | rag_emb_grad=3.27e-02
[2026-03-03 00:56:49] Step 8130/10000 | loss=0.5305 | mask=61.12% (active=1039, masked=1633) | no_ctx=0.00 oracle=0.50 real_rag=0.50 | gc=0.00 | rag_trigger=4.00 | rag_emb_grad=1.99e-02
[2026-03-03 00:57:12] Step 8140/10000 | loss=0.5724 | mask=55.99% (active=1982, masked=2522) | no_ctx=0.00 oracle=0.75 real_rag=0.25 | gc=0.00 | rag_trigger=4.00 | rag_emb_grad=1.53e-02
[2026-03-03 00:57:33] Step 8150/10000 | loss=0.4815 | mask=53.63% (active=1519, masked=1757) | no_ctx=0.00 oracle=0.25 real_rag=0.75 | gc=0.00 | rag_trigger=4.00 | rag_emb_grad=2.36e-02
[2026-03-03 00:57:53] Step 8160/10000 | loss=0.4888 | lr=9.83e-06 | grad_norm=0.961 | mask=58.29% (active=1443, masked=2017) | no_ctx=0.00 oracle=0.75 real_rag=0.25 | gc=0.00 | rag_trigger=4.00 | rag_emb_grad=3.93e-02
[2026-03-03 00:58:17] Step 8170/10000 | loss=0.5110 | mask=58.90% (active=1649, masked=2363) | no_ctx=0.00 oracle=0.75 real_rag=0.25 | gc=0.00 | rag_trigger=4.00 | rag_emb_grad=2.25e-02
[2026-03-03 00:58:38] Step 8180/10000 | loss=0.5055 | mask=56.54% (active=1695, masked=2205) | no_ctx=0.00 oracle=1.00 real_rag=0.00 | gc=0.00 | rag_trigger=4.00 | rag_emb_grad=3.08e-02
[2026-03-03 00:58:59] Step 8190/10000 | loss=0.5375 | mask=52.34% (active=1466, masked=1610) | no_ctx=0.00 oracle=0.75 real_rag=0.25 | gc=0.00 | rag_trigger=4.00 | rag_emb_grad=2.54e-02
[2026-03-03 00:59:20] Step 8200/10000 | loss=0.4477 | lr=9.83e-06 | grad_norm=0.895 | mask=55.18% (active=1262, masked=1554) | no_ctx=0.00 oracle=0.75 real_rag=0.25 | gc=0.00 | rag_trigger=4.00 | rag_emb_grad=2.61e-02
[2026-03-03 00:59:42] Step 8210/10000 | loss=0.4895 | mask=58.26% (active=1369, masked=1911) | no_ctx=0.00 oracle=0.50 real_rag=0.50 | gc=0.00 | rag_trigger=4.00 | rag_emb_grad=1.89e-02
[2026-03-03 01:00:00] Step 8220/10000 | loss=0.4773 | mask=54.98% (active=1302, masked=1590) | no_ctx=0.00 oracle=0.75 real_rag=0.25 | gc=0.00 | rag_trigger=4.00 | rag_emb_grad=1.94e-02
[2026-03-03 01:00:19] Step 8230/10000 | loss=0.4219 | mask=61.76% (active=1242, masked=2006) | no_ctx=0.00 oracle=0.50 real_rag=0.50 | gc=0.00 | rag_trigger=4.00 | rag_emb_grad=4.10e-02
[2026-03-03 01:00:41] Step 8240/10000 | loss=0.5563 | lr=9.83e-06 | grad_norm=0.926 | mask=54.11% (active=1017, masked=1199) | no_ctx=0.00 oracle=0.75 real_rag=0.25 | gc=0.00 | rag_trigger=4.00 | rag_emb_grad=2.92e-02
[2026-03-03 01:01:01] Step 8250/10000 | loss=0.5136 | mask=67.25% (active=1154, masked=2370) | no_ctx=0.00 oracle=0.75 real_rag=0.25 | gc=0.00 | rag_trigger=4.00 | rag_emb_grad=2.23e-02
[2026-03-03 01:01:22] Step 8260/10000 | loss=0.5822 | mask=66.38% (active=1311, masked=2589) | no_ctx=0.00 oracle=0.75 real_rag=0.25 | gc=0.00 | rag_trigger=4.00 | rag_emb_grad=2.44e-02
[2026-03-03 01:01:41] Step 8270/10000 | loss=0.5261 | mask=51.90% (active=1320, masked=1424) | no_ctx=0.00 oracle=0.50 real_rag=0.50 | gc=0.00 | rag_trigger=4.00 | rag_emb_grad=3.27e-02
[2026-03-03 01:02:03] Step 8280/10000 | loss=0.5736 | lr=9.82e-06 | grad_norm=0.969 | mask=60.75% (active=1691, masked=2617) | no_ctx=0.00 oracle=1.00 real_rag=0.00 | gc=0.00 | rag_trigger=4.00 | rag_emb_grad=3.96e-02
[2026-03-03 01:02:24] Step 8290/10000 | loss=0.4467 | mask=64.22% (active=1168, masked=2096) | no_ctx=0.00 oracle=0.50 real_rag=0.50 | gc=0.00 | rag_trigger=4.00 | rag_emb_grad=1.71e-02
[2026-03-03 01:02:47] Step 8300/10000 | loss=0.4604 | mask=59.61% (active=1609, masked=2375) | no_ctx=0.00 oracle=0.75 real_rag=0.25 | gc=0.00 | rag_trigger=4.00 | rag_emb_grad=2.01e-02
[2026-03-03 01:03:08] Step 8310/10000 | loss=0.5064 | mask=65.15% (active=1221, masked=2283) | no_ctx=0.00 oracle=0.75 real_rag=0.25 | gc=0.00 | rag_trigger=4.00 | rag_emb_grad=2.44e-02
[2026-03-03 01:03:29] Step 8320/10000 | loss=0.5213 | lr=9.82e-06 | grad_norm=0.863 | mask=58.47% (active=1093, masked=1539) | no_ctx=0.00 oracle=0.25 real_rag=0.75 | gc=0.00 | rag_trigger=4.00 | rag_emb_grad=4.30e-02
[2026-03-03 01:03:49] Step 8330/10000 | loss=0.4469 | mask=68.48% (active=1344, masked=2920) | no_ctx=0.00 oracle=1.00 real_rag=0.00 | gc=0.00 | rag_trigger=4.00 | rag_emb_grad=1.50e-02
[2026-03-03 01:04:11] Step 8340/10000 | loss=0.5005 | mask=65.16% (active=1236, masked=2312) | no_ctx=0.00 oracle=0.50 real_rag=0.50 | gc=0.00 | rag_trigger=4.00 | rag_emb_grad=2.33e-02
[2026-03-03 01:04:33] Step 8350/10000 | loss=0.5024 | mask=59.30% (active=1379, masked=2009) | no_ctx=0.00 oracle=0.75 real_rag=0.25 | gc=0.00 | rag_trigger=4.00 | rag_emb_grad=2.69e-02
[2026-03-03 01:04:56] Step 8360/10000 | loss=0.5819 | lr=9.82e-06 | grad_norm=0.941 | mask=53.97% (active=1681, masked=1971) | no_ctx=0.00 oracle=0.75 real_rag=0.25 | gc=0.00 | rag_trigger=4.00 | rag_emb_grad=3.27e-02
[2026-03-03 01:05:17] Step 8370/10000 | loss=0.4762 | mask=59.52% (active=1608, masked=2364) | no_ctx=0.00 oracle=1.00 real_rag=0.00 | gc=0.00 | rag_trigger=4.00 | rag_emb_grad=1.39e-02
[2026-03-03 01:05:37] Step 8380/10000 | loss=0.4510 | mask=61.42% (active=943, masked=1501) | no_ctx=0.00 oracle=0.50 real_rag=0.50 | gc=0.00 | rag_trigger=4.00 | rag_emb_grad=2.98e-02
[2026-03-03 01:05:58] Step 8390/10000 | loss=0.5012 | mask=63.75% (active=1118, masked=1966) | no_ctx=0.00 oracle=0.75 real_rag=0.25 | gc=0.00 | rag_trigger=4.00 | rag_emb_grad=3.81e-02
[2026-03-03 01:06:19] Step 8400/10000 | loss=0.5456 | lr=9.82e-06 | grad_norm=0.887 | mask=57.67% (active=1109, masked=1511) | no_ctx=0.00 oracle=0.75 real_rag=0.25 | gc=0.00 | rag_trigger=4.00 | rag_emb_grad=3.61e-02
[2026-03-03 01:06:40] Step 8410/10000 | loss=0.5238 | mask=50.13% (active=1510, masked=1518) | no_ctx=0.00 oracle=0.75 real_rag=0.25 | gc=0.00 | rag_trigger=4.00 | rag_emb_grad=1.54e-02
[2026-03-03 01:07:00] Step 8420/10000 | loss=0.4830 | mask=48.19% (active=1430, masked=1330) | no_ctx=0.00 oracle=0.75 real_rag=0.25 | gc=0.00 | rag_trigger=4.00 | rag_emb_grad=2.15e-02
[2026-03-03 01:07:21] Step 8430/10000 | loss=0.5156 | mask=59.48% (active=1360, masked=1996) | no_ctx=0.00 oracle=1.00 real_rag=0.00 | gc=0.00 | rag_trigger=4.00 | rag_emb_grad=2.11e-02
[2026-03-03 01:07:43] Step 8440/10000 | loss=0.5161 | lr=9.82e-06 | grad_norm=0.855 | mask=58.66% (active=1288, masked=1828) | no_ctx=0.00 oracle=1.00 real_rag=0.00 | gc=0.00 | rag_trigger=4.00 | rag_emb_grad=3.22e-02
[2026-03-03 01:08:04] Step 8450/10000 | loss=0.4779 | mask=58.36% (active=1384, masked=1940) | no_ctx=0.00 oracle=0.75 real_rag=0.25 | gc=0.00 | rag_trigger=4.00 | rag_emb_grad=2.03e-02
[2026-03-03 01:08:25] Step 8460/10000 | loss=0.4687 | mask=57.68% (active=1058, masked=1442) | no_ctx=0.00 oracle=0.50 real_rag=0.50 | gc=0.00 | rag_trigger=4.00 | rag_emb_grad=5.20e-02
[2026-03-03 01:08:47] Step 8470/10000 | loss=0.6530 | mask=63.40% (active=1574, masked=2726) | no_ctx=0.00 oracle=1.00 real_rag=0.00 | gc=0.00 | rag_trigger=4.00 | rag_emb_grad=3.34e-02
[2026-03-03 01:09:11] Step 8480/10000 | loss=0.5406 | lr=9.81e-06 | grad_norm=0.883 | mask=53.09% (active=1790, masked=2026) | no_ctx=0.00 oracle=0.75 real_rag=0.25 | gc=0.00 | rag_trigger=4.00 | rag_emb_grad=3.37e-02
[2026-03-03 01:09:32] Step 8490/10000 | loss=0.4978 | mask=64.93% (active=1146, masked=2122) | no_ctx=0.00 oracle=1.00 real_rag=0.00 | gc=0.00 | rag_trigger=4.00 | rag_emb_grad=1.17e-02
[2026-03-03 01:09:52] Step 8500/10000 | loss=0.4202 | mask=60.32% (active=1349, masked=2051) | no_ctx=0.00 oracle=1.00 real_rag=0.00 | gc=0.00 | rag_trigger=4.00 | rag_emb_grad=2.71e-02
[2026-03-03 01:10:23] Saved: results/rag_oracle_20260302_195748/P14_rag_token_oracle07_noctx0_70b/checkpoints/step_8500
[2026-03-03 01:10:42] Step 8510/10000 | loss=0.4915 | mask=57.31% (active=1011, masked=1357) | no_ctx=0.00 oracle=1.00 real_rag=0.00 | gc=0.00 | rag_trigger=4.00 | rag_emb_grad=2.75e-02
[2026-03-03 01:11:04] Step 8520/10000 | loss=0.5034 | lr=9.81e-06 | grad_norm=0.883 | mask=50.27% (active=1486, masked=1502) | no_ctx=0.00 oracle=0.50 real_rag=0.50 | gc=0.00 | rag_trigger=4.00 | rag_emb_grad=2.83e-02
[2026-03-03 01:11:23] Step 8530/10000 | loss=0.4208 | mask=58.73% (active=969, masked=1379) | no_ctx=0.00 oracle=0.75 real_rag=0.25 | gc=0.00 | rag_trigger=4.00 | rag_emb_grad=1.37e-02
[2026-03-03 01:11:44] Step 8540/10000 | loss=0.4933 | mask=49.84% (active=1527, masked=1517) | no_ctx=0.00 oracle=0.75 real_rag=0.25 | gc=0.00 | rag_trigger=4.00 | rag_emb_grad=3.32e-02
[2026-03-03 01:12:05] Step 8550/10000 | loss=0.5003 | mask=44.86% (active=1793, masked=1459) | no_ctx=0.00 oracle=1.00 real_rag=0.00 | gc=0.00 | rag_trigger=4.00 | rag_emb_grad=2.09e-02
[2026-03-03 01:12:26] Step 8560/10000 | loss=0.4759 | lr=9.81e-06 | grad_norm=0.965 | mask=69.68% (active=1128, masked=2592) | no_ctx=0.00 oracle=0.50 real_rag=0.50 | gc=0.00 | rag_trigger=4.00 | rag_emb_grad=4.69e-02
[2026-03-03 01:12:47] Step 8570/10000 | loss=0.5511 | mask=60.33% (active=979, masked=1489) | no_ctx=0.00 oracle=1.00 real_rag=0.00 | gc=0.00 | rag_trigger=4.00 | rag_emb_grad=1.34e-02
[2026-03-03 01:13:09] Step 8580/10000 | loss=0.5169 | mask=67.02% (active=1149, masked=2335) | no_ctx=0.00 oracle=0.50 real_rag=0.50 | gc=0.00 | rag_trigger=4.00 | rag_emb_grad=2.34e-02
[2026-03-03 01:13:32] Step 8590/10000 | loss=0.5478 | mask=64.68% (active=1605, masked=2939) | no_ctx=0.00 oracle=0.50 real_rag=0.50 | gc=0.00 | rag_trigger=4.00 | rag_emb_grad=3.04e-02
[2026-03-03 01:13:54] Step 8600/10000 | loss=0.5103 | lr=9.81e-06 | grad_norm=0.871 | mask=61.07% (active=1132, masked=1776) | no_ctx=0.00 oracle=0.75 real_rag=0.25 | gc=0.00 | rag_trigger=4.00 | rag_emb_grad=3.15e-02
[2026-03-03 01:14:16] Step 8610/10000 | loss=0.5248 | mask=69.16% (active=1500, masked=3364) | no_ctx=0.00 oracle=0.75 real_rag=0.25 | gc=0.00 | rag_trigger=4.00 | rag_emb_grad=1.29e-02
[2026-03-03 01:14:37] Step 8620/10000 | loss=0.5383 | mask=61.12% (active=1336, masked=2100) | no_ctx=0.00 oracle=0.75 real_rag=0.25 | gc=0.00 | rag_trigger=4.00 | rag_emb_grad=1.99e-02
[2026-03-03 01:14:57] Step 8630/10000 | loss=0.4517 | mask=61.06% (active=922, masked=1446) | no_ctx=0.00 oracle=0.75 real_rag=0.25 | gc=0.00 | rag_trigger=4.00 | rag_emb_grad=3.30e-02
[2026-03-03 01:15:16] Step 8640/10000 | loss=0.4273 | lr=9.80e-06 | grad_norm=1.008 | mask=55.06% (active=1109, masked=1359) | no_ctx=0.00 oracle=0.50 real_rag=0.50 | gc=0.00 | rag_trigger=4.00 | rag_emb_grad=3.86e-02
[2026-03-03 01:15:35] Step 8650/10000 | loss=0.4538 | mask=65.78% (active=1392, masked=2676) | no_ctx=0.00 oracle=1.00 real_rag=0.00 | gc=0.00 | rag_trigger=4.00 | rag_emb_grad=2.12e-02
[2026-03-03 01:15:56] Step 8660/10000 | loss=0.4659 | mask=56.79% (active=1196, masked=1572) | no_ctx=0.00 oracle=0.75 real_rag=0.25 | gc=0.00 | rag_trigger=4.00 | rag_emb_grad=1.97e-02
[2026-03-03 01:16:17] Step 8670/10000 | loss=0.4532 | mask=58.24% (active=1136, masked=1584) | no_ctx=0.00 oracle=1.00 real_rag=0.00 | gc=0.00 | rag_trigger=4.00 | rag_emb_grad=2.89e-02
[2026-03-03 01:16:40] Step 8680/10000 | loss=0.5353 | lr=9.80e-06 | grad_norm=0.945 | mask=58.35% (active=1361, masked=1907) | no_ctx=0.00 oracle=0.50 real_rag=0.50 | gc=0.00 | rag_trigger=4.00 | rag_emb_grad=3.20e-02
[2026-03-03 01:17:02] Step 8690/10000 | loss=0.4792 | mask=55.18% (active=1246, masked=1534) | no_ctx=0.00 oracle=0.75 real_rag=0.25 | gc=0.00 | rag_trigger=4.00 | rag_emb_grad=1.61e-02
[2026-03-03 01:17:23] Step 8700/10000 | loss=0.5030 | mask=47.77% (active=1521, masked=1391) | no_ctx=0.00 oracle=0.50 real_rag=0.50 | gc=0.00 | rag_trigger=4.00 | rag_emb_grad=2.14e-02
[2026-03-03 01:17:45] Step 8710/10000 | loss=0.5243 | mask=55.65% (active=1545, masked=1939) | no_ctx=0.00 oracle=1.00 real_rag=0.00 | gc=0.00 | rag_trigger=4.00 | rag_emb_grad=2.26e-02
[2026-03-03 01:18:06] Step 8720/10000 | loss=0.5267 | lr=9.80e-06 | grad_norm=0.914 | mask=55.45% (active=916, masked=1140) | no_ctx=0.00 oracle=0.75 real_rag=0.25 | gc=0.00 | rag_trigger=4.00 | rag_emb_grad=3.66e-02
[2026-03-03 01:18:25] Step 8730/10000 | loss=0.4174 | mask=59.50% (active=1338, masked=1966) | no_ctx=0.00 oracle=0.75 real_rag=0.25 | gc=0.00 | rag_trigger=4.00 | rag_emb_grad=2.20e-02
[2026-03-03 01:18:45] Step 8740/10000 | loss=0.3975 | mask=58.37% (active=1567, masked=2197) | no_ctx=0.00 oracle=0.75 real_rag=0.25 | gc=0.00 | rag_trigger=4.00 | rag_emb_grad=1.94e-02
[2026-03-03 01:19:05] Step 8750/10000 | loss=0.5587 | mask=45.83% (active=1625, masked=1375) | no_ctx=0.00 oracle=0.50 real_rag=0.50 | gc=0.00 | rag_trigger=4.00 | rag_emb_grad=2.39e-02
[2026-03-03 01:19:25] Step 8760/10000 | loss=0.4818 | lr=9.80e-06 | grad_norm=0.902 | mask=56.74% (active=1246, masked=1634) | no_ctx=0.00 oracle=1.00 real_rag=0.00 | gc=0.00 | rag_trigger=4.00 | rag_emb_grad=2.83e-02
[2026-03-03 01:19:46] Step 8770/10000 | loss=0.4555 | mask=52.77% (active=1638, masked=1830) | no_ctx=0.00 oracle=0.50 real_rag=0.50 | gc=0.00 | rag_trigger=4.00 | rag_emb_grad=1.56e-02
[2026-03-03 01:20:09] Step 8780/10000 | loss=0.6041 | mask=53.33% (active=1710, masked=1954) | no_ctx=0.00 oracle=0.75 real_rag=0.25 | gc=0.00 | rag_trigger=4.00 | rag_emb_grad=1.66e-02
[2026-03-03 01:20:30] Step 8790/10000 | loss=0.5486 | mask=55.35% (active=1409, masked=1747) | no_ctx=0.00 oracle=0.25 real_rag=0.75 | gc=0.00 | rag_trigger=4.00 | rag_emb_grad=2.92e-02
[2026-03-03 01:20:51] Step 8800/10000 | loss=0.4514 | lr=9.80e-06 | grad_norm=0.891 | mask=53.88% (active=1284, masked=1500) | no_ctx=0.00 oracle=0.50 real_rag=0.50 | gc=0.00 | rag_trigger=4.00 | rag_emb_grad=5.00e-02
[2026-03-03 01:21:10] Step 8810/10000 | loss=0.4712 | mask=60.89% (active=1336, masked=2080) | no_ctx=0.00 oracle=0.75 real_rag=0.25 | gc=0.00 | rag_trigger=4.00 | rag_emb_grad=1.33e-02
[2026-03-03 01:21:32] Step 8820/10000 | loss=0.5867 | mask=60.82% (active=920, masked=1428) | no_ctx=0.00 oracle=0.75 real_rag=0.25 | gc=0.00 | rag_trigger=4.00 | rag_emb_grad=2.10e-02
[2026-03-03 01:21:54] Step 8830/10000 | loss=0.5842 | mask=65.67% (active=1063, masked=2033) | no_ctx=0.00 oracle=0.75 real_rag=0.25 | gc=0.00 | rag_trigger=4.00 | rag_emb_grad=3.06e-02
[2026-03-03 01:22:14] Step 8840/10000 | loss=0.5208 | lr=9.79e-06 | grad_norm=1.070 | mask=57.30% (active=1276, masked=1712) | no_ctx=0.00 oracle=1.00 real_rag=0.00 | gc=0.00 | rag_trigger=4.00 | rag_emb_grad=3.47e-02
[2026-03-03 01:22:36] Step 8850/10000 | loss=0.5342 | mask=70.66% (active=770, masked=1854) | no_ctx=0.00 oracle=0.50 real_rag=0.50 | gc=0.00 | rag_trigger=4.00 | rag_emb_grad=3.47e-02
[2026-03-03 01:22:56] Step 8860/10000 | loss=0.4293 | mask=56.24% (active=1115, masked=1433) | no_ctx=0.00 oracle=0.75 real_rag=0.25 | gc=0.00 | rag_trigger=4.00 | rag_emb_grad=2.69e-02
[2026-03-03 01:23:17] Step 8870/10000 | loss=0.4741 | mask=56.26% (active=1412, masked=1816) | no_ctx=0.00 oracle=0.25 real_rag=0.75 | gc=0.00 | rag_trigger=4.00 | rag_emb_grad=2.42e-02
[2026-03-03 01:23:36] Step 8880/10000 | loss=0.4501 | lr=9.79e-06 | grad_norm=0.875 | mask=52.29% (active=1393, masked=1527) | no_ctx=0.00 oracle=1.00 real_rag=0.00 | gc=0.00 | rag_trigger=4.00 | rag_emb_grad=4.49e-02
[2026-03-03 01:23:56] Step 8890/10000 | loss=0.5518 | mask=60.01% (active=1638, masked=2458) | no_ctx=0.00 oracle=1.00 real_rag=0.00 | gc=0.00 | rag_trigger=4.00 | rag_emb_grad=1.17e-02
[2026-03-03 01:24:17] Step 8900/10000 | loss=0.4719 | mask=62.19% (active=1449, masked=2383) | no_ctx=0.00 oracle=0.75 real_rag=0.25 | gc=0.00 | rag_trigger=4.00 | rag_emb_grad=2.34e-02
[2026-03-03 01:24:35] Step 8910/10000 | loss=0.4796 | mask=52.34% (active=1142, masked=1254) | no_ctx=0.00 oracle=0.25 real_rag=0.75 | gc=0.00 | rag_trigger=4.00 | rag_emb_grad=4.08e-02
[2026-03-03 01:24:57] Step 8920/10000 | loss=0.5668 | lr=9.79e-06 | grad_norm=0.980 | mask=56.68% (active=1459, masked=1909) | no_ctx=0.00 oracle=0.75 real_rag=0.25 | gc=0.00 | rag_trigger=4.00 | rag_emb_grad=4.27e-02
[2026-03-03 01:25:17] Step 8930/10000 | loss=0.4905 | mask=53.14% (active=1565, masked=1775) | no_ctx=0.00 oracle=0.50 real_rag=0.50 | gc=0.00 | rag_trigger=4.00 | rag_emb_grad=1.26e-02
[2026-03-03 01:25:37] Step 8940/10000 | loss=0.5163 | mask=59.63% (active=1190, masked=1758) | no_ctx=0.00 oracle=1.00 real_rag=0.00 | gc=0.00 | rag_trigger=4.00 | rag_emb_grad=2.20e-02
[2026-03-03 01:25:59] Step 8950/10000 | loss=0.4913 | mask=61.50% (active=1155, masked=1845) | no_ctx=0.00 oracle=0.50 real_rag=0.50 | gc=0.00 | rag_trigger=4.00 | rag_emb_grad=3.32e-02
[2026-03-03 01:26:19] Step 8960/10000 | loss=0.5215 | lr=9.79e-06 | grad_norm=0.914 | mask=58.34% (active=1568, masked=2196) | no_ctx=0.00 oracle=1.00 real_rag=0.00 | gc=0.00 | rag_trigger=4.00 | rag_emb_grad=4.64e-02
[2026-03-03 01:26:41] Step 8970/10000 | loss=0.5667 | mask=58.85% (active=1213, masked=1735) | no_ctx=0.00 oracle=0.00 real_rag=1.00 | gc=0.00 | rag_trigger=4.00 | rag_emb_grad=1.34e-02
[2026-03-03 01:27:01] Step 8980/10000 | loss=0.4919 | mask=55.59% (active=1231, masked=1541) | no_ctx=0.00 oracle=0.75 real_rag=0.25 | gc=0.00 | rag_trigger=4.00 | rag_emb_grad=2.95e-02
[2026-03-03 01:27:20] Step 8990/10000 | loss=0.4382 | mask=57.34% (active=1343, masked=1805) | no_ctx=0.00 oracle=1.00 real_rag=0.00 | gc=0.00 | rag_trigger=4.00 | rag_emb_grad=2.65e-02
[2026-03-03 01:27:43] Step 9000/10000 | loss=0.5453 | lr=9.78e-06 | grad_norm=0.949 | mask=55.11% (active=1160, masked=1424) | no_ctx=0.00 oracle=1.00 real_rag=0.00 | gc=0.00 | rag_trigger=4.00 | rag_emb_grad=3.30e-02
[2026-03-03 01:28:29] Saved: results/rag_oracle_20260302_195748/P14_rag_token_oracle07_noctx0_70b/checkpoints/step_9000
[2026-03-03 01:28:50] Step 9010/10000 | loss=0.5217 | mask=62.85% (active=1269, masked=2147) | no_ctx=0.00 oracle=0.75 real_rag=0.25 | gc=0.00 | rag_trigger=4.00 | rag_emb_grad=1.45e-02
[2026-03-03 01:29:12] Step 9020/10000 | loss=0.4735 | mask=57.85% (active=1187, masked=1629) | no_ctx=0.00 oracle=1.00 real_rag=0.00 | gc=0.00 | rag_trigger=4.00 | rag_emb_grad=2.28e-02
[2026-03-03 01:29:33] Step 9030/10000 | loss=0.4807 | mask=59.76% (active=1225, masked=1819) | no_ctx=0.00 oracle=0.25 real_rag=0.75 | gc=0.00 | rag_trigger=4.00 | rag_emb_grad=2.23e-02
[2026-03-03 01:29:54] Step 9040/10000 | loss=0.5484 | lr=9.78e-06 | grad_norm=0.980 | mask=65.09% (active=1085, masked=2023) | no_ctx=0.00 oracle=0.50 real_rag=0.50 | gc=0.00 | rag_trigger=4.00 | rag_emb_grad=3.66e-02
[2026-03-03 01:30:14] Step 9050/10000 | loss=0.4733 | mask=54.32% (active=1458, masked=1734) | no_ctx=0.00 oracle=1.00 real_rag=0.00 | gc=0.00 | rag_trigger=4.00 | rag_emb_grad=1.70e-02
[2026-03-03 01:30:35] Step 9060/10000 | loss=0.4710 | mask=55.25% (active=1654, masked=2042) | no_ctx=0.00 oracle=0.50 real_rag=0.50 | gc=0.00 | rag_trigger=4.00 | rag_emb_grad=1.70e-02
[2026-03-03 01:30:57] Step 9070/10000 | loss=0.4997 | mask=54.91% (active=1477, masked=1799) | no_ctx=0.00 oracle=0.50 real_rag=0.50 | gc=0.00 | rag_trigger=4.00 | rag_emb_grad=2.94e-02
[2026-03-03 01:31:16] Step 9080/10000 | loss=0.4307 | lr=9.78e-06 | grad_norm=0.875 | mask=58.23% (active=954, masked=1330) | no_ctx=0.00 oracle=1.00 real_rag=0.00 | gc=0.00 | rag_trigger=4.00 | rag_emb_grad=2.15e-02
[2026-03-03 01:31:37] Step 9090/10000 | loss=0.5183 | mask=64.66% (active=1008, masked=1844) | no_ctx=0.00 oracle=1.00 real_rag=0.00 | gc=0.00 | rag_trigger=3.75 | rag_emb_grad=2.12e-02
[2026-03-03 01:31:57] Step 9100/10000 | loss=0.4567 | mask=57.72% (active=1106, masked=1510) | no_ctx=0.00 oracle=0.75 real_rag=0.25 | gc=0.00 | rag_trigger=4.00 | rag_emb_grad=2.37e-02
[2026-03-03 01:32:19] Step 9110/10000 | loss=0.4905 | mask=65.41% (active=1392, masked=2632) | no_ctx=0.00 oracle=1.00 real_rag=0.00 | gc=0.00 | rag_trigger=4.00 | rag_emb_grad=3.30e-02
[2026-03-03 01:32:41] Step 9120/10000 | loss=0.5597 | lr=9.78e-06 | grad_norm=0.965 | mask=58.82% (active=1540, masked=2200) | no_ctx=0.00 oracle=0.75 real_rag=0.25 | gc=0.00 | rag_trigger=4.00 | rag_emb_grad=3.52e-02
[2026-03-03 01:33:02] Step 9130/10000 | loss=0.4545 | mask=64.58% (active=1108, masked=2020) | no_ctx=0.00 oracle=0.25 real_rag=0.75 | gc=0.00 | rag_trigger=4.00 | rag_emb_grad=1.40e-02
[2026-03-03 01:33:23] Step 9140/10000 | loss=0.5146 | mask=60.21% (active=1119, masked=1693) | no_ctx=0.00 oracle=0.50 real_rag=0.50 | gc=0.00 | rag_trigger=4.00 | rag_emb_grad=2.72e-02
[2026-03-03 01:33:43] Step 9150/10000 | loss=0.4911 | mask=48.91% (active=1833, masked=1755) | no_ctx=0.00 oracle=1.00 real_rag=0.00 | gc=0.00 | rag_trigger=4.00 | rag_emb_grad=1.71e-02
[2026-03-03 01:34:05] Step 9160/10000 | loss=0.5628 | lr=9.77e-06 | grad_norm=0.965 | mask=57.98% (active=1738, masked=2398) | no_ctx=0.00 oracle=1.00 real_rag=0.00 | gc=0.00 | rag_trigger=4.00 | rag_emb_grad=3.25e-02
[2026-03-03 01:34:24] Step 9170/10000 | loss=0.5019 | mask=60.83% (active=1158, masked=1798) | no_ctx=0.00 oracle=0.75 real_rag=0.25 | gc=0.00 | rag_trigger=4.00 | rag_emb_grad=1.70e-02
[2026-03-03 01:34:44] Step 9180/10000 | loss=0.4508 | mask=61.89% (active=1445, masked=2347) | no_ctx=0.00 oracle=0.75 real_rag=0.25 | gc=0.00 | rag_trigger=4.00 | rag_emb_grad=2.10e-02
[2026-03-03 01:35:03] Step 9190/10000 | loss=0.4255 | mask=53.23% (active=1592, masked=1812) | no_ctx=0.00 oracle=1.00 real_rag=0.00 | gc=0.00 | rag_trigger=4.00 | rag_emb_grad=2.93e-02
[2026-03-03 01:35:24] Step 9200/10000 | loss=0.4943 | lr=9.77e-06 | grad_norm=0.953 | mask=60.07% (active=1313, masked=1975) | no_ctx=0.00 oracle=0.25 real_rag=0.75 | gc=0.00 | rag_trigger=4.00 | rag_emb_grad=3.93e-02
[2026-03-03 01:35:44] Step 9210/10000 | loss=0.5344 | mask=54.48% (active=1553, masked=1859) | no_ctx=0.00 oracle=1.00 real_rag=0.00 | gc=0.00 | rag_trigger=4.00 | rag_emb_grad=1.31e-02
[2026-03-03 01:36:04] Step 9220/10000 | loss=0.4566 | mask=67.76% (active=855, masked=1797) | no_ctx=0.00 oracle=1.00 real_rag=0.00 | gc=0.00 | rag_trigger=4.00 | rag_emb_grad=2.22e-02
[2026-03-03 01:36:26] Step 9230/10000 | loss=0.5678 | mask=57.54% (active=1255, masked=1701) | no_ctx=0.00 oracle=0.75 real_rag=0.25 | gc=0.00 | rag_trigger=4.00 | rag_emb_grad=3.83e-02
[2026-03-03 01:36:46] Step 9240/10000 | loss=0.4755 | lr=9.77e-06 | grad_norm=0.906 | mask=58.03% (active=1311, masked=1813) | no_ctx=0.00 oracle=0.50 real_rag=0.50 | gc=0.00 | rag_trigger=4.00 | rag_emb_grad=3.49e-02
[2026-03-03 01:37:07] Step 9250/10000 | loss=0.5711 | mask=63.44% (active=1031, masked=1789) | no_ctx=0.00 oracle=0.25 real_rag=0.75 | gc=0.00 | rag_trigger=4.00 | rag_emb_grad=1.62e-02
[2026-03-03 01:37:28] Step 9260/10000 | loss=0.5176 | mask=58.84% (active=1373, masked=1963) | no_ctx=0.00 oracle=0.75 real_rag=0.25 | gc=0.00 | rag_trigger=4.00 | rag_emb_grad=2.27e-02
[2026-03-03 01:37:49] Step 9270/10000 | loss=0.5277 | mask=51.37% (active=1309, masked=1383) | no_ctx=0.00 oracle=1.00 real_rag=0.00 | gc=0.00 | rag_trigger=4.00 | rag_emb_grad=2.25e-02
[2026-03-03 01:38:10] Step 9280/10000 | loss=0.5434 | lr=9.77e-06 | grad_norm=0.879 | mask=54.19% (active=1653, masked=1955) | no_ctx=0.00 oracle=0.50 real_rag=0.50 | gc=0.00 | rag_trigger=4.00 | rag_emb_grad=2.33e-02
[2026-03-03 01:38:31] Step 9290/10000 | loss=0.4733 | mask=57.47% (active=1327, masked=1793) | no_ctx=0.00 oracle=0.75 real_rag=0.25 | gc=0.00 | rag_trigger=4.00 | rag_emb_grad=1.45e-02
[2026-03-03 01:38:50] Step 9300/10000 | loss=0.4277 | mask=62.40% (active=1149, masked=1907) | no_ctx=0.00 oracle=0.75 real_rag=0.25 | gc=0.00 | rag_trigger=4.00 | rag_emb_grad=2.58e-02
[2026-03-03 01:39:11] Step 9310/10000 | loss=0.5101 | mask=53.56% (active=1642, masked=1894) | no_ctx=0.00 oracle=0.50 real_rag=0.50 | gc=0.00 | rag_trigger=4.00 | rag_emb_grad=3.05e-02
[2026-03-03 01:39:31] Step 9320/10000 | loss=0.5028 | lr=9.77e-06 | grad_norm=1.000 | mask=56.05% (active=1185, masked=1511) | no_ctx=0.00 oracle=0.75 real_rag=0.25 | gc=0.00 | rag_trigger=4.00 | rag_emb_grad=4.93e-02
[2026-03-03 01:39:50] Step 9330/10000 | loss=0.5247 | mask=58.83% (active=914, masked=1306) | no_ctx=0.00 oracle=0.75 real_rag=0.25 | gc=0.00 | rag_trigger=4.00 | rag_emb_grad=2.23e-02
[2026-03-03 01:40:12] Step 9340/10000 | loss=0.5079 | mask=61.27% (active=1639, masked=2593) | no_ctx=0.00 oracle=0.50 real_rag=0.50 | gc=0.00 | rag_trigger=4.00 | rag_emb_grad=2.39e-02
[2026-03-03 01:40:33] Step 9350/10000 | loss=0.4917 | mask=61.94% (active=1061, masked=1727) | no_ctx=0.00 oracle=0.50 real_rag=0.50 | gc=0.00 | rag_trigger=4.00 | rag_emb_grad=3.12e-02
[2026-03-03 01:40:54] Step 9360/10000 | loss=0.6156 | lr=9.76e-06 | grad_norm=0.992 | mask=59.82% (active=1239, masked=1845) | no_ctx=0.00 oracle=0.25 real_rag=0.75 | gc=0.00 | rag_trigger=4.00 | rag_emb_grad=4.71e-02
[2026-03-03 01:41:15] Step 9370/10000 | loss=0.5184 | mask=62.92% (active=1179, masked=2001) | no_ctx=0.00 oracle=0.75 real_rag=0.25 | gc=0.00 | rag_trigger=4.00 | rag_emb_grad=1.99e-02
[2026-03-03 01:41:35] Step 9380/10000 | loss=0.5655 | mask=63.78% (active=1298, masked=2286) | no_ctx=0.00 oracle=0.75 real_rag=0.25 | gc=0.00 | rag_trigger=4.00 | rag_emb_grad=2.59e-02
[2026-03-03 01:41:56] Step 9390/10000 | loss=0.5373 | mask=53.85% (active=1796, masked=2096) | no_ctx=0.00 oracle=0.75 real_rag=0.25 | gc=0.00 | rag_trigger=4.00 | rag_emb_grad=2.77e-02
[2026-03-03 01:42:17] Step 9400/10000 | loss=0.4721 | lr=9.76e-06 | grad_norm=0.871 | mask=54.57% (active=1212, masked=1456) | no_ctx=0.00 oracle=0.75 real_rag=0.25 | gc=0.00 | rag_trigger=4.00 | rag_emb_grad=4.59e-02
[2026-03-03 01:42:37] Step 9410/10000 | loss=0.3560 | mask=57.74% (active=923, masked=1261) | no_ctx=0.00 oracle=0.50 real_rag=0.50 | gc=0.00 | rag_trigger=4.00 | rag_emb_grad=2.31e-02
[2026-03-03 01:42:57] Step 9420/10000 | loss=0.5273 | mask=56.88% (active=1323, masked=1745) | no_ctx=0.00 oracle=1.00 real_rag=0.00 | gc=0.00 | rag_trigger=4.00 | rag_emb_grad=3.08e-02
[2026-03-03 01:43:18] Step 9430/10000 | loss=0.5459 | mask=61.10% (active=1405, masked=2207) | no_ctx=0.00 oracle=0.25 real_rag=0.75 | gc=0.00 | rag_trigger=4.00 | rag_emb_grad=3.05e-02
[2026-03-03 01:43:40] Step 9440/10000 | loss=0.5597 | lr=9.76e-06 | grad_norm=0.988 | mask=49.65% (active=1446, masked=1426) | no_ctx=0.00 oracle=0.50 real_rag=0.50 | gc=0.00 | rag_trigger=4.00 | rag_emb_grad=3.54e-02
[2026-03-03 01:44:01] Step 9450/10000 | loss=0.4893 | mask=51.51% (active=1707, masked=1813) | no_ctx=0.00 oracle=1.00 real_rag=0.00 | gc=0.00 | rag_trigger=4.00 | rag_emb_grad=1.32e-02
[2026-03-03 01:44:22] Step 9460/10000 | loss=0.6348 | mask=51.86% (active=1554, masked=1674) | no_ctx=0.00 oracle=1.00 real_rag=0.00 | gc=0.00 | rag_trigger=4.00 | rag_emb_grad=2.69e-02
[2026-03-03 01:44:44] Step 9470/10000 | loss=0.4321 | mask=61.38% (active=1483, masked=2357) | no_ctx=0.00 oracle=0.50 real_rag=0.50 | gc=0.00 | rag_trigger=4.00 | rag_emb_grad=9.67e-02
[2026-03-03 01:45:07] Step 9480/10000 | loss=0.5684 | lr=9.76e-06 | grad_norm=0.863 | mask=58.45% (active=1494, masked=2102) | no_ctx=0.00 oracle=0.75 real_rag=0.25 | gc=0.00 | rag_trigger=4.00 | rag_emb_grad=2.67e-02
[2026-03-03 01:45:27] Step 9490/10000 | loss=0.5079 | mask=60.94% (active=1550, masked=2418) | no_ctx=0.00 oracle=0.50 real_rag=0.50 | gc=0.00 | rag_trigger=4.00 | rag_emb_grad=1.75e-02
[2026-03-03 01:45:48] Step 9500/10000 | loss=0.5434 | mask=67.32% (active=1000, masked=2060) | no_ctx=0.00 oracle=0.50 real_rag=0.50 | gc=0.00 | rag_trigger=4.00 | rag_emb_grad=1.94e-02
[2026-03-03 01:46:23] Saved: results/rag_oracle_20260302_195748/P14_rag_token_oracle07_noctx0_70b/checkpoints/step_9500
[2026-03-03 01:46:46] Step 9510/10000 | loss=0.4326 | mask=60.74% (active=1867, masked=2889) | no_ctx=0.00 oracle=1.00 real_rag=0.00 | gc=0.00 | rag_trigger=4.00 | rag_emb_grad=2.49e-02
[2026-03-03 01:47:06] Step 9520/10000 | loss=0.4532 | lr=9.75e-06 | grad_norm=0.953 | mask=51.88% (active=1942, masked=2094) | no_ctx=0.00 oracle=0.25 real_rag=0.75 | gc=0.00 | rag_trigger=4.00 | rag_emb_grad=4.91e-02
[2026-03-03 01:47:26] Step 9530/10000 | loss=0.4769 | mask=57.34% (active=1099, masked=1477) | no_ctx=0.00 oracle=1.00 real_rag=0.00 | gc=0.00 | rag_trigger=4.00 | rag_emb_grad=1.72e-02
[2026-03-03 01:47:47] Step 9540/10000 | loss=0.4618 | mask=60.84% (active=1145, masked=1779) | no_ctx=0.00 oracle=0.50 real_rag=0.50 | gc=0.00 | rag_trigger=4.00 | rag_emb_grad=2.29e-02
[2026-03-03 01:48:11] Step 9550/10000 | loss=0.5909 | mask=62.17% (active=1799, masked=2957) | no_ctx=0.00 oracle=0.50 real_rag=0.50 | gc=0.00 | rag_trigger=4.00 | rag_emb_grad=2.77e-02
[2026-03-03 01:48:33] Step 9560/10000 | loss=0.5230 | lr=9.75e-06 | grad_norm=1.023 | mask=60.31% (active=1443, masked=2193) | no_ctx=0.00 oracle=0.00 real_rag=1.00 | gc=0.00 | rag_trigger=4.00 | rag_emb_grad=4.10e-02
[2026-03-03 01:48:53] Step 9570/10000 | loss=0.4769 | mask=59.97% (active=1244, masked=1864) | no_ctx=0.00 oracle=0.75 real_rag=0.25 | gc=0.00 | rag_trigger=4.00 | rag_emb_grad=1.67e-02
[2026-03-03 01:49:16] Step 9580/10000 | loss=0.4906 | mask=61.31% (active=1215, masked=1925) | no_ctx=0.00 oracle=0.50 real_rag=0.50 | gc=0.00 | rag_trigger=4.00 | rag_emb_grad=1.86e-02
[2026-03-03 01:49:39] Step 9590/10000 | loss=0.5814 | mask=54.74% (active=1202, masked=1454) | no_ctx=0.00 oracle=0.75 real_rag=0.25 | gc=0.00 | rag_trigger=4.00 | rag_emb_grad=2.86e-02
[2026-03-03 01:50:01] Step 9600/10000 | loss=0.5448 | lr=9.75e-06 | grad_norm=0.996 | mask=59.73% (active=1192, masked=1768) | no_ctx=0.00 oracle=0.50 real_rag=0.50 | gc=0.00 | rag_trigger=4.00 | rag_emb_grad=4.49e-02
[2026-03-03 01:50:23] Step 9610/10000 | loss=0.5344 | mask=62.81% (active=1422, masked=2402) | no_ctx=0.00 oracle=0.25 real_rag=0.75 | gc=0.00 | rag_trigger=4.00 | rag_emb_grad=1.70e-02
[2026-03-03 01:50:43] Step 9620/10000 | loss=0.5015 | mask=57.32% (active=1161, masked=1559) | no_ctx=0.00 oracle=0.75 real_rag=0.25 | gc=0.00 | rag_trigger=4.00 | rag_emb_grad=2.48e-02
[2026-03-03 01:51:03] Step 9630/10000 | loss=0.4152 | mask=61.63% (active=1690, masked=2714) | no_ctx=0.00 oracle=0.75 real_rag=0.25 | gc=0.00 | rag_trigger=4.00 | rag_emb_grad=3.08e-02
[2026-03-03 01:51:24] Step 9640/10000 | loss=0.5148 | lr=9.75e-06 | grad_norm=1.211 | mask=52.34% (active=1565, masked=1719) | no_ctx=0.00 oracle=0.75 real_rag=0.25 | gc=0.00 | rag_trigger=4.00 | rag_emb_grad=7.03e-02
[2026-03-03 01:51:46] Step 9650/10000 | loss=0.5193 | mask=65.30% (active=1639, masked=3085) | no_ctx=0.00 oracle=0.50 real_rag=0.50 | gc=0.00 | rag_trigger=4.00 | rag_emb_grad=1.75e-02
[2026-03-03 01:52:07] Step 9660/10000 | loss=0.4421 | mask=61.78% (active=1298, masked=2098) | no_ctx=0.00 oracle=0.75 real_rag=0.25 | gc=0.00 | rag_trigger=4.00 | rag_emb_grad=1.65e-02
[2026-03-03 01:52:26] Step 9670/10000 | loss=0.3892 | mask=54.29% (active=1439, masked=1709) | no_ctx=0.00 oracle=1.00 real_rag=0.00 | gc=0.00 | rag_trigger=4.00 | rag_emb_grad=3.52e-02
[2026-03-03 01:52:46] Step 9680/10000 | loss=0.4777 | lr=9.74e-06 | grad_norm=0.910 | mask=61.78% (active=934, masked=1510) | no_ctx=0.00 oracle=1.00 real_rag=0.00 | gc=0.00 | rag_trigger=4.00 | rag_emb_grad=2.91e-02
[2026-03-03 01:53:06] Step 9690/10000 | loss=0.4868 | mask=56.30% (active=1367, masked=1761) | no_ctx=0.00 oracle=0.50 real_rag=0.50 | gc=0.00 | rag_trigger=4.00 | rag_emb_grad=1.28e-02
[2026-03-03 01:53:27] Step 9700/10000 | loss=0.6627 | mask=63.53% (active=849, masked=1479) | no_ctx=0.00 oracle=1.00 real_rag=0.00 | gc=0.00 | rag_trigger=4.00 | rag_emb_grad=2.93e-02
[2026-03-03 01:53:49] Step 9710/10000 | loss=0.5405 | mask=64.51% (active=1397, masked=2539) | no_ctx=0.00 oracle=0.75 real_rag=0.25 | gc=0.00 | rag_trigger=4.00 | rag_emb_grad=2.59e-02
[2026-03-03 01:54:10] Step 9720/10000 | loss=0.5216 | lr=9.74e-06 | grad_norm=0.922 | mask=62.73% (active=1625, masked=2735) | no_ctx=0.00 oracle=1.00 real_rag=0.00 | gc=0.00 | rag_trigger=4.00 | rag_emb_grad=5.15e-02
[2026-03-03 01:54:32] Step 9730/10000 | loss=0.5328 | mask=54.43% (active=1172, masked=1400) | no_ctx=0.00 oracle=1.00 real_rag=0.00 | gc=0.00 | rag_trigger=4.00 | rag_emb_grad=1.60e-02
[2026-03-03 01:54:53] Step 9740/10000 | loss=0.4760 | mask=59.29% (active=1293, masked=1883) | no_ctx=0.00 oracle=0.50 real_rag=0.50 | gc=0.00 | rag_trigger=4.00 | rag_emb_grad=4.39e-02
[2026-03-03 01:55:12] Step 9750/10000 | loss=0.4501 | mask=56.48% (active=1304, masked=1692) | no_ctx=0.00 oracle=0.50 real_rag=0.50 | gc=0.00 | rag_trigger=4.00 | rag_emb_grad=3.66e-02
[2026-03-03 01:55:34] Step 9760/10000 | loss=0.4790 | lr=9.74e-06 | grad_norm=0.855 | mask=60.81% (active=1812, masked=2812) | no_ctx=0.00 oracle=1.00 real_rag=0.00 | gc=0.00 | rag_trigger=4.00 | rag_emb_grad=3.52e-02
[2026-03-03 01:55:54] Step 9770/10000 | loss=0.5260 | mask=56.92% (active=1313, masked=1735) | no_ctx=0.00 oracle=1.00 real_rag=0.00 | gc=0.00 | rag_trigger=4.00 | rag_emb_grad=1.45e-02
[2026-03-03 01:56:15] Step 9780/10000 | loss=0.5280 | mask=60.54% (active=1351, masked=2073) | no_ctx=0.00 oracle=0.75 real_rag=0.25 | gc=0.00 | rag_trigger=4.00 | rag_emb_grad=2.66e-02
[2026-03-03 01:56:38] Step 9790/10000 | loss=0.5086 | mask=59.97% (active=1614, masked=2418) | no_ctx=0.00 oracle=1.00 real_rag=0.00 | gc=0.00 | rag_trigger=4.00 | rag_emb_grad=3.11e-02
[2026-03-03 01:57:00] Step 9800/10000 | loss=0.5188 | lr=9.74e-06 | grad_norm=0.891 | mask=54.11% (active=2109, masked=2487) | no_ctx=0.00 oracle=1.00 real_rag=0.00 | gc=0.00 | rag_trigger=4.00 | rag_emb_grad=2.48e-02
[2026-03-03 01:57:19] Step 9810/10000 | loss=0.4347 | mask=55.09% (active=1421, masked=1743) | no_ctx=0.00 oracle=0.75 real_rag=0.25 | gc=0.00 | rag_trigger=4.00 | rag_emb_grad=1.46e-02
[2026-03-03 01:57:37] Step 9820/10000 | loss=0.4004 | mask=57.83% (active=1034, masked=1418) | no_ctx=0.00 oracle=0.50 real_rag=0.50 | gc=0.00 | rag_trigger=4.00 | rag_emb_grad=2.78e-02
[2026-03-03 01:57:57] Step 9830/10000 | loss=0.5078 | mask=63.04% (active=1406, masked=2398) | no_ctx=0.00 oracle=0.50 real_rag=0.50 | gc=0.00 | rag_trigger=4.00 | rag_emb_grad=2.83e-02
[2026-03-03 01:58:18] Step 9840/10000 | loss=0.4234 | lr=9.73e-06 | grad_norm=0.871 | mask=52.98% (active=1437, masked=1619) | no_ctx=0.00 oracle=0.75 real_rag=0.25 | gc=0.00 | rag_trigger=4.00 | rag_emb_grad=4.25e-02
[2026-03-03 01:58:36] Step 9850/10000 | loss=0.4204 | mask=68.16% (active=1098, masked=2350) | no_ctx=0.00 oracle=0.75 real_rag=0.25 | gc=0.00 | rag_trigger=4.00 | rag_emb_grad=2.14e-02
[2026-03-03 01:58:56] Step 9860/10000 | loss=0.4696 | mask=67.42% (active=1268, masked=2624) | no_ctx=0.00 oracle=0.25 real_rag=0.75 | gc=0.00 | rag_trigger=4.00 | rag_emb_grad=2.09e-02
[2026-03-03 01:59:17] Step 9870/10000 | loss=0.4592 | mask=56.50% (active=1185, masked=1539) | no_ctx=0.00 oracle=0.50 real_rag=0.50 | gc=0.00 | rag_trigger=4.00 | rag_emb_grad=4.83e-02
[2026-03-03 01:59:41] Step 9880/10000 | loss=0.5452 | lr=9.73e-06 | grad_norm=0.938 | mask=66.25% (active=1447, masked=2841) | no_ctx=0.00 oracle=1.00 real_rag=0.00 | gc=0.00 | rag_trigger=4.00 | rag_emb_grad=2.70e-02
[2026-03-03 02:00:04] Step 9890/10000 | loss=0.5557 | mask=61.50% (active=1457, masked=2327) | no_ctx=0.00 oracle=1.00 real_rag=0.00 | gc=0.00 | rag_trigger=4.00 | rag_emb_grad=1.50e-02
[2026-03-03 02:00:25] Step 9900/10000 | loss=0.4867 | mask=50.78% (active=1699, masked=1753) | no_ctx=0.00 oracle=0.75 real_rag=0.25 | gc=0.00 | rag_trigger=4.00 | rag_emb_grad=4.39e-02
[2026-03-03 02:00:47] Step 9910/10000 | loss=0.4583 | mask=60.22% (active=1537, masked=2327) | no_ctx=0.00 oracle=0.50 real_rag=0.50 | gc=0.00 | rag_trigger=4.00 | rag_emb_grad=3.88e-02
[2026-03-03 02:01:07] Step 9920/10000 | loss=0.4215 | lr=9.73e-06 | grad_norm=0.848 | mask=59.47% (active=1229, masked=1803) | no_ctx=0.00 oracle=0.50 real_rag=0.50 | gc=0.00 | rag_trigger=4.00 | rag_emb_grad=4.13e-02
[2026-03-03 02:01:28] Step 9930/10000 | loss=0.5098 | mask=55.45% (active=1488, masked=1852) | no_ctx=0.00 oracle=1.00 real_rag=0.00 | gc=0.00 | rag_trigger=4.00 | rag_emb_grad=1.33e-02
[2026-03-03 02:01:49] Step 9940/10000 | loss=0.4584 | mask=69.88% (active=1511, masked=3505) | no_ctx=0.00 oracle=0.75 real_rag=0.25 | gc=0.00 | rag_trigger=4.00 | rag_emb_grad=2.47e-02
[2026-03-03 02:02:11] Step 9950/10000 | loss=0.6087 | mask=56.82% (active=1392, masked=1832) | no_ctx=0.00 oracle=0.25 real_rag=0.75 | gc=0.00 | rag_trigger=4.00 | rag_emb_grad=3.61e-02
[2026-03-03 02:02:34] Step 9960/10000 | loss=0.5210 | lr=9.72e-06 | grad_norm=0.828 | mask=56.07% (active=1504, masked=1920) | no_ctx=0.00 oracle=0.25 real_rag=0.75 | gc=0.00 | rag_trigger=4.00 | rag_emb_grad=2.65e-02
[2026-03-03 02:02:55] Step 9970/10000 | loss=0.4691 | mask=64.96% (active=1431, masked=2653) | no_ctx=0.00 oracle=0.50 real_rag=0.50 | gc=0.00 | rag_trigger=4.00 | rag_emb_grad=1.59e-02
[2026-03-03 02:03:18] Step 9980/10000 | loss=0.5317 | mask=59.00% (active=1576, masked=2268) | no_ctx=0.00 oracle=0.50 real_rag=0.50 | gc=0.00 | rag_trigger=4.00 | rag_emb_grad=2.99e-02
[2026-03-03 02:03:39] Step 9990/10000 | loss=0.4497 | mask=59.91% (active=1278, masked=1910) | no_ctx=0.00 oracle=0.75 real_rag=0.25 | gc=0.00 | rag_trigger=4.00 | rag_emb_grad=3.05e-02
[2026-03-03 02:04:02] Step 10000/10000 | loss=0.4935 | lr=9.72e-06 | grad_norm=1.070 | mask=63.50% (active=1374, masked=2390) | no_ctx=0.00 oracle=0.75 real_rag=0.25 | gc=0.00 | rag_trigger=4.00 | rag_emb_grad=4.54e-02
[2026-03-03 02:04:35] Saved: results/rag_oracle_20260302_195748/P14_rag_token_oracle07_noctx0_70b/checkpoints/step_10000
[2026-03-03 02:05:04] Training complete! Final: results/rag_oracle_20260302_195748/P14_rag_token_oracle07_noctx0_70b/checkpoints/step_10000
